0,0,0,0,0,2,0,0,0,0,0,1,0,0,0,0,0,0,0,0,0,40,47,8,0,1,7,0
0,0,0,0,0,1,1,0,0,0,0,1,0,0,0,0,0,0,0,0,0,42,47,6,0,9,0,0
0,0,0,0,0,1,0,0,0,0,0,1,0,0,0,0,0,0,0,0,0,39,48,8,0,9,0,0
0,0,0,0,0,1,1,0,0,0,0,1,0,0,0,0,0,0,0,0,0,37,51,7,0,9,0,0
0,0,0,0,0,1,1,0,0,0,0,1,0,0,0,0,0,0,0,0,0,34,47,14,0,9,0,0
0,0,0,0,0,0,0,0,0,0,0,0,0,0,0,0,0,0,0,0,0,0,0,0,0,0,0,0
0,0,0,0,0,0,0,0,0,0,0,0,0,0,0,0,0,0,0,0,0,0,0,0,0,0,0,0
0,0,0,0,0,1,0,0,0,0,0,1,0,0,0,0,0,0,0,0,0,37,47,11,0,4,5,0
0,0,0,0,0,2,0,0,0,0,0,1,0,0,0,0,0,0,0,0,0,33,48,14,0,6,3,0
0,0,0,0,0,1,1,0,0,0,0,1,0,0,0,0,0,0,0,0,0,31,55,9,0,9,0,0
0,0,0,0,0,1,0,0,0,0,0,1,0,0,0,0,0,0,0,0,0,56,33,6,0,2,3,4
0,0,0,0,0,1,1,0,0,0,0,1,0,0,0,0,0,0,0,0,0,30,58,7,0,0,9,0
0,0,0,0,0,0,0,0,0,0,0,0,0,0,0,0,0,0,0,0,0,0,0,0,0,0,0,0
0,0,0,0,0,0,0,0,0,0,0,0,0,0,0,0,0,0,0,0,0,0,0,0,0,0,0,0
0,0,0,0,0,1,1,1,0,0,0,1,0,0,0,0,0,0,0,0,0,32,46,17,0,0,8,0
0,0,0,0,0,2,0,0,1,0,0,1,0,0,0,0,0,0,0,0,0,32,49,14,0,0,9,0
0,0,0,0,0,1,1,0,0,0,0,1,0,0,0,0,0,0,0,0,0,40,48,7,0,1,7,1
0,0,0,0,0,2,0,0,0,0,0,1,0,0,0,0,0,0,0,0,0,0,83,12,0,0,5,4
0,0,0,0,0,1,0,0,0,0,0,1,0,0,0,0,0,0,0,0,0,45,41,9,0,9,0,0
0,0,0,0,0,0,0,0,0,0,0,0,0,0,0,0,0,0,0,0,0,0,0,0,0,0,0,0
0,0,0,0,0,0,0,0,0,0,0,0,0,0,0,0,0,0,0,0,0,0,0,0,0,0,0,0
0,0,0,0,0,1,0,0,0,0,0,1,0,0,0,0,0,0,0,0,0,52,36,7,0,9,0,0
0,0,0,0,0,2,0,0,0,0,0,1,0,0,0,0,0,0,0,0,0,39,49,7,0,0,9,0
0,0,0,0,0,1,0,0,0,0,0,1,0,0,0,0,0,0,0,0,0,35,40,20,0,5,3,0
0,0,0,0,0,1,0,0,0,0,0,1,0,0,0,0,0,0,0,0,0,42,39,14,0,0,6,3
0,0,0,0,0,1,1,0,0,0,0,1,0,0,0,0,0,0,0,0,0,39,42,14,0,1,8,0
0,0,0,0,0,0,0,0,0,0,0,0,0,0,0,0,0,0,0,0,0,0,0,0,0,0,0,0
0,0,0,0,0,0,0,0,0,0,0,0,0,0,0,0,0,0,0,0,0,0,0,0,0,0,0,0
0,0,0,0,0,1,1,0,0,0,0,1,0,0,0,0,0,0,0,0,0,30,54,11,0,0,9,0
0,0,0,0,0,1,1,0,0,0,0,1,0,0,0,0,0,0,0,0,0,35,54,6,0,0,9,0
0,0,0,0,0,1,1,0,0,0,0,1,0,0,0,0,0,0,0,0,0,48,29,18,0,3,5,0
0,0,0,0,0,2,0,0,0,0,0,1,0,0,0,0,0,0,0,0,0,10,68,17,0,0,6,0
0,0,0,0,0,1,0,0,0,0,0,1,0,0,0,0,0,0,0,0,0,27,59,9,0,2,7,0
0,0,0,0,0,0,0,0,0,0,0,0,0,0,0,0,0,0,0,0,0,0,0,0,0,0,0,0
0,0,0,0,0,0,0,0,0,0,0,0,0,0,0,0,0,0,0,0,0,0,0,0,0,0,0,0
0,0,0,0,0,1,1,1,0,0,0,1,0,0,0,0,0,0,0,0,0,37,43,15,0,9,0,0
0,0,0,0,0,1,1,0,1,0,0,1,0,0,0,0,0,0,0,0,0,65,24,6,0,1,6,2
0,0,0,0,0,2,0,0,0,0,0,1,0,0,0,0,0,0,0,0,0,23,62,10,0,0,0,1
0,0,0,0,0,1,1,0,0,0,0,1,0,0,0,0,0,0,0,0,0,23,62,10,0,7,1,0
0,0,0,0,0,3,0,0,0,1,0,1,0,0,0,0,0,0,0,0,0,33,51,11,0,2,5,2
0,0,0,0,0,0,0,0,0,0,0,0,0,0,0,0,0,0,0,0,0,0,0,0,0,0,0,0
0,0,0,0,0,0,0,0,0,0,0,0,0,0,0,0,0,0,0,0,0,0,0,0,0,0,0,0
0,0,0,0,0,1,1,0,0,0,0,1,0,0,0,0,0,0,0,0,0,0,95,0,0,0,9,0
0,0,0,0,1,2,0,0,1,0,0,1,0,0,0,0,0,0,0,0,0,37,50,8,0,8,1,0
0,0,0,0,0,1,1,0,0,0,0,1,0,0,0,0,0,0,0,0,0,35,48,12,0,2,2,5
0,0,0,0,0,1,1,0,0,0,0,1,0,0,0,0,0,0,0,0,0,43,38,14,0,8,1,0
0,0,0,0,0,2,0,0,0,0,0,1,0,0,0,0,0,0,0,0,0,33,43,19,0,3,6,0
0,0,0,0,0,0,0,0,0,0,0,0,0,0,0,0,0,0,0,0,0,0,0,0,0,0,0,0
0,0,0,0,0,0,0,0,0,0,0,0,0,0,0,0,0,0,0,0,0,0,0,0,0,0,0,0
0,0,0,0,0,1,1,0,0,0,0,1,0,0,0,0,0,0,0,0,0,34,36,25,0,3,2,4
0,0,0,0,0,1,0,0,0,0,0,1,0,0,0,0,0,0,0,0,0,32,47,16,0,2,7,0
0,0,0,0,1,1,1,0,0,1,0,1,0,0,0,0,0,0,0,0,0,44,45,6,0,0,7,2
0,0,0,0,0,2,0,0,0,0,0,1,0,0,0,0,0,0,0,0,0,31,51,13,0,0,9,0
0,0,0,0,0,1,1,0,0,0,0,1,0,0,0,0,0,0,0,0,0,39,36,20,0,9,0,0
0,0,0,0,0,0,0,0,0,0,0,0,0,0,0,0,0,0,0,0,0,0,0,0,0,0,0,0
0,0,0,0,0,0,0,0,0,0,0,0,0,0,0,0,0,0,0,0,0,0,0,0,0,0,0,0
0,0,0,0,0,1,0,0,0,0,0,1,0,0,0,0,0,0,0,0,0,37,53,5,0,0,1,8
0,0,0,0,0,1,1,0,0,0,0,1,0,0,0,0,0,0,0,0,0,33,48,14,0,3,6,0
0,0,0,0,0,1,1,0,0,0,0,1,0,0,0,0,0,0,0,0,0,41,40,14,0,0,8,0
0,0,0,0,0,1,0,0,0,0,0,1,0,0,0,0,0,0,0,0,0,50,36,9,0,0,6,3
0,0,0,0,1,2,0,1,1,0,0,1,0,0,0,0,0,0,0,0,0,30,43,22,0,0,7,2
0,0,0,0,0,0,0,0,1,0,0,0,0,0,0,0,0,0,0,0,0,0,0,0,0,0,0,0
0,0,0,0,0,0,0,0,0,0,0,0,0,0,0,0,0,0,0,0,0,0,0,0,0,0,0,0
0,0,0,0,0,1,1,0,0,0,0,1,0,0,0,0,0,0,0,0,0,47,40,8,0,9,0,0
0,0,0,0,0,1,0,0,0,0,0,1,0,0,0,0,0,0,0,0,0,35,52,8,0,0,8,1
0,0,0,0,0,2,0,0,0,0,0,1,0,0,0,0,0,0,0,0,0,34,46,15,0,8,1,0
0,0,0,0,0,1,1,0,0,0,0,1,0,0,0,0,0,0,0,0,0,45,44,6,0,7,2,0
0,0,0,0,0,1,0,0,0,0,0,1,0,0,0,0,0,0,0,0,0,42,26,27,0,3,3,3
0,0,0,0,0,0,0,0,0,0,0,0,0,0,0,0,0,0,0,0,0,0,0,0,0,0,0,0
0,0,0,0,0,0,0,0,0,0,0,0,0,0,0,0,0,0,0,0,0,0,0,0,0,0,0,0
0,0,0,0,0,1,1,0,0,0,0,1,0,0,0,0,0,0,0,0,0,39,43,13,0,2,7,0
0,0,0,0,0,1,1,0,0,0,0,1,0,0,0,0,0,0,0,0,0,45,43,7,0,4,5,0
0,0,0,0,0,1,1,0,0,0,0,1,0,0,0,0,0,0,0,0,0,36,49,10,0,5,0,4
0,0,0,0,0,1,0,0,0,0,0,1,0,0,0,0,0,0,0,0,0,51,22,22,0,0,0,9
0,0,0,0,0,3,0,0,0,1,0,1,0,0,0,0,0,0,0,0,0,38,41,16,0,0,6,3
0,0,0,0,0,0,0,0,0,0,0,0,0,0,0,0,0,0,0,0,0,0,0,0,0,0,0,0
0,0,0,0,0,0,0,0,0,0,0,0,0,0,0,0,0,0,0,0,0,0,0,0,0,0,0,0
0,0,0,0,0,1,1,0,0,0,0,1,0,0,0,0,0,0,0,0,0,31,54,10,0,1,8,0
0,0,0,0,0,1,0,0,0,0,0,1,0,0,0,0,0,0,0,0,0,31,52,12,0,2,7,0
0,0,0,0,0,2,0,0,0,0,0,1,0,0,0,0,0,0,0,0,0,33,52,10,0,4,1,3
0,0,0,0,0,1,1,0,0,0,0,1,0,0,0,0,0,0,0,0,0,38,53,4,0,7,2,0
0,0,0,0,0,1,1,0,0,0,0,1,0,0,0,0,0,0,0,0,0,28,56,11,0,2,4,3
0,0,0,0,0,0,0,0,0,0,0,0,0,0,0,0,0,0,0,0,0,0,0,0,0,0,0,0
0,0,0,0,0,0,0,0,0,0,0,0,0,0,0,0,0,0,0,0,0,0,0,0,0,0,0,0
0,0,0,0,0,2,0,0,0,0,0,1,0,0,0,0,0,0,0,0,0,28,47,20,0,0,9,0
0,0,0,0,0,1,0,0,0,0,0,1,0,0,0,0,0,0,0,0,0,47,42,6,0,1,8,0
0,0,0,0,0,1,1,0,0,0,0,1,0,0,0,0,0,0,0,0,0,40,46,9,0,0,1,8
0,0,0,0,0,1,1,0,0,0,0,1,0,0,0,0,0,0,0,0,0,30,55,10,0,9,0,0
0,0,0,0,0,0,0,0,0,0,0,0,0,0,0,0,0,0,0,0,0,0,0,0,0,0,0,0
0,0,0,0,0,0,0,0,0,0,0,0,0,0,0,0,0,0,0,0,0,0,0,0,0,0,0,0
0,0,0,0,0,0,0,0,0,0,0,0,0,0,0,0,0,0,0,0,0,0,0,0,0,0,0,0
0,0,0,0,0,1,0,0,0,0,0,1,0,0,0,0,0,0,0,0,0,45,43,7,0,7,2,0
0,0,0,0,0,1,0,0,0,0,0,1,0,0,0,0,0,0,0,0,0,35,51,9,0,2,7,0
0,0,0,0,1,1,1,0,1,0,0,1,0,0,0,0,0,0,0,0,0,37,47,11,0,0,8,1
0,0,0,0,0,1,1,0,0,0,0,1,0,0,0,0,0,0,0,0,0,33,50,12,0,4,5,0
0,0,0,0,0,1,1,0,0,0,0,1,0,0,0,0,0,0,0,0,0,40,43,12,0,0,8,0
0,0,0,0,0,0,0,0,0,0,0,0,0,0,0,0,0,0,0,0,0,0,0,0,0,0,0,0
0,0,0,0,0,0,0,0,0,0,0,0,0,0,0,0,0,0,0,0,0,0,0,0,0,0,0,0
0,0,0,0,0,1,0,0,0,0,0,1,0,0,0,0,0,0,0,0,0,42,43,10,0,9,0,0
0,0,0,0,0,1,1,0,0,0,0,1,0,0,0,0,0,0,0,0,0,39,46,10,0,9,0,0
0,0,0,0,0,1,1,0,0,0,0,1,0,0,0,0,0,0,0,0,0,22,61,12,0,0,9,0
0,0,0,0,0,1,1,0,0,0,0,1,0,0,0,0,0,0,0,0,0,32,49,14,0,1,8,0
0,0,0,0,0,1,0,0,0,0,0,1,0,0,0,0,0,0,0,0,0,31,51,13,0,3,6,0
0,0,0,0,0,0,0,0,0,0,0,0,0,0,0,0,0,0,0,0,0,0,0,0,0,0,0,0
0,0,0,0,0,0,0,0,0,0,0,0,0,0,0,0,0,0,0,0,0,0,0,0,0,0,0,0
0,0,0,0,0,1,0,0,0,0,0,1,0,0,0,0,0,0,0,0,0,34,55,6,0,9,0,0
0,0,0,0,0,1,1,0,0,0,0,1,0,0,0,0,0,0,0,0,0,40,47,8,0,3,5,1
0,0,0,0,0,1,1,0,0,0,0,1,0,0,0,0,0,0,0,0,0,43,39,13,0,8,0,0
0,0,0,0,0,2,0,0,0,0,0,1,0,0,0,0,0,0,0,0,0,36,44,15,0,2,7,0
0,0,0,0,0,1,1,0,0,0,0,1,0,0,0,0,0,0,0,0,0,23,59,13,0,0,1,8
0,0,0,0,0,0,0,0,0,0,0,0,0,0,0,0,0,0,0,0,0,0,0,0,0,0,0,0
0,0,0,0,0,0,0,0,0,0,0,0,0,0,0,0,0,0,0,0,0,0,0,0,0,0,0,0
0,0,0,0,0,2,0,0,0,0,0,1,0,0,0,0,0,0,0,0,0,33,49,13,0,6,3,0
0,0,0,0,0,1,0,0,0,0,0,1,0,0,0,0,0,0,0,0,0,37,49,9,0,4,5,0
0,0,0,0,0,2,0,0,0,0,0,1,0,0,0,0,0,0,0,0,0,31,54,10,0,5,4,0
0,0,0,0,0,2,0,0,0,0,0,1,0,0,0,0,0,0,0,0,0,42,43,10,0,3,6,0
0,0,0,0,0,1,1,0,0,0,0,1,0,0,0,0,0,0,0,0,0,27,54,14,0,5,4,0
0,0,0,0,1,0,0,0,0,1,0,0,0,0,0,0,0,0,0,0,0,0,0,0,0,0,0,0
0,0,0,0,0,0,0,0,0,0,0,0,0,0,0,0,0,0,0,0,0,0,0,0,0,0,0,0
0,0,0,0,0,1,1,0,0,0,0,1,0,0,0,0,0,0,0,0,0,36,53,6,0,2,7,0
0,0,0,0,0,1,1,0,0,0,0,1,0,0,0,0,0,0,0,0,0,43,39,13,0,0,9,0
0,0,0,0,0,1,1,0,0,0,0,1,0,0,0,0,0,0,0,0,0,31,55,9,0,0,9,0
0,0,0,0,0,1,1,0,0,0,0,1,0,0,0,0,0,0,0,0,0,25,56,14,0,5,4,0
0,0,0,0,0,1,1,0,0,0,0,1,0,0,0,0,0,0,0,0,0,39,47,9,0,7,2,0
0,0,0,0,0,1,0,0,0,1,0,0,0,0,0,0,0,0,0,0,0,0,0,0,0,0,0,0
0,0,0,0,0,0,0,0,0,0,0,0,0,0,0,0,0,0,0,0,0,0,0,0,0,0,0,0
0,0,0,0,0,1,1,0,0,0,0,1,0,0,0,0,0,0,0,0,0,27,54,14,0,3,6,0
0,0,0,0,0,2,0,0,0,0,0,1,0,0,0,0,0,0,0,0,0,36,41,18,0,7,2,0
0,0,0,0,0,1,1,0,0,0,0,1,0,0,0,0,0,0,0,0,0,19,60,16,0,2,7,0
0,0,0,0,0,1,0,0,0,0,0,1,0,0,0,0,0,0,0,0,0,33,48,14,0,0,9,0
0,0,0,0,0,1,0,0,0,0,0,1,0,0,0,0,0,0,0,0,0,35,51,9,0,1,8,0
0,0,0,0,0,0,0,0,0,0,0,0,0,0,0,0,0,0,0,0,0,0,0,0,0,0,0,0
0,0,0,0,0,0,0,0,0,0,0,0,0,0,0,0,0,0,0,0,0,0,0,0,0,0,0,0
0,0,0,0,0,2,0,0,0,0,0,1,0,0,0,0,0,0,0,0,0,45,44,6,0,8,0,1
0,0,0,0,0,1,0,0,0,0,0,1,0,0,0,0,0,0,0,0,0,40,46,9,0,4,5,0
0,0,0,0,0,2,1,0,0,1,0,1,0,0,0,0,0,0,0,0,0,36,47,12,0,0,7,2
0,0,0,0,0,1,1,0,0,0,0,1,0,0,0,0,0,0,0,0,0,36,41,18,0,0,3,6
0,0,0,0,0,1,1,0,0,0,0,1,0,0,0,0,0,0,0,0,0,26,55,14,0,0,0,9
0,0,0,0,0,0,0,0,0,0,0,0,0,0,0,0,0,0,0,0,0,0,0,0,0,0,0,0
0,0,0,0,0,0,0,0,0,0,0,0,0,0,0,0,0,0,0,0,0,0,0,0,0,0,0,0
0,0,0,0,0,1,1,0,0,0,0,1,0,0,0,0,0,0,0,0,0,1,85,9,0,2,7,0
0,0,0,0,0,1,1,0,0,0,0,1,0,0,0,0,0,0,0,0,0,24,61,10,0,8,0,0
0,0,0,0,0,1,1,0,0,0,0,1,0,0,0,0,0,0,0,0,0,36,46,13,0,2,7,0
0,0,0,0,0,1,1,0,0,0,0,1,0,0,0,0,0,0,0,0,0,38,46,11,0,9,0,0
0,0,0,0,0,1,1,0,0,0,0,1,0,0,0,0,0,0,0,0,0,34,48,13,0,2,7,0
0,0,0,0,0,0,0,0,0,0,0,0,0,0,0,0,0,0,0,0,0,0,0,0,0,0,0,0
0,0,0,0,0,0,0,0,0,0,0,0,0,0,0,0,0,0,0,0,0,0,0,0,0,0,0,0
0,0,0,0,0,0,0,0,0,0,0,0,0,0,0,0,0,0,0,0,0,0,0,0,0,0,0,0
0,0,0,0,0,1,0,1,0,0,0,1,0,0,0,0,0,0,0,0,0,26,43,26,0,0,8,0
0,0,0,0,0,1,0,0,1,0,0,1,0,0,0,0,0,0,0,0,0,21,65,9,0,1,8,0
0,0,0,0,0,2,0,0,0,0,0,1,0,0,0,0,0,0,0,0,0,32,50,13,0,0,9,0
0,0,0,0,0,2,0,0,0,0,0,1,0,0,0,0,0,0,0,0,0,27,58,10,0,7,2,0
0,0,0,0,0,0,0,0,0,0,0,0,0,0,0,0,0,0,0,0,0,0,0,0,0,0,0,0
0,0,0,0,0,0,0,0,0,0,0,0,0,0,0,0,0,0,0,0,0,0,0,0,0,0,0,0
0,0,0,0,0,1,0,0,0,0,0,1,0,0,0,0,0,0,0,0,0,36,51,8,0,4,1,0
0,0,0,0,0,1,1,0,0,0,0,1,0,0,0,0,0,0,0,0,0,39,45,11,0,8,1,0
0,0,0,0,0,1,0,0,0,0,0,1,0,0,0,0,0,0,0,0,0,30,55,10,0,7,0,2
0,0,0,0,0,1,1,0,0,0,0,1,0,0,0,0,0,0,0,0,0,39,47,9,0,1,2,6
0,0,0,0,0,1,1,0,0,0,0,1,0,0,0,0,0,0,0,0,0,46,48,1,0,4,4,1
0,0,0,0,0,0,0,0,0,0,0,0,0,0,0,0,0,0,0,0,0,0,0,0,0,0,0,0
0,0,0,0,0,0,0,0,0,0,0,0,0,0,0,0,0,0,0,0,0,0,0,0,0,0,0,0
0,0,0,0,0,1,0,0,0,0,0,1,0,0,0,0,0,0,0,0,0,28,55,12,0,0,8,0
0,0,0,0,0,2,0,0,0,0,0,1,0,0,0,0,0,0,0,0,0,26,58,11,0,0,9,0
0,0,0,0,0,1,1,0,0,0,0,1,0,0,0,0,0,0,0,0,0,28,53,14,0,4,1,4
0,0,0,0,0,1,1,0,0,0,0,1,0,0,0,0,0,0,0,0,0,32,59,4,0,1,5,0
0,0,0,0,0,1,1,0,0,0,0,1,0,0,0,0,0,0,0,0,0,43,38,14,0,0,8,1
0,0,0,0,0,0,0,0,0,0,0,0,0,0,0,0,0,0,0,0,0,0,0,0,0,0,0,0
0,0,0,0,0,0,0,0,0,0,0,0,0,0,0,0,0,0,0,0,0,0,0,0,0,0,0,0
0,0,0,0,0,1,0,0,0,0,0,1,0,0,0,0,0,0,0,0,0,29,56,10,0,0,7,2
0,0,0,0,0,1,1,0,0,0,0,1,0,0,0,0,0,0,0,0,0,36,46,13,0,4,5,0
0,0,0,0,0,1,0,0,0,0,0,1,0,0,0,0,0,0,0,0,0,32,46,17,0,0,9,0
0,0,0,0,0,3,0,0,0,1,0,1,0,0,0,0,0,0,0,0,0,34,53,8,0,8,1,0
0,0,0,0,0,1,1,0,0,0,0,1,0,0,0,0,0,0,0,0,0,25,54,16,0,0,9,0
0,0,0,0,0,0,0,0,0,0,0,0,0,0,0,0,0,0,0,0,0,0,0,0,0,0,0,0
0,0,0,0,0,0,0,0,0,0,0,0,0,0,0,0,0,0,0,0,0,0,0,0,0,0,0,0
0,0,0,0,0,1,0,0,0,0,0,1,0,0,0,0,0,0,0,0,0,36,42,17,0,0,9,0
0,0,0,0,0,1,1,0,0,0,0,1,0,0,0,0,0,0,0,0,0,41,46,8,0,3,6,0
0,0,0,0,0,1,1,0,0,0,0,1,0,0,0,0,0,0,0,0,0,32,58,5,0,4,0,5
0,0,0,0,0,2,0,0,0,0,0,1,0,0,0,0,0,0,0,0,0,33,48,14,0,0,8,1
0,0,0,0,0,1,1,0,0,0,0,1,0,0,0,0,0,0,0,0,0,27,52,16,0,0,9,0
0,0,0,0,0,0,0,0,0,0,0,0,0,0,0,0,0,0,0,0,0,0,0,0,0,0,0,0
0,0,0,0,0,0,0,0,0,0,0,0,0,0,0,0,0,0,0,0,0,0,0,0,0,0,0,0
0,0,0,0,0,0,0,0,0,0,0,0,0,0,0,0,0,0,0,0,0,0,0,0,0,0,0,0
0,0,0,0,0,1,0,0,0,0,0,1,0,0,0,0,0,0,0,0,0,46,40,9,0,1,4,4
0,0,0,0,0,1,1,0,0,0,0,1,0,0,0,0,0,0,0,0,0,40,35,20,0,0,0,7
0,0,0,0,0,1,0,0,0,0,0,1,0,0,0,0,0,0,0,0,0,41,43,11,0,0,9,0
0,0,0,0,1,1,1,0,1,0,0,1,0,0,0,0,0,0,0,0,0,36,53,6,0,3,6,0
0,0,0,0,0,0,0,0,0,0,0,0,0,0,0,0,0,0,0,0,0,0,0,0,0,0,0,0
0,0,0,0,0,0,0,0,0,0,0,0,0,0,0,0,0,0,0,0,0,0,0,0,0,0,0,0
0,0,0,0,0,1,1,0,0,0,0,1,0,0,0,0,0,0,0,0,0,45,36,14,0,6,3,0
0,0,0,0,0,1,1,0,0,0,0,1,0,0,0,0,0,0,0,0,0,49,39,7,0,1,8,0
0,0,0,0,0,1,1,0,0,0,0,1,0,0,0,0,0,0,0,0,0,36,47,12,0,4,3,2
0,0,0,0,0,1,1,0,0,0,0,1,0,0,0,0,0,0,0,0,0,24,55,16,0,0,0,9
0,0,0,0,1,1,1,1,0,1,0,1,0,0,0,0,0,0,0,0,0,36,40,19,0,3,0,6
0,0,0,0,0,0,0,0,0,1,0,0,0,0,0,0,0,0,0,0,0,0,0,0,0,0,0,0
0,0,0,0,0,0,0,0,0,0,0,0,0,0,0,0,0,0,0,0,0,0,0,0,0,0,0,0
0,0,0,0,0,1,1,0,0,0,0,1,0,0,0,0,0,0,0,0,0,39,47,9,0,2,7,0
0,0,0,0,0,1,1,0,0,0,0,1,0,0,0,0,0,0,0,0,0,46,47,2,0,7,1,1
0,0,0,0,0,2,0,0,0,0,0,1,0,0,0,0,0,0,0,0,0,35,46,14,0,1,2,6
0,0,0,0,0,1,1,0,0,0,0,1,0,0,0,0,0,0,0,0,0,39,44,12,0,6,0,1
0,0,0,0,0,2,0,0,0,0,0,1,0,0,0,0,0,0,0,0,0,35,49,11,0,0,9,0
0,0,0,0,0,0,0,0,0,0,0,0,0,0,0,0,0,0,0,0,0,0,0,0,0,0,0,0
0,0,0,0,0,0,0,0,0,0,0,0,0,0,0,0,0,0,0,0,0,0,0,0,0,0,0,0
0,0,0,0,0,1,1,0,0,0,0,1,0,0,0,0,0,0,0,0,0,40,49,6,0,8,1,0
0,0,0,0,0,1,1,0,0,0,0,1,0,0,0,0,0,0,0,0,0,50,37,8,0,9,0,0
0,0,0,0,0,2,0,0,0,0,0,1,0,0,0,0,0,0,0,0,0,34,53,8,0,0,4,5
0,0,0,0,0,1,0,1,0,0,0,1,0,0,0,0,0,0,0,0,0,9,68,18,0,0,9,0
0,0,0,0,0,1,1,0,1,0,0,1,0,0,0,0,0,0,0,0,0,41,45,9,0,9,0,0
0,0,0,0,0,0,0,0,0,0,0,0,0,0,0,0,0,0,0,0,0,0,0,0,0,0,0,0
0,0,0,0,0,0,0,0,0,0,0,0,0,0,0,0,0,0,0,0,0,0,0,0,0,0,0,0
0,0,0,0,0,1,1,1,0,0,0,2,0,0,0,0,0,0,0,0,0,37,39,19,0,0,5,4
0,0,0,0,0,1,1,0,0,0,0,1,0,0,0,0,0,0,0,0,0,45,44,6,0,8,1,0
0,0,0,0,0,1,0,0,0,0,0,1,0,0,0,0,0,0,0,0,0,37,44,14,0,1,8,0
0,0,0,0,1,2,0,0,1,0,0,1,0,0,0,0,0,0,0,0,0,30,46,19,0,3,4,2
0,0,0,0,0,1,1,0,0,0,0,1,0,0,0,0,0,0,0,0,0,40,44,11,0,7,0,2
0,0,0,0,0,0,0,0,0,0,0,0,0,0,0,0,0,0,0,0,0,0,0,0,0,0,0,0
0,0,0,0,0,0,0,0,0,0,0,0,0,0,0,0,0,0,0,0,0,0,0,0,0,0,0,0
0,0,0,0,0,1,1,0,0,0,0,1,0,0,0,0,0,0,0,0,0,35,45,15,0,1,0,7
0,0,0,0,1,1,1,0,1,0,0,1,0,0,0,0,0,0,0,0,0,32,51,12,0,1,1,7
0,0,0,0,0,2,0,0,0,0,0,1,0,0,0,0,0,0,0,0,0,35,53,7,0,0,9,0
0,0,0,0,0,1,0,0,0,0,0,1,0,0,0,0,0,0,0,0,0,36,46,13,0,9,0,0
0,0,0,0,0,1,1,0,0,0,0,1,0,0,0,0,0,0,0,0,0,40,34,21,0,1,8,0
0,0,0,0,0,0,0,0,0,0,0,0,0,0,0,0,0,0,0,0,0,0,0,0,0,0,0,0
0,0,0,0,0,0,0,0,0,0,0,0,0,0,0,0,0,0,0,0,0,0,0,0,0,0,0,0
0,0,0,0,0,2,0,0,0,0,0,1,0,0,0,0,0,0,0,0,0,25,58,12,0,3,6,0
0,0,0,0,0,1,1,0,0,0,0,1,0,0,0,0,0,0,0,0,0,39,39,17,0,0,9,0
0,0,0,0,0,1,0,0,0,0,0,1,0,0,0,0,0,0,0,0,0,34,57,4,0,4,5,0
0,0,0,0,0,1,0,0,0,0,0,1,0,0,0,0,0,0,0,0,0,32,45,18,0,0,0,9
0,0,0,0,0,1,1,0,0,0,0,1,0,0,0,0,0,0,0,0,0,32,48,15,0,3,5,0
0,0,0,0,0,0,0,0,0,0,0,0,0,0,0,0,0,0,0,0,0,0,0,0,0,0,0,0
0,0,0,0,0,0,0,0,0,0,0,0,0,0,0,0,0,0,0,0,0,0,0,0,0,0,0,0
0,0,0,0,0,1,1,0,0,0,0,1,0,0,0,0,0,0,0,0,0,0,95,0,0,0,8,1
0,0,0,0,1,1,1,0,1,0,0,1,0,0,0,0,0,0,0,0,0,24,61,10,0,0,0,9
0,0,0,0,0,1,1,0,0,0,0,1,0,0,0,0,0,0,0,0,0,32,51,12,0,4,1,4
0,0,0,0,0,1,1,0,0,0,0,1,0,0,0,0,0,0,0,0,0,37,41,17,0,6,2,0
0,0,0,0,0,1,1,0,0,0,0,1,0,0,0,0,0,0,0,0,0,30,54,11,0,8,1,0
0,0,0,0,0,0,0,0,0,0,0,0,0,0,0,0,0,0,0,0,0,0,0,0,0,0,0,0
0,0,0,0,0,0,0,0,0,0,0,0,0,0,0,0,0,0,0,0,0,0,0,0,0,0,0,0
0,0,0,0,0,2,0,0,0,0,0,1,0,0,0,0,0,0,0,0,0,28,58,9,0,0,9,0
0,0,0,0,0,1,1,0,0,0,0,1,0,0,0,0,0,0,0,0,0,41,44,10,0,3,2,4
0,0,0,0,0,1,1,0,0,0,0,1,0,0,0,0,0,0,0,0,0,39,48,8,0,3,6,0
0,0,0,0,0,1,0,0,0,0,0,1,0,0,0,0,0,0,0,0,0,30,48,17,0,1,7,1
0,0,0,0,1,1,1,0,0,1,0,1,0,0,0,0,0,0,0,0,0,17,70,8,0,0,9,0
0,0,0,0,0,0,0,0,0,0,0,0,0,0,0,0,0,0,0,0,0,0,0,0,0,0,0,0
0,0,0,0,0,0,0,0,0,0,0,0,0,0,0,0,0,0,0,0,0,0,0,0,0,0,0,0
0,0,0,0,0,0,0,0,0,0,0,0,0,0,0,0,0,0,0,0,0,0,0,0,0,0,0,0
0,0,0,0,0,1,0,0,0,0,0,1,0,0,0,0,0,0,0,0,0,39,45,11,0,1,0,8
0,0,0,0,0,1,1,0,0,0,0,1,0,0,0,0,0,0,0,0,0,42,39,14,0,0,8,1
0,0,0,0,0,1,1,0,0,0,0,1,0,0,0,0,0,0,0,0,0,42,43,10,0,1,7,1
0,0,0,0,0,1,1,0,0,0,0,1,0,0,0,0,0,0,0,0,0,30,58,7,0,2,7,0
0,0,0,0,0,0,0,0,0,0,0,0,0,0,0,0,0,0,0,0,0,0,0,0,0,0,0,0
0,0,0,0,0,0,0,0,0,0,0,0,0,0,0,0,0,0,0,0,0,0,0,0,0,0,0,0
0,0,0,0,0,2,0,0,0,0,0,1,0,0,0,0,0,0,0,0,0,27,53,15,0,0,9,0
0,0,0,0,0,1,1,0,0,0,0,1,0,0,0,0,0,0,0,0,0,29,53,13,0,0,6,3
0,0,0,0,0,1,0,0,0,0,0,1,0,0,0,0,0,0,0,0,0,32,49,14,0,8,0,1
0,0,0,0,0,2,1,0,0,1,0,1,0,0,0,0,0,0,0,0,0,36,46,13,0,1,8,0
0,0,0,0,0,1,1,0,0,0,0,1,0,0,0,0,0,0,0,0,0,39,47,9,0,0,0,9
0,0,0,0,0,0,0,0,0,0,0,0,0,0,0,0,0,0,0,0,0,0,0,0,0,0,0,0
0,0,0,0,0,0,0,0,0,0,0,0,0,0,0,0,0,0,0,0,0,0,0,0,0,0,0,0
0,0,0,0,0,1,1,0,0,0,0,1,0,0,0,0,0,0,0,0,0,53,38,4,0,4,5,0
0,0,0,0,0,1,1,0,0,0,0,1,0,0,0,0,0,0,0,0,0,35,51,9,0,7,0,2
0,0,0,0,0,1,1,0,0,0,0,1,0,0,0,0,0,0,0,0,0,28,53,14,0,6,3,0
0,0,0,0,0,1,1,0,0,0,0,1,0,0,0,0,0,0,0,0,0,27,56,12,0,7,2,0
0,0,0,0,0,2,0,0,0,0,0,1,0,0,0,0,0,0,0,0,0,16,72,7,0,8,1,0
0,0,0,0,0,0,0,0,0,0,0,0,0,0,0,0,0,0,0,0,0,0,0,0,0,0,0,0
0,0,0,0,0,0,0,0,0,0,0,0,0,0,0,0,0,0,0,0,0,0,0,0,0,0,0,0
0,0,0,0,0,1,0,0,0,0,0,1,0,0,0,0,0,0,0,0,0,37,43,15,0,5,1,3
0,0,0,0,0,1,1,0,0,0,0,1,0,0,0,0,0,0,0,0,0,41,54,0,0,0,9,0
0,0,0,0,0,1,0,0,0,0,0,1,0,0,0,0,0,0,0,0,0,30,59,6,0,5,4,0
0,0,0,0,0,1,1,0,0,0,0,1,0,0,0,0,0,0,0,0,0,34,48,13,0,1,8,0
0,0,0,0,0,1,0,0,0,0,0,1,0,0,0,0,0,0,0,0,0,38,47,10,0,8,1,0
0,0,0,0,0,0,0,0,0,0,0,0,0,0,0,0,0,0,0,0,0,0,0,0,0,0,0,0
0,0,0,0,0,0,0,0,0,0,0,0,0,0,0,0,0,0,0,0,0,0,0,0,0,0,0,0
0,0,0,0,0,1,1,0,0,0,0,1,0,0,0,0,0,0,0,0,0,38,42,15,0,9,0,0
0,0,0,0,0,2,0,0,0,0,0,1,0,0,0,0,0,0,0,0,0,32,54,9,0,1,6,2
0,0,0,0,0,2,0,0,0,0,0,1,0,0,0,0,0,0,0,0,0,31,54,10,0,9,0,0
0,0,0,0,0,2,0,0,0,0,0,1,0,0,0,0,0,0,0,0,0,27,53,15,0,0,4,5
0,0,0,0,0,1,1,0,0,0,0,1,0,0,0,0,0,0,0,0,0,38,48,9,0,0,9,0
0,0,0,0,0,0,0,0,0,0,0,0,0,0,0,0,0,0,0,0,0,0,0,0,0,0,0,0
0,0,0,0,0,0,0,0,0,0,0,0,0,0,0,0,0,0,0,0,0,0,0,0,0,0,0,0
0,0,0,0,0,1,1,0,0,0,0,1,0,0,0,0,0,0,0,0,0,57,20,18,0,0,5,0
0,0,0,0,0,1,1,0,0,0,0,1,0,0,0,0,0,0,0,0,0,32,52,11,0,1,2,6
0,0,0,0,0,1,1,0,0,0,0,1,0,0,0,0,0,0,0,0,0,37,48,10,0,0,9,0
0,0,0,0,0,1,1,0,0,0,0,1,0,0,0,0,0,0,0,0,0,34,44,17,0,1,1,7
0,0,0,0,0,1,1,0,0,0,0,1,0,0,0,0,0,0,0,0,0,50,45,0,0,7,2,0
0,0,0,0,0,0,0,0,0,0,0,0,0,0,0,0,0,0,0,0,0,0,0,0,0,0,0,0
0,0,0,0,0,0,0,0,0,0,0,0,0,0,0,0,0,0,0,0,0,0,0,0,0,0,0,0
0,0,0,0,0,2,0,0,0,0,0,1,0,0,0,0,0,0,0,0,0,39,52,4,0,0,8,0
0,0,0,0,0,1,0,0,0,0,0,1,0,0,0,0,0,0,0,0,0,35,46,14,0,4,5,0
0,0,0,0,1,1,0,0,1,0,0,1,0,0,0,0,0,0,0,0,0,32,56,7,0,5,4,0
0,0,0,0,0,1,1,0,0,0,0,1,0,0,0,0,0,0,0,0,0,46,43,6,0,4,5,0
0,0,0,0,0,1,1,0,0,0,0,1,0,0,0,0,0,0,0,0,0,24,58,13,0,1,8,0
0,0,0,0,0,0,0,0,0,0,0,0,0,0,0,0,0,0,0,0,0,0,0,0,0,0,0,0
0,0,0,0,0,0,0,0,0,0,0,0,0,0,0,0,0,0,0,0,0,0,0,0,0,0,0,0
0,0,0,0,0,1,1,0,0,0,0,1,0,0,0,0,0,0,0,0,0,36,47,12,0,0,9,0
0,0,0,0,0,1,1,0,0,0,0,1,0,0,0,0,0,0,0,0,0,35,52,8,0,0,9,0
0,0,0,0,0,1,0,0,0,0,0,1,0,0,0,0,0,0,0,0,0,36,46,13,0,1,8,0
0,0,0,0,0,2,0,0,0,0,0,1,0,0,0,0,0,0,0,0,0,25,48,22,0,0,0,8
0,0,0,0,0,2,0,0,0,0,0,1,0,0,0,0,0,0,0,0,0,34,50,11,0,1,7,1
0,0,0,0,0,0,0,0,0,0,0,0,0,0,0,0,0,0,0,0,0,0,0,0,0,0,0,0
0,0,0,0,0,0,0,0,0,0,0,0,0,0,0,0,0,0,0,0,0,0,0,0,0,0,0,0
0,0,0,0,0,2,0,0,0,0,0,1,0,0,0,0,0,0,0,0,0,29,49,17,0,9,0,0
0,0,0,0,0,1,0,0,0,0,0,1,0,0,0,0,0,0,0,0,0,31,49,15,0,2,7,0
0,0,0,0,0,1,0,0,0,0,0,1,0,0,0,0,0,0,0,0,0,35,49,11,0,0,7,2
0,0,0,0,0,1,1,0,0,0,0,1,0,0,0,0,0,0,0,0,0,31,58,6,0,0,6,3
0,0,0,0,0,2,0,0,0,0,0,1,0,0,0,0,0,0,0,0,0,23,60,12,0,0,0,9
0,0,0,0,0,0,0,0,0,0,0,0,0,0,0,0,0,0,0,0,0,0,0,0,0,0,0,0
0,0,0,0,0,0,0,0,0,0,0,0,0,0,0,0,0,0,0,0,0,0,0,0,0,0,0,0
0,0,0,0,0,1,0,0,0,0,0,1,0,0,0,0,0,0,0,0,0,40,42,13,0,7,1,1
0,0,0,0,0,1,1,0,0,0,0,1,0,0,0,0,0,0,0,0,0,24,58,13,0,0,5,4
0,0,0,0,0,1,1,0,0,0,0,1,0,0,0,0,0,0,0,0,0,37,45,13,0,2,7,0
0,0,0,0,0,1,1,0,0,0,0,1,0,0,0,0,0,0,0,0,0,40,41,14,0,9,0,0
0,0,0,0,0,1,0,0,0,0,0,1,0,0,0,0,0,0,0,0,0,30,53,12,0,4,5,0
0,0,0,0,0,0,0,0,0,0,0,0,0,0,0,0,0,0,0,0,0,0,0,0,0,0,0,0
0,0,0,0,0,0,0,0,0,0,0,0,0,0,0,0,0,0,0,0,0,0,0,0,0,0,0,0
0,0,0,0,0,1,0,0,0,0,0,1,0,0,0,0,0,0,0,0,0,42,37,16,0,4,3,2
0,0,0,0,0,2,0,0,0,0,0,1,0,0,0,0,0,0,0,0,0,35,45,15,0,7,2,0
0,0,0,0,0,1,0,0,0,0,0,1,0,0,0,0,0,0,0,0,0,42,44,9,0,9,0,0
0,0,0,0,1,1,0,0,1,0,0,1,0,0,0,0,0,0,0,0,0,35,50,10,0,8,1,0
0,0,0,0,0,1,1,0,0,0,0,1,0,0,0,0,0,0,0,0,0,35,47,13,0,9,0,0
0,0,0,0,0,0,0,0,0,0,0,0,0,0,0,0,0,0,0,0,0,0,0,0,0,0,0,0
0,0,0,0,0,0,0,0,0,0,0,0,0,0,0,0,0,0,0,0,0,0,0,0,0,0,0,0
0,0,0,0,0,1,0,1,0,0,0,2,0,0,0,0,0,0,0,0,0,29,37,29,0,0,7,2
0,0,0,0,0,1,0,0,0,0,0,1,0,0,0,0,0,0,0,0,0,35,49,11,0,0,2,0
0,0,0,0,1,1,0,0,1,0,0,1,0,0,0,0,0,0,0,0,0,35,50,10,0,1,8,0
0,0,0,0,0,0,0,0,0,0,0,0,0,0,0,0,0,0,0,0,0,0,0,0,0,0,0,0
0,0,0,0,0,0,0,0,0,0,0,0,0,0,0,0,0,0,0,0,0,0,0,0,0,0,0,0
0,0,0,0,0,0,0,0,0,0,0,0,0,0,0,0,0,0,0,0,0,0,0,0,0,0,0,0
0,0,0,0,0,0,0,0,0,0,0,0,0,0,0,0,0,0,0,0,0,0,0,0,0,0,0,0
0,0,0,0,0,1,0,0,0,0,0,1,0,0,0,0,0,0,0,0,0,35,45,15,0,0,9,0
0,0,0,0,0,1,1,0,0,0,0,1,0,0,0,0,0,0,0,0,0,32,52,11,0,0,8,1
0,0,0,0,0,2,0,0,0,0,0,1,0,0,0,0,0,0,0,0,0,40,47,8,0,2,3,4
0,0,0,0,0,1,1,0,0,0,0,1,0,0,0,0,0,0,0,0,0,27,58,10,0,1,1,7
0,0,0,0,0,1,0,0,0,0,0,1,0,0,0,0,0,0,0,0,0,36,43,16,0,0,8,0
0,0,0,0,0,0,0,0,0,0,0,0,0,0,0,0,0,0,0,0,0,0,0,0,0,0,0,0
0,0,0,0,0,0,0,0,0,0,0,0,0,0,0,0,0,0,0,0,0,0,0,0,0,0,0,0
0,0,0,0,0,1,0,0,0,0,0,1,0,0,0,0,0,0,0,0,0,40,43,12,0,0,1,8
0,0,0,0,0,2,0,0,0,0,0,1,0,0,0,0,0,0,0,0,0,36,52,7,0,0,9,0
0,0,0,0,0,2,0,0,0,0,0,1,0,0,0,0,0,0,0,0,0,36,49,10,0,6,1,2
0,0,0,0,0,1,0,0,0,0,0,1,0,0,0,0,0,0,0,0,0,23,55,17,0,4,4,1
0,0,0,0,0,2,0,0,0,0,0,1,0,0,0,0,0,0,0,0,0,33,52,10,0,4,5,0
0,0,0,0,0,0,0,0,0,0,0,0,0,0,0,0,0,0,0,0,0,0,0,0,0,0,0,0
0,0,0,0,0,0,0,0,0,0,0,0,0,0,0,0,0,0,0,0,0,0,0,0,0,0,0,0
0,0,0,0,0,1,0,0,0,0,0,1,0,0,0,0,0,0,0,0,0,40,44,11,0,0,9,0
0,0,0,0,0,1,0,0,0,0,0,1,0,0,0,0,0,0,0,0,0,37,43,15,0,1,8,0
0,0,0,0,1,2,0,0,0,1,0,1,0,0,0,0,0,0,0,0,0,31,50,14,0,6,3,0
0,0,0,0,0,2,0,0,0,0,0,1,0,0,0,0,0,0,0,0,0,39,44,12,0,0,9,0
0,0,0,0,0,1,1,0,0,0,0,1,0,0,0,0,0,0,0,0,0,37,52,6,0,9,0,0
0,0,0,0,0,0,0,0,0,0,0,0,0,0,0,0,0,0,0,0,0,0,0,0,0,0,0,0
0,0,0,0,0,0,0,0,0,0,0,0,0,0,0,0,0,0,0,0,0,0,0,0,0,0,0,0
0,0,0,0,0,1,0,0,0,0,0,1,0,0,0,0,0,0,0,0,0,38,46,11,0,9,0,0
0,0,0,0,0,1,1,0,0,0,0,1,0,0,0,0,0,0,0,0,0,27,53,15,0,0,7,2
0,0,0,0,0,2,0,0,0,0,0,1,0,0,0,0,0,0,0,0,0,27,54,14,0,1,8,0
0,0,0,0,0,0,0,0,0,0,0,0,0,0,0,0,0,0,0,0,0,0,0,0,0,0,0,0
0,0,0,0,0,0,0,0,0,0,0,0,0,0,0,0,0,0,0,0,0,0,0,0,0,0,0,0
0,0,0,0,0,0,0,0,0,0,0,0,0,0,0,0,0,0,0,0,0,0,0,0,0,0,0,0
0,0,0,0,0,0,0,0,0,0,0,0,0,0,0,0,0,0,0,0,0,0,0,0,0,0,0,0
0,0,0,0,0,1,1,0,0,0,0,1,0,0,0,0,0,0,0,0,0,29,52,14,0,7,2,0
0,0,0,0,0,1,0,0,0,0,0,1,0,0,0,0,0,0,0,0,0,39,36,20,0,2,7,0
0,0,0,0,0,1,1,0,0,0,0,1,0,0,0,0,0,0,0,0,0,47,36,12,0,6,0,3
0,0,0,0,0,1,1,0,0,0,0,1,0,0,0,0,0,0,0,0,0,33,55,7,0,1,0,8
0,0,0,0,0,0,0,0,0,0,0,0,0,0,0,0,0,0,0,0,0,0,0,0,0,0,0,0
0,0,0,0,0,0,0,0,0,0,0,0,0,0,0,0,0,0,0,0,0,0,0,0,0,0,0,0
0,0,0,0,0,0,0,0,0,0,0,0,0,0,0,0,0,0,0,0,0,0,0,0,0,0,0,0
0,0,0,0,0,1,1,0,0,0,0,1,0,0,0,0,0,0,0,0,0,33,49,13,0,1,4,4
0,0,0,0,0,2,1,0,0,1,0,1,0,0,0,0,0,0,0,0,0,36,47,12,0,7,0,2
0,0,0,0,0,1,1,0,0,0,0,1,0,0,0,0,0,0,0,0,0,32,42,21,0,0,9,0
0,0,0,0,0,1,1,0,0,0,0,1,0,0,0,0,0,0,0,0,0,36,50,9,0,2,3,4
0,0,0,0,0,2,0,0,0,0,0,1,0,0,0,0,0,0,0,0,0,40,47,8,0,0,6,2
0,0,0,0,0,0,0,0,0,0,0,0,0,0,0,0,0,0,0,0,0,0,0,0,0,0,0,0
0,0,0,0,0,0,0,0,0,0,0,0,0,0,0,0,0,0,0,0,0,0,0,0,0,0,0,0
0,0,0,0,0,1,1,0,0,0,0,1,0,0,0,0,0,0,0,0,0,44,44,7,0,7,1,1
0,0,0,0,0,1,1,0,0,0,0,1,0,0,0,0,0,0,0,0,0,36,52,7,0,0,9,0
0,0,0,0,0,2,0,0,0,0,0,1,0,0,0,0,0,0,0,0,0,44,48,3,0,3,0,6
0,0,0,0,0,1,1,0,0,0,0,1,0,0,0,0,0,0,0,0,0,31,55,9,0,1,7,1
0,0,0,0,0,2,0,0,0,0,0,1,0,0,0,0,0,0,0,0,0,34,46,15,0,1,8,0
0,0,0,0,0,0,0,0,0,0,0,0,0,0,0,0,0,0,0,0,0,0,0,0,0,0,0,0
0,0,0,0,0,0,0,0,0,0,0,0,0,0,0,0,0,0,0,0,0,0,0,0,0,0,0,0
0,0,0,0,0,1,1,0,0,0,0,1,0,0,0,0,0,0,0,0,0,31,52,12,0,0,6,3
0,0,0,0,0,1,1,0,0,0,0,1,0,0,0,0,0,0,0,0,0,25,41,29,0,2,4,3
0,0,0,0,0,2,0,0,0,0,0,1,0,0,0,0,0,0,0,0,0,27,60,8,0,1,8,0
0,0,0,0,0,1,1,0,0,0,0,1,0,0,0,0,0,0,0,0,0,42,37,16,0,3,6,0
0,0,0,0,0,2,0,0,0,0,0,1,0,0,0,0,0,0,0,0,0,26,55,14,0,3,6,0
0,0,0,0,0,0,0,0,0,0,0,0,0,0,0,0,0,0,0,0,0,0,0,0,0,0,0,0
0,0,0,0,0,0,0,0,0,0,0,0,0,0,0,0,0,0,0,0,0,0,0,0,0,0,0,0
0,0,0,0,0,1,1,0,0,0,0,1,0,0,0,0,0,0,0,0,0,30,58,7,0,0,9,0
0,0,0,0,0,1,0,0,0,0,0,1,0,0,0,0,0,0,0,0,0,34,53,8,0,0,5,4
0,0,0,0,0,1,1,0,0,0,0,1,0,0,0,0,0,0,0,0,0,31,55,9,0,0,5,4
0,0,0,0,0,1,1,0,0,0,0,1,0,0,0,0,0,0,0,0,0,28,56,11,0,0,4,4
0,0,0,0,0,1,1,0,0,0,0,1,0,0,0,0,0,0,0,0,0,45,36,14,0,0,0,9
0,0,0,0,0,0,0,0,0,0,0,0,0,0,0,0,0,0,0,0,0,0,0,0,0,0,0,0
0,0,0,0,0,0,0,0,0,0,0,0,0,0,0,0,0,0,0,0,0,0,0,0,0,0,0,0
0,0,0,0,0,1,1,0,0,0,0,1,0,0,0,0,0,0,0,0,0,29,44,22,0,8,1,0
0,0,0,0,0,1,0,0,0,0,0,1,0,0,0,0,0,0,0,0,0,34,47,14,0,8,1,0
0,0,0,0,0,1,1,0,0,0,0,1,0,0,0,0,0,0,0,0,0,34,55,6,0,4,5,0
0,0,0,0,0,1,0,0,0,0,0,1,0,0,0,0,0,0,0,0,0,33,50,12,0,9,0,0
0,0,0,0,0,1,1,0,0,0,0,1,0,0,0,0,0,0,0,0,0,49,36,10,0,8,1,0
0,0,0,0,0,0,0,0,0,0,0,0,0,0,0,0,0,0,0,0,0,0,0,0,0,0,0,0
0,0,0,0,0,0,0,0,0,0,0,0,0,0,0,0,0,0,0,0,0,0,0,0,0,0,0,0
0,0,0,0,0,1,0,0,0,0,0,1,0,0,0,0,0,0,0,0,0,26,43,26,0,0,9,0
0,0,0,0,0,1,1,0,0,0,0,1,0,0,0,0,0,0,0,0,0,33,51,11,0,7,0,1
0,0,0,0,0,1,1,0,0,0,0,1,0,0,0,0,0,0,0,0,0,32,55,8,0,8,1,0
0,0,0,0,0,1,1,0,0,0,0,1,0,0,0,0,0,0,0,0,0,22,56,17,0,8,0,1
0,0,0,0,0,2,0,0,0,0,0,1,0,0,0,0,0,0,0,0,0,30,52,13,0,0,9,0
0,0,0,0,0,0,0,0,0,0,0,0,0,0,0,0,0,0,0,0,0,0,0,0,0,0,0,0
0,0,0,0,0,0,0,0,0,0,0,0,0,0,0,0,0,0,0,0,0,0,0,0,0,0,0,0
0,0,0,0,0,1,1,0,0,0,0,1,0,0,0,0,0,0,0,0,0,35,53,7,0,0,5,4
0,0,0,0,0,1,0,0,0,0,0,1,0,0,0,0,0,0,0,0,0,26,57,12,0,0,9,0
0,0,0,0,0,1,1,0,0,0,0,1,0,0,0,0,0,0,0,0,0,31,55,9,0,8,1,0
0,0,0,0,0,1,1,0,0,0,0,1,0,0,0,0,0,0,0,0,0,32,54,9,0,2,6,1
0,0,0,0,0,2,0,0,0,0,0,1,0,0,0,0,0,0,0,0,0,35,38,22,0,9,0,0
0,0,0,0,0,0,0,0,0,0,0,0,0,0,0,0,0,0,0,0,0,0,0,0,0,0,0,0
0,0,0,0,0,0,0,0,0,0,0,0,0,0,0,0,0,0,0,0,0,0,0,0,0,0,0,0
0,0,0,0,0,1,1,0,0,0,0,1,0,0,0,0,0,0,0,0,0,57,35,3,0,0,9,0
0,0,0,0,0,1,0,0,0,0,0,1,0,0,0,0,0,0,0,0,0,39,50,6,0,2,4,3
0,0,0,0,0,1,0,0,0,0,0,1,0,0,0,0,0,0,0,0,0,32,55,8,0,8,1,0
0,0,0,0,0,1,1,0,0,0,0,1,0,0,0,0,0,0,0,0,0,51,21,23,0,0,9,0
0,0,0,0,0,1,0,0,0,0,0,1,0,0,0,0,0,0,0,0,0,51,31,13,0,9,0,0
0,0,0,0,0,0,0,0,0,0,0,0,0,0,0,0,0,0,0,0,0,0,0,0,0,0,0,0
0,0,0,0,0,0,0,0,0,0,0,0,0,0,0,0,0,0,0,0,0,0,0,0,0,0,0,0
0,0,0,0,0,1,1,0,0,0,0,1,0,0,0,0,0,0,0,0,0,30,51,14,0,7,2,0
0,0,0,0,0,1,1,0,0,0,0,1,0,0,0,0,0,0,0,0,0,36,35,24,0,3,6,0
0,0,0,0,0,2,0,0,0,0,0,1,0,0,0,0,0,0,0,0,0,28,55,12,0,4,3,2
0,0,0,0,0,1,1,0,0,0,0,1,0,0,0,0,0,0,0,0,0,15,62,18,0,2,6,1
0,0,0,0,0,1,1,0,0,0,0,1,0,0,0,0,0,0,0,0,0,35,53,7,0,9,0,0
0,0,0,0,0,0,0,0,0,0,0,0,0,0,0,0,0,0,0,0,0,0,0,0,0,0,0,0
0,0,0,0,0,0,0,0,0,0,0,0,0,0,0,0,0,0,0,0,0,0,0,0,0,0,0,0
0,0,0,0,0,1,1,0,0,0,0,1,0,0,0,0,0,0,0,0,0,0,0,0,0,0,0,0
0,0,0,0,1,1,1,0,1,0,0,1,0,0,0,0,0,0,0,0,0,27,60,8,0,3,6,0
0,0,0,0,0,1,1,0,0,0,0,1,0,0,0,0,0,0,0,0,0,42,49,4,0,0,8,1
0,0,0,0,0,2,1,0,0,1,0,1,0,0,0,0,0,0,0,0,0,31,53,11,0,3,6,0
0,0,0,0,0,2,0,0,0,0,0,1,0,0,0,0,0,0,0,0,0,37,46,12,0,3,6,0
0,0,0,0,0,0,0,0,0,0,0,0,0,0,0,0,0,0,0,0,0,0,0,0,0,0,0,0
0,0,0,0,0,0,0,0,0,0,0,0,0,0,0,0,0,0,0,0,0,0,0,0,0,0,0,0
0,0,0,0,0,1,1,0,0,0,0,1,0,0,0,0,0,0,0,0,0,38,43,14,0,7,2,0
0,0,0,0,0,1,0,0,0,0,0,1,0,0,0,0,0,0,0,0,0,37,46,12,0,2,7,0
0,0,0,0,0,1,1,0,0,0,0,1,0,0,0,0,0,0,0,0,0,43,35,17,0,6,3,0
0,0,0,0,0,1,0,0,0,0,0,1,0,0,0,0,0,0,0,0,0,40,43,12,0,8,1,0
0,0,0,0,1,1,1,0,1,0,0,1,0,0,0,0,0,0,0,0,0,45,43,7,0,1,8,0
0,0,0,0,1,0,0,0,1,0,0,0,0,0,0,0,0,0,0,0,0,0,0,0,0,0,0,0
0,0,0,0,0,0,0,0,0,0,0,0,0,0,0,0,0,0,0,0,0,0,0,0,0,0,0,0
0,0,0,0,0,1,1,0,0,0,0,1,0,0,0,0,0,0,0,0,0,19,61,15,0,0,9,0
0,0,0,0,0,1,1,0,0,0,0,1,0,0,0,0,0,0,0,0,0,40,48,7,0,0,9,0
0,0,0,0,0,1,0,0,0,0,0,1,0,0,0,0,0,0,0,0,0,31,57,7,0,3,6,0
0,0,0,0,0,1,1,0,0,0,0,1,0,0,0,0,0,0,0,0,0,21,59,15,0,0,9,0
0,0,0,0,0,1,1,0,0,0,0,1,0,0,0,0,0,0,0,0,0,31,53,11,0,9,0,0
0,0,0,0,0,0,0,0,0,0,0,0,0,0,0,0,0,0,0,0,0,0,0,0,0,0,0,0
0,0,0,0,0,0,0,0,0,0,0,0,0,0,0,0,0,0,0,0,0,0,0,0,0,0,0,0
0,0,0,0,0,1,1,0,0,0,0,1,0,0,0,0,0,0,0,0,0,34,49,12,0,0,7,2
0,0,0,0,0,1,1,0,0,0,0,1,0,0,0,0,0,0,0,0,0,42,41,12,0,8,1,0
0,0,0,0,0,1,0,1,0,0,0,1,0,0,0,0,0,0,0,0,0,33,38,24,0,1,8,0
0,0,0,0,0,2,0,0,1,0,0,1,0,0,0,0,0,0,0,0,0,35,54,6,0,9,0,0
0,0,0,0,0,1,1,0,0,0,0,1,0,0,0,0,0,0,0,0,0,45,38,12,0,9,0,0
0,0,0,0,0,0,0,0,0,0,0,0,0,0,0,0,0,0,0,0,0,0,0,0,0,0,0,0
0,0,0,0,0,0,0,0,0,0,0,0,0,0,0,0,0,0,0,0,0,0,0,0,0,0,0,0
0,0,0,0,0,1,0,0,0,0,0,1,0,0,0,0,0,0,0,0,0,25,59,11,0,1,8,0
0,0,0,0,0,1,0,0,0,0,0,1,0,0,0,0,0,0,0,0,0,34,58,3,0,3,6,0
0,0,0,0,0,1,1,0,0,0,0,1,0,0,0,0,0,0,0,0,0,43,39,13,0,0,8,1
0,0,0,0,0,1,1,0,0,0,0,1,0,0,0,0,0,0,0,0,0,36,51,8,0,0,9,0
0,0,0,0,0,1,1,0,0,0,0,1,0,0,0,0,0,0,0,0,0,42,44,9,0,0,9,0
0,0,0,0,0,0,0,0,0,0,0,0,0,0,0,0,0,0,0,0,0,0,0,0,0,0,0,0
0,0,0,0,0,0,0,0,0,0,0,0,0,0,0,0,0,0,0,0,0,0,0,0,0,0,0,0
0,0,0,0,0,1,1,0,0,0,0,1,0,0,0,0,0,0,0,0,0,52,43,0,0,5,4,0
0,0,0,0,0,1,1,0,0,0,0,1,0,0,0,0,0,0,0,0,0,32,60,3,0,0,8,1
0,0,0,0,0,1,1,0,0,0,0,1,0,0,0,0,0,0,0,0,0,45,32,18,0,4,0,4
0,0,0,0,0,1,1,0,0,0,0,1,0,0,0,0,0,0,0,0,0,42,41,12,0,1,8,0
0,0,0,0,0,2,0,0,0,0,0,1,0,0,0,0,0,0,0,0,0,34,54,7,0,6,1,2
0,0,0,0,0,0,0,0,0,0,0,0,0,0,0,0,0,0,0,0,0,0,0,0,0,0,0,0
0,0,0,0,0,0,0,0,0,0,0,0,0,0,0,0,0,0,0,0,0,0,0,0,0,0,0,0
0,0,0,0,0,1,1,0,0,0,0,1,0,0,0,0,0,0,0,0,0,33,45,17,0,2,7,0
0,0,0,0,0,2,0,0,0,0,0,1,0,0,0,0,0,0,0,0,0,40,49,6,0,6,3,0
0,0,0,0,0,1,1,0,0,0,0,1,0,0,0,0,0,0,0,0,0,41,42,12,0,9,0,0
0,0,0,0,0,2,0,0,0,0,0,1,0,0,0,0,0,0,0,0,0,38,52,5,0,0,8,1
0,0,0,0,0,0,0,0,0,0,0,0,0,0,0,0,0,0,0,0,0,0,0,0,0,0,0,0
0,0,0,0,0,0,0,0,0,0,0,0,0,0,0,0,0,0,0,0,0,0,0,0,0,0,0,0
0,0,0,0,0,0,0,0,0,0,0,0,0,0,0,0,0,0,0,0,0,0,0,0,0,0,0,0
0,0,0,0,0,2,0,0,0,0,0,1,0,0,0,0,0,0,0,0,0,42,44,9,0,5,4,0
0,0,0,0,0,1,0,0,0,0,0,1,0,0,0,0,0,0,0,0,0,34,47,14,0,0,9,0
0,0,0,0,0,2,0,0,0,0,0,1,0,0,0,0,0,0,0,0,0,44,44,7,0,0,9,0
0,0,0,0,0,1,1,0,0,0,0,1,0,0,0,0,0,0,0,0,0,38,46,11,0,9,0,0
0,0,0,0,0,1,1,0,0,0,0,1,0,0,0,0,0,0,0,0,0,35,54,6,0,0,4,5
0,0,0,0,0,0,0,0,0,0,0,0,0,0,0,0,0,0,0,0,0,0,0,0,0,0,0,0
0,0,0,0,0,0,0,0,0,0,0,0,0,0,0,0,0,0,0,0,0,0,0,0,0,0,0,0
0,0,0,0,0,1,1,0,0,0,0,1,0,0,0,0,0,0,0,0,0,33,42,20,0,6,0,3
0,0,0,0,0,1,1,0,0,0,0,1,0,0,0,0,0,0,0,0,0,35,43,17,0,0,8,0
0,0,0,0,0,2,0,0,0,0,0,1,0,0,0,0,0,0,0,0,0,37,48,10,0,0,0,4
0,0,0,0,0,1,0,0,0,0,0,1,0,0,0,0,0,0,0,0,0,40,46,9,0,0,1,8
0,0,0,0,0,1,1,0,0,0,0,1,0,0,0,0,0,0,0,0,0,37,49,9,0,0,9,0
0,0,0,0,0,0,0,0,0,0,0,0,0,0,0,0,0,0,0,0,0,0,0,0,0,0,0,0
0,0,0,0,0,0,0,0,0,0,0,0,0,0,0,0,0,0,0,0,0,0,0,0,0,0,0,0
0,0,0,0,0,1,1,0,0,0,0,1,0,0,0,0,0,0,0,0,0,33,53,9,0,1,8,0
0,0,0,0,0,1,1,0,0,0,0,1,0,0,0,0,0,0,0,0,0,37,51,7,0,0,9,0
0,0,0,0,0,1,1,0,0,0,0,1,0,0,0,0,0,0,0,0,0,28,58,9,0,3,4,2
0,0,0,0,0,1,0,0,0,0,0,1,0,0,0,0,0,0,0,0,0,34,48,13,0,8,1,0
0,0,0,0,1,1,0,0,1,0,0,1,0,0,0,0,0,0,0,0,0,43,42,10,0,0,3,6
0,0,0,0,0,0,0,0,0,0,0,0,0,0,0,0,0,0,0,0,0,0,0,0,0,0,0,0
0,0,0,0,0,0,0,0,0,0,0,0,0,0,0,0,0,0,0,0,0,0,0,0,0,0,0,0
