0,0,0,0,0,1,1,0,0,0,0,1,0,0,0,0,0,0,0,0,0,19,48,28,0,0,5,4
0,0,0,0,0,1,1,0,0,0,0,1,0,0,0,0,0,0,0,0,0,31,40,24,0,0,0,9
0,0,0,0,0,1,1,0,0,0,0,1,0,0,0,0,0,0,0,0,0,30,40,24,0,0,0,9
0,0,0,0,0,1,1,0,0,0,0,1,0,0,0,0,0,0,0,0,0,26,53,16,0,8,0,1
0,0,0,0,0,1,1,0,0,0,0,1,0,0,0,0,0,0,0,0,0,37,41,17,0,4,4,1
0,0,0,0,0,1,0,0,0,0,0,1,0,0,0,0,0,0,0,0,0,21,53,21,0,6,3,0
0,0,0,0,0,1,1,0,0,0,0,1,0,0,0,0,0,0,0,0,0,25,48,22,0,8,1,0
0,0,0,0,0,0,0,0,0,0,0,0,0,0,0,0,0,0,0,0,0,0,0,0,0,0,0,0
0,0,0,0,0,1,1,0,0,0,0,1,0,0,0,0,0,0,0,0,0,34,42,19,0,0,9,0
0,0,0,0,0,1,0,0,0,0,0,1,0,0,0,0,0,0,0,0,0,26,49,20,0,0,1,8
0,0,0,0,0,1,1,0,0,0,0,1,0,0,0,0,0,0,0,0,0,39,42,14,0,0,8,1
0,0,0,0,0,1,1,0,0,0,0,1,0,0,0,0,0,0,0,0,0,22,44,29,0,0,9,0
0,0,0,0,0,1,1,0,0,0,0,1,0,0,0,0,0,0,0,0,0,39,33,23,0,3,0,6
0,0,0,0,0,1,1,0,0,0,0,1,0,0,0,0,0,0,0,0,0,35,38,22,0,0,8,1
0,0,0,0,0,1,1,0,0,0,0,1,0,0,0,0,0,0,0,0,0,36,40,19,0,0,6,3
0,0,0,0,0,1,1,0,0,0,0,1,0,0,0,0,0,0,0,0,0,25,42,28,0,7,1,1
0,0,0,0,0,1,0,0,0,0,0,1,0,0,0,0,0,0,0,0,0,28,45,22,0,0,9,0
0,0,0,0,0,1,1,0,0,0,0,1,0,0,0,0,0,0,0,0,0,30,48,17,0,0,8,0
0,0,0,0,0,1,1,0,0,0,0,1,0,0,0,0,0,0,0,0,0,40,34,21,0,0,0,9
0,0,0,0,0,3,0,0,0,1,0,1,0,0,0,0,0,0,0,0,0,23,43,29,0,0,4,5
0,0,0,0,0,1,1,0,0,0,0,1,0,0,0,0,0,0,0,0,0,28,38,29,0,1,1,7
0,0,0,0,0,1,1,0,0,0,0,1,0,0,0,0,0,0,0,0,0,27,41,27,0,0,9,0
0,0,0,0,0,1,1,0,0,0,0,1,0,0,0,0,0,0,0,0,0,28,49,18,0,1,8,0
0,0,0,0,0,1,1,0,0,0,0,1,0,0,0,0,0,0,0,0,0,26,46,23,0,6,2,1
0,0,0,0,0,1,1,0,0,0,0,1,0,0,0,0,0,0,0,0,0,23,71,1,0,7,2,0
0,0,0,0,0,1,0,0,0,0,0,1,0,0,0,0,0,0,0,0,0,35,39,21,0,3,4,2
0,0,0,0,0,1,1,1,0,0,0,2,0,0,0,0,0,0,0,0,0,23,56,16,0,0,8,0
0,0,0,0,0,1,1,0,0,0,0,1,0,0,0,0,0,0,0,0,0,34,40,21,0,0,3,6
0,0,0,0,0,1,1,0,0,0,0,1,0,0,0,0,0,0,0,0,0,55,19,21,0,5,0,4
0,0,0,0,0,1,1,0,0,0,0,1,0,0,0,0,0,0,0,0,0,31,43,21,0,0,9,0
0,0,0,0,0,1,1,0,0,0,0,1,0,0,0,0,0,0,0,0,0,20,49,26,0,1,4,4
0,0,0,0,0,1,0,0,0,0,0,1,0,0,0,0,0,0,0,0,0,33,49,13,0,2,7,0
0,0,0,0,0,1,1,0,0,0,0,1,0,0,0,0,0,0,0,0,0,37,46,12,0,0,9,0
0,0,0,0,0,1,1,0,0,0,0,1,0,0,0,0,0,0,0,0,0,29,44,22,0,0,3,6
0,0,0,0,0,1,1,0,0,0,0,1,0,0,0,0,0,0,0,0,0,29,41,25,0,0,5,4
0,0,0,0,0,0,0,0,0,0,0,0,0,0,0,0,0,0,0,0,0,0,0,0,0,0,0,0
0,0,0,0,0,1,1,0,0,0,0,1,0,0,0,0,0,0,0,0,0,45,48,2,0,3,6,0
0,0,0,0,0,1,1,0,0,0,0,1,0,0,0,0,0,0,0,0,0,28,47,20,0,3,6,0
0,0,0,0,0,1,1,0,0,0,0,1,0,0,0,0,0,0,0,0,0,30,45,20,0,0,9,0
0,0,0,0,0,1,1,0,0,0,0,1,0,0,0,0,0,0,0,0,0,23,46,26,0,8,0,0
0,0,0,0,0,1,1,0,0,0,0,1,0,0,0,0,0,0,0,0,0,31,47,17,0,6,0,3
0,0,0,0,0,1,1,0,0,0,0,1,0,0,0,0,0,0,0,0,0,19,51,25,0,2,3,4
0,0,0,0,0,1,0,0,0,0,0,1,0,0,0,0,0,0,0,0,0,33,38,24,0,0,8,1
0,0,0,0,0,2,0,0,0,0,0,1,0,0,0,0,0,0,0,0,0,21,57,17,0,0,0,8
0,0,0,0,0,1,1,0,0,0,0,1,0,0,0,0,0,0,0,0,0,28,46,21,0,1,7,1
0,0,0,0,0,1,0,0,0,0,0,1,0,0,0,0,0,0,0,0,0,39,51,5,0,8,1,0
0,0,0,0,0,1,1,1,0,0,0,2,0,0,0,0,0,0,0,0,0,23,51,21,0,0,9,0
0,0,0,0,0,1,2,0,0,0,1,1,0,0,0,0,0,0,0,0,0,26,39,30,0,0,0,9
0,0,0,0,0,1,1,0,0,0,0,1,0,0,0,0,0,0,0,0,0,31,34,30,0,1,0,8
0,0,0,0,0,1,0,0,0,0,0,1,0,0,0,0,0,0,0,0,0,33,42,20,0,4,5,0
0,0,0,0,0,0,0,0,0,0,0,0,0,0,0,0,0,0,0,0,0,0,0,0,0,0,0,0
0,0,0,0,0,1,1,0,0,0,0,1,0,0,0,0,0,0,0,0,0,30,36,29,0,2,0,7
0,0,0,0,0,1,0,0,0,0,0,1,0,0,0,0,0,0,0,0,0,28,49,18,0,0,6,3
0,0,0,0,0,2,0,0,0,0,0,1,0,0,0,0,0,0,0,0,0,33,41,21,0,2,2,5
0,0,0,0,0,1,1,0,0,0,0,1,0,0,0,0,0,0,0,0,0,38,38,19,0,0,8,1
0,0,0,0,0,1,1,0,0,0,0,1,0,0,0,0,0,0,0,0,0,29,39,27,0,1,0,8
0,0,0,0,0,2,0,0,0,1,0,1,0,0,0,0,0,0,0,0,0,27,45,23,0,0,7,2
0,0,0,0,0,1,1,0,0,0,1,1,0,0,0,0,0,0,0,0,0,26,44,25,0,0,0,9
0,0,0,0,0,1,1,0,0,0,0,1,0,0,0,0,0,0,0,0,0,30,42,23,0,0,9,0
0,0,0,0,0,2,0,0,0,0,0,1,0,0,0,0,0,0,0,0,0,28,35,32,0,0,5,0
0,0,0,0,0,1,0,0,0,0,0,1,0,0,0,0,0,0,0,0,0,28,48,19,0,8,0,1
0,0,0,0,0,1,1,0,0,0,0,1,0,0,0,0,0,0,0,0,0,7,60,28,0,6,2,1
0,0,0,0,0,1,1,0,0,0,0,1,0,0,0,0,0,0,0,0,0,15,39,41,0,3,4,1
0,0,0,0,0,0,0,0,0,0,0,0,0,0,0,0,0,0,0,0,0,0,0,0,0,0,0,0
0,0,0,0,0,1,1,0,0,0,0,1,0,0,0,0,0,0,0,0,0,28,47,20,0,4,3,2
0,0,0,0,0,1,1,0,0,0,0,1,0,0,0,0,0,0,0,0,0,27,43,25,0,7,2,0
0,0,0,0,0,1,1,0,0,0,0,1,0,0,0,0,0,0,0,0,0,39,35,21,0,1,8,0
0,0,0,0,0,1,1,0,0,0,0,1,0,0,0,0,0,0,0,0,0,20,56,19,0,9,0,0
0,0,0,0,0,1,1,0,0,0,0,1,0,0,0,0,0,0,0,0,0,25,58,12,0,0,9,0
0,0,0,0,0,1,1,0,0,0,1,1,0,0,0,0,0,0,0,0,0,34,47,14,0,5,4,0
0,0,0,0,0,0,0,0,0,0,0,0,0,0,0,0,0,0,0,0,0,0,0,0,0,0,0,0
0,0,0,0,0,2,0,0,0,0,0,1,0,0,0,0,0,0,0,0,0,32,35,28,0,4,3,2
0,0,0,0,0,2,0,0,0,0,0,1,0,0,0,0,0,0,0,0,0,27,50,18,0,3,0,6
0,0,0,0,0,1,1,0,0,0,0,1,0,0,0,0,0,0,0,0,0,18,55,22,0,0,8,1
0,0,0,0,0,1,0,0,0,0,0,1,0,0,0,0,0,0,0,0,0,27,54,14,0,0,9,0
0,0,0,0,0,1,1,0,0,0,0,1,0,0,0,0,0,0,0,0,0,37,45,13,0,0,4,5
0,0,0,0,0,1,1,0,0,0,0,1,0,0,0,0,0,0,0,0,0,19,43,33,0,0,9,0
0,0,0,0,0,1,1,0,0,0,0,1,0,0,0,0,0,0,0,0,0,18,34,43,0,1,0,8
0,0,0,0,0,1,0,0,0,0,0,1,0,0,0,0,0,0,0,0,0,32,45,18,0,1,7,1
0,0,0,0,0,1,0,0,0,0,0,1,0,0,0,0,0,0,0,0,0,35,38,22,0,2,0,7
0,0,0,0,0,1,1,0,0,0,0,1,0,0,0,0,0,0,0,0,0,30,52,13,0,1,3,4
0,0,0,0,0,1,1,0,0,0,0,1,0,0,0,0,0,0,0,0,0,30,46,19,0,6,3,0
0,0,0,0,0,1,1,0,0,0,0,1,0,0,0,0,0,0,0,0,0,32,53,10,0,0,3,6
0,0,0,0,0,1,1,0,0,0,0,1,0,0,0,0,0,0,0,0,0,30,35,30,0,1,8,0
0,0,0,0,0,0,0,0,0,0,0,0,0,0,0,0,0,0,0,0,0,0,0,0,0,0,0,0
0,0,0,0,0,2,0,0,0,0,0,1,0,0,0,0,0,0,0,0,0,26,48,21,0,0,7,1
0,0,0,0,0,2,1,0,0,1,0,1,0,0,0,0,0,0,0,0,0,38,36,21,0,6,3,0
0,0,0,0,0,1,1,0,0,0,0,1,0,0,0,0,0,0,0,0,0,21,62,12,0,0,6,3
0,0,0,0,0,1,1,0,0,0,0,1,0,0,0,0,0,0,0,0,0,30,40,25,0,0,1,7
0,0,0,0,0,1,0,0,0,0,0,1,0,0,0,0,0,0,0,0,0,26,46,23,0,0,0,9
0,0,0,0,0,1,1,0,0,0,0,1,0,0,0,0,0,0,0,0,0,29,43,23,0,0,8,1
0,0,0,0,0,1,1,0,0,0,0,1,0,0,0,0,0,0,0,0,0,88,3,4,0,9,0,0
0,0,0,0,0,1,1,0,0,0,0,1,0,0,0,0,0,0,0,0,0,30,37,28,0,0,5,4
0,0,0,0,0,1,1,0,0,0,0,1,0,0,0,0,0,0,0,0,0,32,41,22,0,0,5,4
0,0,0,0,0,2,0,0,0,0,0,1,0,0,0,0,0,0,0,0,0,33,41,21,0,7,2,0
0,0,0,0,0,1,1,0,0,0,0,1,0,0,0,0,0,0,0,0,0,31,45,19,0,0,4,5
0,0,0,0,0,1,1,0,0,0,0,1,0,0,0,0,0,0,0,0,0,33,33,29,0,5,1,3
0,0,0,0,0,1,1,0,0,0,0,1,0,0,0,0,0,0,0,0,0,24,43,28,0,2,0,7
0,0,0,0,0,1,0,0,0,0,0,1,0,0,0,0,0,0,0,0,0,23,56,16,0,0,2,3
0,0,0,0,0,1,1,0,0,0,0,1,0,0,0,0,0,0,0,0,0,38,42,15,0,0,4,0
0,0,0,0,0,1,1,0,0,0,0,1,0,0,0,0,0,0,0,0,0,7,40,48,0,0,8,1
0,0,0,0,0,1,0,0,0,0,0,1,0,0,0,0,0,0,0,0,0,28,40,27,0,0,4,5
0,0,0,0,0,1,1,0,0,0,0,1,0,0,0,0,0,0,0,0,0,38,35,22,0,1,8,0
0,0,0,0,0,1,1,0,0,0,0,1,0,0,0,0,0,0,0,0,0,27,42,26,0,7,0,2
0,0,0,0,0,1,1,0,0,0,0,1,0,0,0,0,0,0,0,0,0,3,71,21,0,8,1,0
0,0,0,0,0,0,0,0,0,0,0,0,0,0,0,0,0,0,0,0,0,0,0,0,0,0,0,0
0,0,0,0,0,1,1,0,0,0,0,1,0,0,0,0,0,0,0,0,0,28,48,19,0,6,1,2
0,0,0,0,0,1,1,0,0,0,0,1,0,0,0,0,0,0,0,0,0,32,36,27,0,5,4,0
0,0,0,0,0,1,1,0,0,0,0,1,0,0,0,0,0,0,0,0,0,17,46,32,0,3,1,5
0,0,0,0,0,1,1,0,0,0,0,1,0,0,0,0,0,0,0,0,0,33,39,23,0,9,0,0
0,0,0,0,0,1,1,0,0,0,0,1,0,0,0,0,0,0,0,0,0,35,53,7,0,0,7,2
0,0,0,0,0,1,1,0,0,0,1,1,0,0,0,0,0,0,0,0,0,9,63,23,0,5,1,3
0,0,0,0,0,0,0,0,0,0,0,0,0,0,0,0,0,0,0,0,0,0,0,0,0,0,0,0
0,0,0,0,0,1,0,0,0,0,0,1,0,0,0,0,0,0,0,0,0,26,53,16,0,2,5,2
0,0,0,0,0,1,1,0,0,0,0,1,0,0,0,0,0,0,0,0,0,30,44,21,0,7,1,1
0,0,0,0,0,1,1,0,0,0,0,1,0,0,0,0,0,0,0,0,0,24,50,21,0,2,0,7
0,0,0,0,0,1,0,0,0,0,0,1,0,0,0,0,0,0,0,0,0,29,45,21,0,7,1,1
0,0,0,0,0,1,1,0,0,0,0,1,0,0,0,0,0,0,0,0,0,28,41,26,0,7,0,2
0,0,0,0,0,1,1,0,0,0,0,1,0,0,0,0,0,0,0,0,0,27,43,25,0,7,2,0
0,0,0,0,0,1,0,0,0,0,0,1,0,0,0,0,0,0,0,0,0,24,53,18,0,0,9,0
0,0,0,0,0,1,1,0,0,0,0,1,0,0,0,0,0,0,0,0,0,13,30,52,0,0,0,0
0,0,0,0,0,1,0,0,0,0,0,1,0,0,0,0,0,0,0,0,0,29,49,17,0,2,7,0
0,0,0,0,0,1,1,0,0,0,0,1,0,0,0,0,0,0,0,0,0,40,37,18,0,2,7,0
0,0,0,0,0,1,1,0,0,0,0,1,0,0,0,0,0,0,0,0,0,26,47,22,0,0,7,2
0,0,0,0,0,1,1,0,0,0,0,1,0,0,0,0,0,0,0,0,0,24,43,28,0,2,5,2
0,0,0,0,0,2,0,0,0,0,0,1,0,0,0,0,0,0,0,0,0,35,39,21,0,2,7,0
0,0,0,0,0,0,0,0,0,0,0,0,0,0,0,0,0,0,0,0,0,0,0,0,0,0,0,0
0,0,0,0,0,1,1,0,0,0,0,1,0,0,0,0,0,0,0,0,0,36,38,21,0,3,0,6
0,0,0,0,0,1,1,0,0,0,0,1,0,0,0,0,0,0,0,0,0,29,40,26,0,3,0,6
0,0,0,0,0,1,1,0,0,0,0,1,0,0,0,0,0,0,0,0,0,26,51,18,0,1,0,8
0,0,0,0,0,1,1,0,0,0,0,1,0,0,0,0,0,0,0,0,0,34,39,22,0,3,6,0
0,0,0,0,0,1,1,0,0,0,0,1,0,0,0,0,0,0,0,0,0,27,49,19,0,4,5,0
0,0,0,0,0,1,0,0,0,0,0,1,0,0,0,0,0,0,0,0,0,31,34,30,0,0,9,0
0,0,0,0,0,1,1,0,0,0,0,1,0,0,0,0,0,0,0,0,0,30,45,20,0,3,0,6
0,0,0,0,0,1,1,0,0,0,0,1,0,0,0,0,0,0,0,0,0,25,41,29,0,4,0,5
0,0,0,0,0,1,1,0,0,0,0,1,0,0,0,0,0,0,0,0,0,27,49,19,0,0,9,0
0,0,0,0,0,1,0,0,0,0,0,1,0,0,0,0,0,0,0,0,0,26,49,20,0,0,3,6
0,0,0,0,0,1,0,0,0,0,0,1,0,0,0,0,0,0,0,0,0,16,62,17,0,0,5,3
0,0,0,0,0,2,0,0,0,0,0,1,0,0,0,0,0,0,0,0,0,3,83,9,0,0,5,4
0,0,0,0,0,1,2,0,0,0,1,1,0,0,0,0,0,0,0,0,0,13,23,59,0,9,0,0
0,0,0,0,0,2,0,0,0,0,0,1,0,0,0,0,0,0,0,0,0,25,43,27,0,0,8,1
0,0,0,0,0,1,1,0,0,0,0,1,0,0,0,0,0,0,0,0,0,29,44,22,0,0,9,0
0,0,0,0,0,1,1,0,0,0,0,1,0,0,0,0,0,0,0,0,0,26,47,22,0,3,6,0
0,0,0,0,0,1,1,0,0,0,0,1,0,0,0,0,0,0,0,0,0,23,49,23,0,0,5,4
0,0,0,0,0,2,0,0,0,0,0,1,0,0,0,0,0,0,0,0,0,31,41,23,0,4,4,1
0,0,0,0,0,1,0,0,0,0,0,1,0,0,0,0,0,0,0,0,0,22,55,18,0,4,0,5
0,0,0,0,0,1,1,0,0,0,0,1,0,0,0,0,0,0,0,0,0,31,41,23,0,0,7,2
0,0,0,0,0,1,1,0,0,0,0,1,0,0,0,0,0,0,0,0,0,26,49,20,0,8,0,1
0,0,0,0,0,0,0,0,0,0,0,0,0,0,0,0,0,0,0,0,0,0,0,0,0,0,0,0
0,0,0,0,0,1,1,0,0,0,0,1,0,0,0,0,0,0,0,0,0,31,50,14,0,5,2,2
0,0,0,0,0,1,1,0,0,0,0,1,0,0,0,0,0,0,0,0,0,27,50,18,0,2,7,0
0,0,0,0,0,1,1,0,0,0,0,1,0,0,0,0,0,0,0,0,0,34,36,25,0,0,9,0
0,0,0,0,0,1,1,0,0,0,0,1,0,0,0,0,0,0,0,0,0,34,18,43,0,9,0,0
0,0,0,0,0,1,1,0,0,0,0,1,0,0,0,0,0,0,0,0,0,22,72,1,0,0,9,0
0,0,0,0,0,1,1,0,0,0,0,1,0,0,0,0,0,0,0,0,0,32,44,19,0,1,8,0
0,0,0,0,0,1,1,0,0,0,1,1,0,0,0,0,0,0,0,0,0,27,45,23,0,1,3,5
0,0,0,0,0,1,1,0,0,0,0,1,0,0,0,0,0,0,0,0,0,27,48,20,0,2,3,4
0,0,0,0,0,2,0,0,0,0,0,1,0,0,0,0,0,0,0,0,0,19,48,28,0,0,9,0
0,0,0,0,0,1,1,0,0,0,0,1,0,0,0,0,0,0,0,0,0,27,50,18,0,0,1,8
0,0,0,0,0,1,1,0,0,0,1,1,0,0,0,0,0,0,0,0,0,34,42,19,0,5,4,0
0,0,0,0,0,1,1,0,0,0,0,1,0,0,0,0,0,0,0,0,0,42,45,8,0,0,9,0
0,0,0,0,0,1,1,0,0,0,0,1,0,0,0,0,0,0,0,0,0,25,39,31,0,0,8,1
0,0,0,0,0,1,0,0,0,0,0,1,0,0,0,0,0,0,0,0,0,28,51,16,0,0,9,0
0,0,0,0,0,1,1,0,0,0,0,1,0,0,0,0,0,0,0,0,0,35,37,23,0,0,9,0
0,0,0,0,0,1,1,0,0,0,0,1,0,0,0,0,0,0,0,0,0,24,52,19,0,0,0,9
0,0,0,0,0,2,0,0,0,0,0,1,0,0,0,0,0,0,0,0,0,29,42,24,0,1,5,3
0,0,0,0,0,1,1,0,0,0,0,1,0,0,0,0,0,0,0,0,0,30,46,19,0,2,0,0
0,0,0,0,0,2,0,0,0,0,0,1,0,0,0,0,0,0,0,0,0,35,40,20,0,0,1,8
0,0,0,0,0,1,1,0,0,0,0,1,0,0,0,0,0,0,0,0,0,30,37,28,0,7,0,0
0,0,0,0,0,0,0,0,0,0,0,0,0,0,0,0,0,0,0,0,0,0,0,0,0,0,0,0
0,0,0,0,0,1,1,0,0,0,0,1,0,0,0,0,0,0,0,0,0,43,37,15,0,7,2,0
0,0,0,0,0,1,0,0,0,0,0,1,0,0,0,0,0,0,0,0,0,21,53,21,0,9,0,0
0,0,0,0,0,1,0,0,0,0,0,1,0,0,0,0,0,0,0,0,0,24,52,19,0,8,1,0
0,0,0,0,0,1,0,0,0,0,0,1,0,0,0,0,0,0,0,0,0,35,43,17,0,1,1,7
0,0,0,0,0,1,1,0,0,0,0,1,0,0,0,0,0,0,0,0,0,28,42,25,0,4,5,0
0,0,0,0,0,1,1,0,0,0,0,1,0,0,0,0,0,0,0,0,0,28,44,23,0,0,2,7
0,0,0,0,0,1,1,0,0,0,0,1,0,0,0,0,0,0,0,0,0,32,40,23,0,0,3,6
0,0,0,0,0,1,1,0,0,0,0,1,0,0,0,0,0,0,0,0,0,19,42,34,0,0,8,1
0,0,0,0,0,1,1,0,0,0,0,1,0,0,0,0,0,0,0,0,0,30,50,15,0,1,7,1
0,0,0,0,0,1,1,0,0,0,0,1,0,0,0,0,0,0,0,0,0,38,43,14,0,0,6,3
0,0,0,0,0,2,0,0,0,0,0,1,0,0,0,0,0,0,0,0,0,31,45,19,0,0,9,0
0,0,0,0,0,1,0,0,0,0,0,1,0,0,0,0,0,0,0,0,0,25,44,26,0,0,7,2
0,0,0,0,0,1,1,0,0,0,0,1,0,0,0,0,0,0,0,0,0,26,48,21,0,0,0,9
0,0,0,0,0,0,0,0,0,0,0,0,0,0,0,0,0,0,0,0,0,0,0,0,0,0,0,0
0,0,0,0,0,1,0,0,0,0,0,1,0,0,0,0,0,0,0,0,0,30,42,23,0,4,2,3
0,0,0,0,0,1,1,0,0,0,0,1,0,0,0,0,0,0,0,0,0,89,0,6,0,8,0,1
0,0,0,0,0,1,1,0,0,0,0,1,0,0,0,0,0,0,0,0,0,36,28,31,0,0,9,0
0,0,0,0,0,1,1,0,0,0,0,1,0,0,0,0,0,0,0,0,0,31,40,24,0,0,1,8
0,0,0,0,0,1,0,0,0,0,0,1,0,0,0,0,0,0,0,0,0,16,53,26,0,0,9,0
0,0,0,0,0,1,0,0,0,0,0,1,0,0,0,0,0,0,0,0,0,32,40,23,0,0,5,3
0,0,0,0,0,1,1,0,0,0,1,1,0,0,0,0,0,0,0,0,0,23,44,28,0,5,2,2
0,0,0,0,0,2,0,0,0,0,0,1,0,0,0,0,0,0,0,0,0,33,56,6,0,0,9,0
0,0,0,0,0,1,1,0,0,0,0,1,0,0,0,0,0,0,0,0,0,77,1,17,0,8,1,0
0,0,0,0,0,2,0,0,0,0,0,1,0,0,0,0,0,0,0,0,0,28,42,25,0,0,9,0
0,0,0,0,0,1,1,0,0,0,0,1,0,0,0,0,0,0,0,0,0,21,52,22,0,1,4,4
0,0,0,0,0,1,1,0,0,0,0,1,0,0,0,0,0,0,0,0,0,24,45,26,0,7,2,0
0,0,0,0,0,0,0,0,0,0,0,0,0,0,0,0,0,0,0,0,0,0,0,0,0,0,0,0
0,0,0,0,0,0,0,0,0,0,0,0,0,0,0,0,0,0,0,0,0,0,0,0,0,0,0,0
0,0,0,0,0,1,1,0,0,0,0,1,0,0,0,0,0,0,0,0,0,28,46,21,0,3,6,0
0,0,0,0,0,2,0,0,0,0,0,1,0,0,0,0,0,0,0,0,0,27,48,20,0,5,4,0
0,0,0,0,0,1,1,0,0,0,0,1,0,0,0,0,0,0,0,0,0,24,46,25,0,0,9,0
0,0,0,0,0,1,0,0,0,0,0,1,0,0,0,0,0,0,0,0,0,24,44,27,0,8,1,0
0,0,0,0,0,1,0,1,0,0,0,2,0,0,0,0,0,0,0,0,0,35,41,19,0,6,2,0
0,0,0,0,0,1,1,0,0,0,0,1,0,0,0,0,0,0,0,0,0,31,39,25,0,8,1,0
0,0,0,0,0,2,0,1,0,0,1,2,0,0,0,0,0,0,0,0,0,24,36,35,0,0,7,2
0,0,0,0,0,2,0,0,0,0,0,1,0,0,0,0,0,0,0,0,0,33,40,22,0,1,8,0
0,0,0,0,0,1,1,0,0,0,0,1,0,0,0,0,0,0,0,0,0,28,47,20,0,1,5,3
0,0,0,0,0,2,0,0,0,0,0,1,0,0,0,0,0,0,0,0,0,25,42,28,0,3,3,3
0,0,0,0,0,1,1,0,0,0,0,1,0,0,0,0,0,0,0,0,0,31,48,16,0,0,1,0
0,0,0,0,0,1,1,0,0,0,0,1,0,0,0,0,0,0,0,0,0,44,28,23,0,0,9,0
0,0,0,0,0,1,1,0,0,0,0,1,0,0,0,0,0,0,0,0,0,36,34,25,0,5,4,0
0,0,0,0,0,1,1,0,0,0,0,1,0,0,0,0,0,0,0,0,0,29,37,29,0,1,4,4
0,0,0,0,0,1,0,0,0,0,0,1,0,0,0,0,0,0,0,0,0,29,47,19,0,1,8,0
0,0,0,0,0,1,1,0,0,0,0,1,0,0,0,0,0,0,0,0,0,36,32,27,0,7,0,0
0,0,0,0,0,1,1,0,0,0,0,1,0,0,0,0,0,0,0,0,0,28,44,23,0,0,0,9
0,0,0,0,0,2,0,0,0,0,0,1,0,0,0,0,0,0,0,0,0,31,36,28,0,0,9,0
0,0,0,0,0,2,0,0,0,1,0,1,0,0,0,0,0,0,0,0,0,30,46,19,0,4,4,1
0,0,0,0,0,1,0,0,0,0,0,1,0,0,0,0,0,0,0,0,0,41,37,17,0,9,0,0
0,0,0,0,0,2,1,0,0,1,0,1,0,0,0,0,0,0,0,0,0,15,47,33,0,9,0,0
0,0,0,0,0,1,1,0,0,0,0,1,0,0,0,0,0,0,0,0,0,24,50,21,0,0,9,0
0,0,0,0,0,1,1,0,0,0,0,1,0,0,0,0,0,0,0,0,0,23,48,24,0,0,4,5
0,0,0,0,0,1,1,0,0,0,0,1,0,0,0,0,0,0,0,0,0,27,47,21,0,1,6,2
0,0,0,0,0,1,0,0,0,0,0,1,0,0,0,0,0,0,0,0,0,23,55,17,0,2,7,0
0,0,0,0,0,1,1,0,0,0,0,1,0,0,0,0,0,0,0,0,0,28,48,19,0,3,6,0
0,0,0,0,0,1,1,0,0,0,0,1,0,0,0,0,0,0,0,0,0,22,41,32,0,1,2,6
0,0,0,0,0,0,0,0,0,0,0,0,0,0,0,0,0,0,0,0,0,0,0,0,0,0,0,0
0,0,0,0,0,1,1,0,0,0,0,1,0,0,0,0,0,0,0,0,0,41,42,12,0,0,9,0
0,0,0,0,0,1,1,0,0,0,0,1,0,0,0,0,0,0,0,0,0,35,39,21,0,2,0,7
0,0,0,0,0,1,0,0,0,0,0,1,0,0,0,0,0,0,0,0,0,31,43,21,0,6,2,0
0,0,0,0,0,1,1,0,0,0,0,1,0,0,0,0,0,0,0,0,0,24,52,19,0,0,9,0
0,0,0,0,0,2,0,1,0,0,0,2,0,0,0,0,0,0,0,0,0,21,50,24,0,0,1,0
0,0,0,0,0,2,0,0,0,1,0,1,0,0,0,0,0,0,0,0,0,36,42,17,0,6,3,0
0,0,0,0,0,1,1,0,0,0,0,1,0,0,0,0,0,0,0,0,0,25,47,23,0,1,3,5
0,0,0,0,0,1,0,0,0,0,0,1,0,0,0,0,0,0,0,0,0,27,41,27,0,2,7,0
0,0,0,0,0,1,1,0,0,0,0,1,0,0,0,0,0,0,0,0,0,25,45,25,0,4,1,2
0,0,0,0,0,1,2,0,0,0,1,1,0,0,0,0,0,0,0,0,0,32,46,17,0,4,5,0
0,0,0,0,0,3,1,0,0,2,0,1,0,0,0,0,0,0,0,0,0,24,49,22,0,2,1,6
0,0,0,0,0,1,1,0,0,0,0,1,0,0,0,0,0,0,0,0,0,39,31,25,0,0,7,2
0,0,0,0,0,1,0,0,0,0,0,1,0,0,0,0,0,0,0,0,0,29,44,22,0,6,3,0
0,0,0,0,0,0,0,0,0,0,0,0,0,0,0,0,0,0,0,0,0,0,0,0,0,0,0,0
0,0,0,0,0,1,1,0,0,0,0,1,0,0,0,0,0,0,0,0,0,30,45,20,0,8,1,0
0,0,0,0,0,1,1,0,0,0,0,1,0,0,0,0,0,0,0,0,0,32,40,23,0,0,9,0
0,0,0,0,0,1,0,1,0,0,0,2,0,0,0,0,0,0,0,0,0,24,51,20,0,3,5,0
0,0,0,0,0,2,0,0,0,0,0,1,0,0,0,0,0,0,0,0,0,28,44,23,0,9,0,0
0,0,0,0,0,1,1,0,0,0,0,1,0,0,0,0,0,0,0,0,0,38,33,24,0,1,8,0
0,0,0,0,0,1,1,0,0,0,1,1,0,0,0,0,0,0,0,0,0,21,51,23,0,0,5,3
0,0,0,0,0,1,1,0,0,0,0,1,0,0,0,0,0,0,0,0,0,38,33,24,0,2,7,0
0,0,0,0,0,1,1,0,0,0,0,1,0,0,0,0,0,0,0,0,0,26,46,23,0,1,8,0
0,0,0,0,0,1,1,0,0,0,0,1,0,0,0,0,0,0,0,0,0,36,25,34,0,7,0,2
0,0,0,0,0,1,1,0,0,0,0,1,0,0,0,0,0,0,0,0,0,40,36,19,0,9,0,0
0,0,0,0,0,1,0,0,0,0,0,1,0,0,0,0,0,0,0,0,0,36,40,19,0,5,0,4
0,0,0,0,0,1,1,0,0,0,0,1,0,0,0,0,0,0,0,0,0,24,32,39,0,2,4,3
0,0,0,0,0,1,1,0,0,0,0,1,0,0,0,0,0,0,0,0,0,33,37,25,0,0,9,0
0,0,0,0,0,2,0,0,0,1,0,1,0,0,0,0,0,0,0,0,0,26,47,22,0,1,1,7
0,0,0,0,0,1,1,0,0,0,0,1,0,0,0,0,0,0,0,0,0,39,34,22,0,4,4,1
0,0,0,0,0,1,0,2,0,0,0,3,0,0,0,0,0,0,0,0,0,32,38,25,0,0,9,0
0,0,0,0,0,1,1,1,0,0,0,2,0,0,0,0,0,0,0,0,0,37,42,16,0,3,6,0
0,0,0,0,0,1,1,0,0,0,0,1,0,0,0,0,0,0,0,0,0,34,39,22,0,0,8,1
0,0,0,0,0,1,1,0,0,0,0,1,0,0,0,0,0,0,0,0,0,34,39,22,0,0,0,8
0,0,0,0,0,1,1,0,0,0,0,1,0,0,0,0,0,0,0,0,0,21,47,27,0,0,6,3
0,0,0,0,0,1,1,0,0,0,1,1,0,0,0,0,0,0,0,0,0,29,46,20,0,0,9,0
0,0,0,0,0,2,0,1,0,0,0,2,0,0,0,0,0,0,0,0,0,30,49,16,0,0,6,2
0,0,0,0,0,1,1,0,0,0,0,1,0,0,0,0,0,0,0,0,0,33,41,21,0,2,7,0
0,0,0,0,0,1,1,0,0,0,0,1,0,0,0,0,0,0,0,0,0,28,39,28,0,1,8,0
0,0,0,0,0,1,1,0,0,0,0,1,0,0,0,0,0,0,0,0,0,26,45,24,0,3,6,0
0,0,0,0,0,2,0,0,0,0,0,1,0,0,0,0,0,0,0,0,0,23,45,27,0,0,0,9
0,0,0,0,0,1,1,0,0,0,0,1,0,0,0,0,0,0,0,0,0,34,35,26,0,0,7,2
0,0,0,0,0,1,1,0,0,0,0,1,0,0,0,0,0,0,0,0,0,29,47,19,0,0,8,1
0,0,0,0,0,1,1,0,0,0,0,1,0,0,0,0,0,0,0,0,0,27,46,22,0,1,8,0
0,0,0,0,0,1,1,0,0,0,0,1,0,0,0,0,0,0,0,0,0,25,59,11,0,0,9,0
0,0,0,0,0,1,1,0,0,0,0,1,0,0,0,0,0,0,0,0,0,21,46,28,0,0,3,6
0,0,0,0,0,1,1,0,0,0,0,1,0,0,0,0,0,0,0,0,0,27,52,16,0,0,1,8
0,0,0,0,0,1,1,0,0,0,0,1,0,0,0,0,0,0,0,0,0,26,46,23,0,0,0,9
0,0,0,0,0,1,1,0,0,0,0,1,0,0,0,0,0,0,0,0,0,31,40,24,0,0,0,9
0,0,0,0,0,1,1,0,0,0,0,1,0,0,0,0,0,0,0,0,0,28,46,21,0,3,4,2
0,0,0,0,0,1,0,0,0,0,0,1,0,0,0,0,0,0,0,0,0,28,41,26,0,9,0,0
0,0,0,0,0,1,0,1,0,0,0,2,0,0,0,0,0,0,0,0,0,34,36,25,0,1,7,1
0,0,0,0,0,2,0,0,0,0,1,1,0,0,0,0,0,0,0,0,0,28,45,22,0,1,6,2
0,0,0,0,0,2,0,0,0,0,0,1,0,0,0,0,0,0,0,0,0,25,46,24,0,0,7,2
0,0,0,0,0,1,1,0,0,0,0,1,0,0,0,0,0,0,0,0,0,24,45,26,0,0,8,1
0,0,0,0,0,0,0,0,0,0,0,0,0,0,0,0,0,0,0,0,0,0,0,0,0,0,0,0
0,0,0,0,0,1,1,0,0,0,0,1,0,0,0,0,0,0,0,0,0,43,38,14,0,7,1,1
0,0,0,0,0,1,1,0,0,0,0,1,0,0,0,0,0,0,0,0,0,32,42,21,0,0,8,1
0,0,0,0,0,1,1,0,0,0,0,1,0,0,0,0,0,0,0,0,0,35,44,16,0,2,6,1
0,0,0,0,0,1,0,0,0,0,0,1,0,0,0,0,0,0,0,0,0,31,47,17,0,1,1,7
0,0,0,0,0,1,1,0,0,0,0,1,0,0,0,0,0,0,0,0,0,41,43,11,0,0,2,7
0,0,0,0,0,1,1,0,0,0,0,1,0,0,0,0,0,0,0,0,0,42,29,24,0,3,4,2
0,0,0,0,0,1,1,0,0,0,0,1,0,0,0,0,0,0,0,0,0,33,33,29,0,9,0,0
0,0,0,0,0,2,0,0,0,1,0,1,0,0,0,0,0,0,0,0,0,29,44,22,0,0,6,3
0,0,0,0,0,1,0,0,0,0,0,1,0,0,0,0,0,0,0,0,0,43,23,29,0,9,0,0
0,0,0,0,0,1,1,0,0,0,0,1,0,0,0,0,0,0,0,0,0,28,41,26,0,3,6,0
0,0,0,0,0,1,1,0,0,0,0,1,0,0,0,0,0,0,0,0,0,26,48,21,0,0,6,3
0,0,0,0,0,1,1,0,0,0,0,1,0,0,0,0,0,0,0,0,0,23,53,19,0,2,2,5
0,0,0,0,0,1,0,0,0,0,0,1,0,0,0,0,0,0,0,0,0,30,37,28,0,7,2,0
0,0,0,0,0,1,1,0,0,0,0,1,0,0,0,0,0,0,0,0,0,32,47,16,0,1,0,8
0,0,0,0,0,2,0,0,0,0,0,1,0,0,0,0,0,0,0,0,0,32,44,19,0,4,1,4
0,0,0,0,0,1,1,0,0,0,0,1,0,0,0,0,0,0,0,0,0,27,56,12,0,0,8,0
0,0,0,0,0,1,1,0,0,0,0,1,0,0,0,0,0,0,0,0,0,29,36,30,0,0,9,0
0,0,0,0,0,2,0,0,0,0,0,1,0,0,0,0,0,0,0,0,0,38,46,11,0,1,8,0
0,0,0,0,0,1,1,0,0,0,0,1,0,0,0,0,0,0,0,0,0,40,33,22,0,8,0,0
0,0,0,0,0,1,1,0,0,0,0,1,0,0,0,0,0,0,0,0,0,31,47,17,0,7,2,0
0,0,0,0,0,1,1,0,0,0,0,1,0,0,0,0,0,0,0,0,0,25,17,53,0,0,8,1
0,0,0,0,0,1,1,0,0,0,0,1,0,0,0,0,0,0,0,0,0,15,46,34,0,0,7,1
0,0,0,0,0,1,1,0,0,0,0,1,0,0,0,0,0,0,0,0,0,25,37,33,0,1,8,0
0,0,0,0,0,1,1,0,0,0,0,1,0,0,0,0,0,0,0,0,0,30,43,22,0,0,5,4
0,0,0,0,0,1,2,0,0,0,1,1,0,0,0,0,0,0,0,0,0,29,34,32,0,5,4,0
0,0,0,0,0,1,1,0,0,0,0,1,0,0,0,0,0,0,0,0,0,19,51,25,0,0,9,0
0,0,0,0,0,1,1,1,0,0,0,2,0,0,0,0,0,0,0,0,0,29,48,18,0,7,0,2
0,0,0,0,0,2,0,0,0,0,0,1,0,0,0,0,0,0,0,0,0,30,46,19,0,7,2,0
0,0,0,0,0,1,1,0,0,0,0,1,0,0,0,0,0,0,0,0,0,32,48,15,0,5,3,0
0,0,0,0,0,1,1,0,0,0,0,1,0,0,0,0,0,0,0,0,0,31,43,21,0,0,6,3
0,0,0,0,0,1,1,0,0,0,0,1,0,0,0,0,0,0,0,0,0,23,51,21,0,5,4,0
0,0,0,0,0,1,1,0,0,0,0,1,0,0,0,0,0,0,0,0,0,9,65,21,0,6,3,0
0,0,0,0,0,2,0,0,0,1,0,1,0,0,0,0,0,0,0,0,0,26,52,17,0,8,0,1
0,0,0,0,0,1,1,0,0,0,0,1,0,0,0,0,0,0,0,0,0,24,47,24,0,1,2,6
0,0,0,0,0,1,0,0,0,0,0,1,0,0,0,0,0,0,0,0,0,30,43,22,0,0,6,3
0,0,0,0,0,1,1,0,0,0,0,1,0,0,0,0,0,0,0,0,0,26,46,23,0,5,4,0
0,0,0,0,0,1,1,0,0,0,0,1,0,0,0,0,0,0,0,0,0,28,39,28,0,6,3,0
0,0,0,0,0,1,1,0,0,0,0,1,0,0,0,0,0,0,0,0,0,36,36,23,0,8,0,1
0,0,0,0,0,1,0,0,0,0,0,1,0,0,0,0,0,0,0,0,0,28,41,26,0,0,9,0
0,0,0,0,0,1,1,0,0,0,0,1,0,0,0,0,0,0,0,0,0,55,35,5,0,8,0,1
0,0,0,0,0,1,1,0,0,0,0,1,0,0,0,0,0,0,0,0,0,30,51,14,0,0,7,1
0,0,0,0,0,1,1,0,0,0,0,1,0,0,0,0,0,0,0,0,0,33,42,20,0,1,8,0
0,0,0,0,0,0,0,0,0,0,0,0,0,0,0,0,0,0,0,0,0,0,0,0,0,0,0,0
0,0,0,0,0,1,1,0,0,0,0,1,0,0,0,0,0,0,0,0,0,28,33,34,0,9,0,0
0,0,0,0,0,1,1,0,0,0,0,1,0,0,0,0,0,0,0,0,0,26,52,17,0,9,0,0
0,0,0,0,0,1,1,0,0,0,0,1,0,0,0,0,0,0,0,0,0,30,42,23,0,2,1,6
0,0,0,0,0,1,1,0,0,0,0,1,0,0,0,0,0,0,0,0,0,67,28,0,0,6,0,0
0,0,0,0,0,0,0,0,0,0,0,0,0,0,0,0,0,0,0,0,0,0,0,0,0,0,0,0
0,0,0,0,0,1,1,0,0,0,0,1,0,0,0,0,0,0,0,0,0,35,46,14,0,1,8,0
0,0,0,0,0,2,0,0,0,0,0,1,0,0,0,0,0,0,0,0,0,34,41,20,0,0,7,2
0,0,0,0,0,1,0,1,0,0,0,2,0,0,0,0,0,0,0,0,0,34,39,22,0,3,5,1
0,0,0,0,0,1,1,0,0,0,0,1,0,0,0,0,0,0,0,0,0,36,37,22,0,5,4,0
0,0,0,0,0,1,1,0,0,0,0,1,0,0,0,0,0,0,0,0,0,32,42,21,0,5,3,1
0,0,0,0,0,1,1,0,0,0,0,1,0,0,0,0,0,0,0,0,0,37,30,28,0,0,6,2
0,0,0,0,0,1,1,0,0,0,1,1,0,0,0,0,0,0,0,0,0,33,41,21,0,0,9,0
0,0,0,0,0,1,1,0,0,0,1,1,0,0,0,0,0,0,0,0,0,25,47,23,0,6,1,2
0,0,0,0,0,1,0,0,0,0,0,1,0,0,0,0,0,0,0,0,0,39,45,11,0,1,8,0
0,0,0,0,0,1,1,0,0,0,0,1,0,0,0,0,0,0,0,0,0,36,40,19,0,1,8,0
0,0,0,0,0,1,1,0,0,0,0,1,0,0,0,0,0,0,0,0,0,47,19,29,0,8,0,0
0,0,0,0,0,1,1,0,0,0,0,1,0,0,0,0,0,0,0,0,0,22,50,23,0,0,9,0
0,0,0,0,0,1,1,0,0,0,0,1,0,0,0,0,0,0,0,0,0,38,42,15,0,5,4,0
0,0,0,0,0,1,1,0,0,0,0,1,0,0,0,0,0,0,0,0,0,34,31,30,0,0,1,8
0,0,0,0,0,1,1,0,0,0,0,1,0,0,0,0,0,0,0,0,0,28,45,22,0,1,7,1
0,0,0,0,0,1,1,0,0,0,0,1,0,0,0,0,0,0,0,0,0,29,41,25,0,0,6,3
0,0,0,0,0,1,1,0,0,0,0,1,0,0,0,0,0,0,0,0,0,31,50,14,0,4,4,1
0,0,0,0,0,1,1,0,0,0,0,1,0,0,0,0,0,0,0,0,0,30,45,20,0,0,2,7
0,0,0,0,0,1,1,0,0,0,0,1,0,0,0,0,0,0,0,0,0,33,44,18,0,9,0,0
0,0,0,0,0,1,1,0,0,0,0,1,0,0,0,0,0,0,0,0,0,27,47,21,0,9,0,0
0,0,0,0,0,1,1,0,0,0,0,1,0,0,0,0,0,0,0,0,0,24,53,18,0,9,0,0
0,0,0,0,0,1,0,0,0,0,0,1,0,0,0,0,0,0,0,0,0,38,39,18,0,6,2,0
0,0,0,0,0,2,0,0,0,0,0,1,0,0,0,0,0,0,0,0,0,33,43,19,0,5,0,4
0,0,0,0,0,1,1,0,0,0,0,1,0,0,0,0,0,0,0,0,0,23,54,18,0,0,8,0
0,0,0,0,0,1,1,0,0,0,0,1,0,0,0,0,0,0,0,0,0,22,45,28,0,1,0,8
0,0,0,0,0,2,0,0,0,0,0,1,0,0,0,0,0,0,0,0,0,18,38,39,0,7,0,1
0,0,0,0,0,2,0,0,0,0,0,1,0,0,0,0,0,0,0,0,0,30,40,25,0,2,1,6
0,0,0,0,0,1,0,0,0,0,0,1,0,0,0,0,0,0,0,0,0,28,44,23,0,1,4,4
0,0,0,0,0,0,0,0,0,0,0,0,0,0,0,0,0,0,0,0,0,0,0,0,0,0,0,0
0,0,0,0,0,1,0,0,0,0,0,1,0,0,0,0,0,0,0,0,0,29,38,28,0,0,4,5
0,0,0,0,0,1,1,0,0,0,0,1,0,0,0,0,0,0,0,0,0,35,38,22,0,9,0,0
0,0,0,0,0,1,1,0,0,0,0,1,0,0,0,0,0,0,0,0,0,32,34,29,0,0,9,0
0,0,0,0,0,1,1,0,0,0,0,1,0,0,0,0,0,0,0,0,0,25,53,17,0,2,7,0
0,0,0,0,0,1,1,0,0,0,0,1,0,0,0,0,0,0,0,0,0,41,26,28,0,0,6,3
0,0,0,0,0,0,0,0,0,0,0,0,0,0,0,0,0,0,0,0,0,0,0,0,0,0,0,0
0,0,0,0,0,0,0,0,0,0,0,0,0,0,0,0,0,0,0,0,0,0,0,0,0,0,0,0
0,0,0,0,0,0,0,0,0,0,0,0,0,0,0,0,0,0,0,0,0,0,0,0,0,0,0,0
0,0,0,0,0,1,1,0,0,0,0,1,0,0,0,0,0,0,0,0,0,25,62,8,0,0,9,0
0,0,0,0,0,1,1,0,0,0,1,1,0,0,0,0,0,0,0,0,0,32,39,24,0,6,3,0
0,0,0,0,0,2,0,0,0,0,0,1,0,0,0,0,0,0,0,0,0,20,47,28,0,1,7,1
0,0,0,0,0,1,1,0,0,0,0,1,0,0,0,0,0,0,0,0,0,31,47,17,0,1,8,0
0,0,0,0,0,1,0,1,0,0,0,2,0,0,0,0,0,0,0,0,0,49,31,15,0,9,0,0
0,0,0,0,0,2,0,0,0,1,0,1,0,0,0,0,0,0,0,0,0,27,44,24,0,4,5,0
0,0,0,0,0,1,1,0,0,0,0,1,0,0,0,0,0,0,0,0,0,36,28,31,0,3,3,3
0,0,0,0,0,1,1,0,0,0,0,1,0,0,0,0,0,0,0,0,0,35,37,23,0,2,0,7
0,0,0,0,0,1,0,1,0,0,0,2,0,0,0,0,0,0,0,0,0,30,38,27,0,9,0,0
0,0,0,0,0,1,1,0,0,0,0,1,0,0,0,0,0,0,0,0,0,44,24,27,0,0,8,1
0,0,0,0,0,1,0,0,0,0,0,1,0,0,0,0,0,0,0,0,0,17,40,38,0,1,0,8
0,0,0,0,0,1,1,0,0,0,0,1,0,0,0,0,0,0,0,0,0,38,36,21,0,9,0,0
0,0,0,0,0,0,0,0,0,0,0,0,0,0,0,0,0,0,0,0,0,0,0,0,0,0,0,0
0,0,0,0,0,1,1,0,0,0,0,1,0,0,0,0,0,0,0,0,0,23,51,21,0,2,2,5
0,0,0,0,0,1,1,0,0,0,0,1,0,0,0,0,0,0,0,0,0,22,41,32,0,2,6,1
0,0,0,0,0,1,1,0,0,0,0,1,0,0,0,0,0,0,0,0,0,23,42,30,0,1,0,8
0,0,0,0,0,1,0,0,0,0,0,1,0,0,0,0,0,0,0,0,0,22,50,23,0,0,9,0
0,0,0,0,0,1,1,0,0,0,0,1,0,0,0,0,0,0,0,0,0,35,38,22,0,6,0,3
0,0,0,0,0,1,1,0,0,0,0,1,0,0,0,0,0,0,0,0,0,28,44,23,0,2,3,4
0,0,0,0,0,1,1,0,0,0,0,1,0,0,0,0,0,0,0,0,0,34,49,12,0,2,7,0
0,0,0,0,0,0,0,0,0,0,0,0,0,0,0,0,0,0,0,0,0,0,0,0,0,0,0,0
0,0,0,0,0,2,0,0,0,0,0,1,0,0,0,0,0,0,0,0,0,27,51,17,0,0,9,0
0,0,0,0,0,1,2,0,0,0,1,1,0,0,0,0,0,0,0,0,0,28,42,25,0,0,0,9
0,0,0,0,0,1,1,0,0,0,0,1,0,0,0,0,0,0,0,0,0,40,31,24,0,4,4,1
0,0,0,0,0,2,0,0,0,0,0,1,0,0,0,0,0,0,0,0,0,26,44,25,0,3,6,0
0,0,0,0,0,1,0,1,0,0,0,2,0,0,0,0,0,0,0,0,0,35,32,28,0,0,0,9
0,0,0,0,0,1,3,0,0,0,2,1,0,0,0,0,0,0,0,0,0,29,46,20,0,5,2,2
0,0,0,0,0,1,1,0,0,0,0,1,0,0,0,0,0,0,0,0,0,29,49,17,0,8,0,0
0,0,0,0,0,2,0,0,0,0,0,1,0,0,0,0,0,0,0,0,0,27,47,21,0,5,4,0
0,0,0,0,0,1,1,0,0,0,0,1,0,0,0,0,0,0,0,0,0,36,41,18,0,5,4,0
0,0,0,0,0,1,1,0,0,0,0,1,0,0,0,0,0,0,0,0,0,19,56,20,0,4,4,0
0,0,0,0,0,1,1,0,0,0,0,1,0,0,0,0,0,0,0,0,0,14,64,17,0,0,0,9
0,0,0,0,0,1,1,0,0,0,0,1,0,0,0,0,0,0,0,0,0,18,47,30,0,9,0,0
0,0,0,0,0,1,1,0,0,0,0,1,0,0,0,0,0,0,0,0,0,32,46,17,0,5,1,3
0,0,0,0,0,1,1,0,0,0,0,1,0,0,0,0,0,0,0,0,0,16,60,19,0,2,0,0
0,0,0,0,0,1,0,0,0,0,0,1,0,0,0,0,0,0,0,0,0,31,41,23,0,0,9,0
0,0,0,0,0,2,0,0,0,0,0,1,0,0,0,0,0,0,0,0,0,21,49,25,0,0,0,9
0,0,0,0,0,1,1,0,0,0,0,1,0,0,0,0,0,0,0,0,0,30,41,24,0,4,5,0
0,0,0,0,0,1,1,0,0,0,0,1,0,0,0,0,0,0,0,0,0,36,37,22,0,4,3,2
0,0,0,0,0,1,1,0,0,0,0,1,0,0,0,0,0,0,0,0,0,31,39,25,0,0,7,2
0,0,0,0,0,1,1,0,0,0,0,1,0,0,0,0,0,0,0,0,0,32,41,22,0,3,5,1
0,0,0,0,0,1,1,0,0,0,0,1,0,0,0,0,0,0,0,0,0,27,43,25,0,0,6,3
0,0,0,0,0,1,0,0,0,0,0,1,0,0,0,0,0,0,0,0,0,32,47,16,0,2,7,0
0,0,0,0,0,1,1,0,0,0,0,1,0,0,0,0,0,0,0,0,0,17,50,28,0,0,7,2
0,0,0,0,0,1,1,0,0,0,0,1,0,0,0,0,0,0,0,0,0,26,63,6,0,0,5,3
0,0,0,0,0,1,2,0,0,0,1,1,0,0,0,0,0,0,0,0,0,22,35,38,0,0,9,0
0,0,0,0,0,1,1,1,0,0,0,2,0,0,0,0,0,0,0,0,0,24,48,23,0,0,2,7
0,0,0,0,0,0,0,0,0,0,0,0,0,0,0,0,0,0,0,0,0,0,0,0,0,0,0,0
0,0,0,0,0,1,1,0,0,0,0,1,0,0,0,0,0,0,0,0,0,25,45,25,0,0,8,1
0,0,0,0,0,1,1,0,0,0,0,1,0,0,0,0,0,0,0,0,0,38,31,26,0,0,6,3
0,0,0,0,0,1,1,0,0,0,0,1,0,0,0,0,0,0,0,0,0,26,44,25,0,2,0,7
0,0,0,0,0,1,1,0,0,0,0,1,0,0,0,0,0,0,0,0,0,32,42,21,0,9,0,0
0,0,0,0,0,2,0,0,0,0,0,1,0,0,0,0,0,0,0,0,0,25,42,28,0,0,9,0
0,0,0,0,0,1,0,0,0,0,0,1,0,0,0,0,0,0,0,0,0,36,40,19,0,7,2,0
0,0,0,0,0,1,1,0,0,0,0,1,0,0,0,0,0,0,0,0,0,41,41,13,0,3,3,3
0,0,0,0,0,1,1,0,0,0,0,1,0,0,0,0,0,0,0,0,0,33,42,20,0,4,3,2
0,0,0,0,0,1,0,0,0,0,0,1,0,0,0,0,0,0,0,0,0,27,57,11,0,0,9,0
0,0,0,0,0,1,1,0,0,0,0,1,0,0,0,0,0,0,0,0,0,26,51,18,0,4,3,2
0,0,0,0,0,1,0,0,0,0,0,1,0,0,0,0,0,0,0,0,0,33,42,20,0,2,7,0
0,0,0,0,0,1,1,0,0,0,0,1,0,0,0,0,0,0,0,0,0,30,63,2,0,0,0,9
0,0,0,0,0,1,1,0,0,0,0,1,0,0,0,0,0,0,0,0,0,28,43,24,0,0,8,1
0,0,0,0,0,1,1,0,0,0,0,1,0,0,0,0,0,0,0,0,0,30,47,18,0,0,9,0
0,0,0,0,0,1,1,0,0,0,0,1,0,0,0,0,0,0,0,0,0,28,36,31,0,7,2,0
0,0,0,0,0,1,1,0,0,0,0,1,0,0,0,0,0,0,0,0,0,25,52,18,0,0,7,2
0,0,0,0,0,1,1,0,0,0,0,1,0,0,0,0,0,0,0,0,0,32,46,17,0,0,9,0
0,0,0,0,0,1,1,0,0,0,0,1,0,0,0,0,0,0,0,0,0,36,36,23,0,5,2,2
0,0,0,0,0,1,1,0,0,0,0,1,0,0,0,0,0,0,0,0,0,44,33,18,0,3,4,2
0,0,0,0,0,1,1,0,0,0,0,1,0,0,0,0,0,0,0,0,0,26,40,29,0,0,9,0
0,0,0,0,0,1,1,0,0,0,0,1,0,0,0,0,0,0,0,0,0,28,41,26,0,8,0,1
0,0,0,0,0,1,1,0,0,0,0,1,0,0,0,0,0,0,0,0,0,31,42,22,0,8,1,0
0,0,0,0,0,2,0,0,0,0,0,1,0,0,0,0,0,0,0,0,0,7,56,32,0,0,2,7
0,0,0,0,0,1,0,0,0,0,0,1,0,0,0,0,0,0,0,0,0,23,43,29,0,1,8,0
0,0,0,0,0,1,1,0,0,0,0,1,0,0,0,0,0,0,0,0,0,32,42,21,0,0,7,2
0,0,0,0,0,1,0,0,0,0,0,1,0,0,0,0,0,0,0,0,0,14,55,26,0,0,8,0
0,0,0,0,0,1,1,0,0,0,0,1,0,0,0,0,0,0,0,0,0,32,35,28,0,4,4,1
0,0,0,0,0,1,1,0,0,0,0,1,0,0,0,0,0,0,0,0,0,31,42,22,0,2,7,0
0,0,0,0,0,1,1,0,0,0,0,1,0,0,0,0,0,0,0,0,0,38,48,9,0,0,7,0
0,0,0,0,0,1,1,0,0,0,0,1,0,0,0,0,0,0,0,0,0,29,38,28,0,9,0,0
0,0,0,0,0,1,1,0,0,0,0,1,0,0,0,0,0,0,0,0,0,36,42,17,0,0,9,0
0,0,0,0,0,1,1,0,0,0,0,1,0,0,0,0,0,0,0,0,0,47,48,0,0,9,0,0
0,0,0,0,0,1,0,0,0,0,0,1,0,0,0,0,0,0,0,0,0,32,49,14,0,0,3,0
0,0,0,0,0,1,1,0,0,0,0,1,0,0,0,0,0,0,0,0,0,43,37,15,0,0,9,0
0,0,0,0,0,1,1,0,0,0,0,1,0,0,0,0,0,0,0,0,0,23,45,27,0,3,5,0
0,0,0,0,0,1,1,0,0,0,0,1,0,0,0,0,0,0,0,0,0,20,51,24,0,1,6,2
0,0,0,0,0,1,1,0,0,0,0,1,0,0,0,0,0,0,0,0,0,30,42,23,0,0,8,1
0,0,0,0,0,1,1,0,0,0,0,1,0,0,0,0,0,0,0,0,0,36,31,28,0,4,1,4
0,0,0,0,0,1,0,0,0,0,0,1,0,0,0,0,0,0,0,0,0,24,47,24,0,0,8,1
0,0,0,0,0,1,1,0,0,0,0,1,0,0,0,0,0,0,0,0,0,33,45,17,0,7,2,0
0,0,0,0,0,1,1,0,0,0,0,1,0,0,0,0,0,0,0,0,0,24,45,26,0,6,3,0
0,0,0,0,0,0,0,0,0,0,0,0,0,0,0,0,0,0,0,0,0,0,0,0,0,0,0,0
0,0,0,0,0,1,1,0,0,0,0,1,0,0,0,0,0,0,0,0,0,22,48,25,0,3,5,1
0,0,0,0,0,1,1,0,0,0,0,1,0,0,0,0,0,0,0,0,0,34,38,23,0,5,4,0
0,0,0,0,0,1,1,0,0,0,0,1,0,0,0,0,0,0,0,0,0,39,30,26,0,0,0,9
0,0,0,0,0,1,1,0,0,0,0,1,0,0,0,0,0,0,0,0,0,35,44,16,0,8,0,1
0,0,0,0,0,1,1,0,0,0,0,1,0,0,0,0,0,0,0,0,0,36,39,20,0,7,2,0
0,0,0,0,0,1,1,1,0,0,0,2,0,0,0,0,0,0,0,0,0,27,51,17,0,0,8,1
0,0,0,0,0,1,1,0,0,0,0,1,0,0,0,0,0,0,0,0,0,30,45,20,0,9,0,0
0,0,0,0,0,2,0,0,0,0,0,1,0,0,0,0,0,0,0,0,0,36,39,20,0,3,4,0
0,0,0,0,0,1,0,0,0,0,0,1,0,0,0,0,0,0,0,0,0,22,44,29,0,0,4,5
0,0,0,0,0,2,0,0,0,0,0,1,0,0,0,0,0,0,0,0,0,29,46,20,0,1,1,7
0,0,0,0,0,1,0,0,0,0,0,1,0,0,0,0,0,0,0,0,0,35,42,18,0,2,0,7
0,0,0,0,0,1,1,0,0,0,0,1,0,0,0,0,0,0,0,0,0,28,33,34,0,3,5,1
0,0,0,0,0,2,0,0,0,0,0,1,0,0,0,0,0,0,0,0,0,27,49,19,0,2,3,4
0,0,0,0,0,1,1,0,0,0,0,1,0,0,0,0,0,0,0,0,0,31,40,24,0,0,9,0
0,0,0,0,0,2,0,0,0,0,0,1,0,0,0,0,0,0,0,0,0,23,50,22,0,1,6,2
0,0,0,0,0,1,1,0,0,0,0,1,0,0,0,0,0,0,0,0,0,25,42,28,0,0,9,0
0,0,0,0,0,1,1,0,0,0,0,1,0,0,0,0,0,0,0,0,0,26,40,29,0,8,0,1
0,0,0,0,0,2,0,0,0,0,0,1,0,0,0,0,0,0,0,0,0,23,47,25,0,0,6,3
0,0,0,0,0,1,1,0,0,0,0,1,0,0,0,0,0,0,0,0,0,14,48,33,0,0,9,0
0,0,0,0,0,1,1,0,0,0,0,1,0,0,0,0,0,0,0,0,0,22,53,20,0,8,1,0
0,0,0,0,0,2,0,0,0,0,0,1,0,0,0,0,0,0,0,0,0,33,42,20,0,8,1,0
0,0,0,0,0,1,1,0,0,0,0,1,0,0,0,0,0,0,0,0,0,35,38,22,0,9,0,0
0,0,0,0,0,1,1,0,0,0,0,1,0,0,0,0,0,0,0,0,0,27,41,27,0,0,9,0
0,0,0,0,0,2,0,0,0,1,0,1,0,0,0,0,0,0,0,0,0,27,51,17,0,0,2,7
0,0,0,0,0,1,1,0,0,0,0,1,0,0,0,0,0,0,0,0,0,37,32,26,0,0,5,4
0,0,0,0,0,1,1,0,0,0,0,1,0,0,0,0,0,0,0,0,0,31,41,23,0,0,9,0
0,0,0,0,0,1,1,0,0,0,0,1,0,0,0,0,0,0,0,0,0,18,64,13,0,8,1,0
0,0,0,0,0,0,0,0,0,0,0,0,0,0,0,0,0,0,0,0,0,0,0,0,0,0,0,0
0,0,0,0,0,1,1,0,0,0,0,1,0,0,0,0,0,0,0,0,0,20,48,27,0,6,3,0
0,0,0,0,0,1,1,0,0,0,0,1,0,0,0,0,0,0,0,0,0,22,49,24,0,0,8,1
0,0,0,0,0,1,0,0,0,0,0,1,0,0,0,0,0,0,0,0,0,37,48,10,0,7,1,1
0,0,0,0,0,1,1,0,0,0,0,1,0,0,0,0,0,0,0,0,0,29,41,25,0,1,1,7
0,0,0,0,0,1,1,0,0,0,0,1,0,0,0,0,0,0,0,0,0,28,39,28,0,2,7,0
0,0,0,0,0,1,1,0,0,0,0,1,0,0,0,0,0,0,0,0,0,27,49,19,0,9,0,0
0,0,0,0,0,2,0,0,0,0,0,1,0,0,0,0,0,0,0,0,0,24,40,31,0,4,5,0
0,0,0,0,0,1,1,0,0,0,0,1,0,0,0,0,0,0,0,0,0,43,43,9,0,8,1,0
0,0,0,0,0,1,1,0,0,0,0,1,0,0,0,0,0,0,0,0,0,36,31,28,0,0,1,8
0,0,0,0,0,1,1,0,0,0,0,1,0,0,0,0,0,0,0,0,0,27,59,9,0,8,1,0
0,0,0,0,0,1,1,0,0,0,0,1,0,0,0,0,0,0,0,0,0,37,39,19,0,1,6,2
0,0,0,0,0,1,1,0,0,0,0,1,0,0,0,0,0,0,0,0,0,20,29,46,0,7,0,0
0,0,0,0,0,2,0,0,0,0,0,1,0,0,0,0,0,0,0,0,0,43,37,15,0,3,0,5
0,0,0,0,0,1,1,0,0,0,0,1,0,0,0,0,0,0,0,0,0,35,38,22,0,0,0,9
0,0,0,0,0,1,1,0,0,0,1,1,0,0,0,0,0,0,0,0,0,34,43,18,0,7,2,0
