0,0,0,0,0,1,2,0,0,0,2,0,0,0,0,0,0,0,0,0,0,7,3,0,0,1,0,0
0,0,0,0,0,1,1,0,0,0,1,0,0,0,0,0,0,0,0,0,0,3,7,0,0,0,1,0
0,0,22,0,0,3,0,0,0,1,1,0,0,0,1,0,0,0,1,0,0,6,4,0,0,1,0,0
0,17,0,0,0,2,0,0,0,0,1,0,0,2,0,0,0,2,0,0,0,6,4,0,0,1,0,0
0,0,0,0,0,1,1,0,0,0,1,0,0,0,0,0,0,0,0,0,0,5,5,0,0,0,1,0
0,0,0,0,0,0,0,0,0,0,0,0,0,0,0,0,0,0,0,0,0,0,0,0,0,0,0,0
0,0,0,0,0,0,0,0,0,0,0,0,0,0,0,0,0,0,0,0,0,0,0,0,0,0,0,0
0,0,0,0,0,2,0,0,0,1,1,0,0,0,0,0,0,0,0,0,0,5,5,0,0,1,0,0
0,0,0,0,0,1,1,0,0,0,1,0,0,0,0,0,0,0,0,0,0,5,5,0,0,1,0,0
0,0,0,0,0,2,0,0,0,0,1,0,0,0,0,0,0,0,0,0,0,5,5,0,0,1,0,0
0,0,0,0,0,2,1,0,0,1,2,0,0,0,0,0,0,0,0,0,0,6,4,0,0,0,1,0
0,0,0,0,0,2,0,0,0,0,1,0,0,0,0,0,0,0,0,0,0,4,6,0,0,1,0,0
0,0,0,0,0,0,0,0,0,0,0,0,0,0,0,0,0,0,0,0,0,0,0,0,0,0,0,0
0,0,0,0,0,0,0,0,0,0,0,0,0,0,0,0,0,0,0,0,0,0,0,0,0,0,0,0
0,0,27,0,0,1,0,0,0,0,1,0,0,0,1,0,0,0,1,0,0,4,6,0,0,0,1,0
0,0,0,0,0,1,1,0,0,0,1,0,0,0,0,0,0,0,0,0,0,3,7,0,0,1,0,0
0,22,0,0,0,2,0,0,0,0,1,0,0,2,0,0,0,2,0,0,0,7,3,0,0,1,0,0
0,0,25,0,0,1,1,0,0,0,1,0,0,0,1,0,0,0,1,0,0,6,4,0,0,1,0,0
0,27,0,0,0,2,0,0,0,1,1,0,0,1,0,0,0,1,0,0,0,8,2,0,0,1,0,0
0,0,0,0,0,0,0,0,0,0,0,0,0,0,0,0,0,0,0,0,0,0,0,0,0,0,0,0
0,0,0,0,0,0,0,0,0,0,0,0,0,0,0,0,0,0,0,0,0,0,0,0,0,0,0,0
0,0,0,0,0,1,1,0,0,0,1,0,0,0,0,0,0,0,0,0,0,7,3,0,0,0,1,0
0,0,0,0,0,2,0,0,0,0,1,0,0,0,0,0,0,0,0,0,0,7,3,0,0,1,0,0
0,9,16,0,0,2,1,0,0,0,2,0,0,1,0,0,0,0,1,0,0,5,5,0,0,1,0,0
0,0,0,0,0,2,0,0,0,1,1,0,0,0,0,0,0,0,0,0,0,6,4,0,0,0,0,0
0,0,0,0,0,2,0,0,0,0,1,0,0,0,0,0,0,0,0,0,0,6,4,0,0,1,0,0
0,0,0,0,0,0,0,0,0,0,0,0,0,0,0,0,0,0,0,0,0,0,0,0,0,0,0,0
0,0,0,0,0,0,0,0,0,0,0,0,0,0,0,0,0,0,0,0,0,0,0,0,0,0,0,0
0,0,0,0,0,1,1,0,0,0,2,0,0,0,0,0,0,0,0,0,0,6,4,0,0,0,1,0
0,0,0,0,0,2,0,0,0,0,1,0,0,0,0,0,0,0,0,0,0,3,7,0,0,1,0,0
0,0,0,0,0,2,0,0,0,0,1,0,0,0,0,0,0,0,0,0,0,7,3,0,0,1,0,0
0,0,0,0,0,2,0,0,0,0,1,0,0,0,0,0,0,0,0,0,0,6,4,0,0,1,0,0
0,0,0,0,0,2,0,0,0,0,1,0,0,0,0,0,0,0,0,0,0,8,2,0,0,0,1,0
0,0,0,0,0,0,0,0,0,0,0,0,0,0,0,0,0,0,0,0,0,0,0,0,0,0,0,0
0,0,0,0,0,0,0,0,0,0,0,0,0,0,0,0,0,0,0,0,0,0,0,0,0,0,0,0
0,0,24,0,0,1,1,0,0,0,2,0,0,0,1,0,0,0,1,0,0,6,4,0,0,0,1,0
0,0,0,0,0,2,0,0,0,0,1,0,0,0,0,0,0,0,0,0,0,5,5,0,0,0,1,0
0,0,0,0,0,1,1,0,0,0,1,0,0,0,0,0,0,0,0,0,0,5,5,0,0,1,0,0
0,0,0,0,0,1,1,0,0,0,1,0,0,0,0,0,0,0,0,0,0,5,5,0,0,0,1,0
0,0,0,0,0,2,0,0,0,0,1,0,0,0,0,0,0,0,0,0,0,3,7,0,0,0,1,0
0,0,0,0,0,0,0,0,0,0,0,0,0,0,0,0,0,0,0,0,0,0,0,0,0,0,0,0
0,0,0,0,0,0,0,0,0,0,0,0,0,0,0,0,0,0,0,0,0,0,0,0,0,0,0,0
0,0,0,0,0,1,0,0,0,0,1,0,0,0,0,0,0,0,0,0,0,5,5,0,0,0,1,0
0,0,0,0,0,1,1,0,0,0,1,0,0,0,0,0,0,0,0,0,0,7,3,0,0,0,1,0
0,0,0,0,0,1,0,0,0,0,1,0,0,0,0,0,0,0,0,0,0,4,6,0,0,1,0,0
0,0,0,0,0,2,0,0,0,0,1,0,0,0,0,0,0,0,0,0,0,5,5,0,0,1,0,0
0,0,0,0,0,2,0,0,0,0,1,0,0,0,0,0,0,0,0,0,0,6,4,0,0,1,0,0
0,0,0,0,0,0,0,0,0,0,0,0,0,0,0,0,0,0,0,0,0,0,0,0,0,0,0,0
0,0,0,0,0,0,0,0,0,0,0,0,0,0,0,0,0,0,0,0,0,0,0,0,0,0,0,0
0,0,0,0,0,1,1,0,0,0,1,0,0,0,0,0,0,0,0,0,0,5,5,0,0,0,1,0
0,0,0,0,0,1,1,0,0,0,1,0,0,0,0,0,0,0,0,0,0,6,4,0,0,1,0,0
0,0,0,0,0,1,1,0,0,0,1,0,0,0,0,0,0,0,0,0,0,8,2,0,0,1,0,0
0,0,0,0,0,2,0,0,0,0,1,0,0,0,0,0,0,0,0,0,0,6,4,0,0,0,1,0
0,0,0,0,0,1,1,0,0,0,1,0,0,0,0,0,0,0,0,0,0,4,6,0,0,0,1,0
0,0,0,0,0,0,0,0,0,0,0,0,0,0,0,0,0,0,0,0,0,0,0,0,0,0,0,0
0,0,0,0,0,0,0,0,0,0,0,0,0,0,0,0,0,0,0,0,0,0,0,0,0,0,0,0
0,0,0,0,0,3,0,0,0,2,1,0,0,0,0,0,0,0,0,0,0,6,4,0,0,1,0,0
0,7,17,0,0,1,1,0,0,0,1,0,0,1,1,0,0,1,1,0,0,8,2,0,0,0,1,0
0,26,0,0,0,1,1,0,0,0,1,0,0,1,0,0,0,1,0,0,0,1,9,0,0,0,1,0
0,0,0,0,0,4,0,0,0,2,1,0,0,0,0,0,0,0,0,0,0,5,5,0,0,1,0,0
0,23,0,0,0,1,1,0,0,0,1,0,0,2,0,0,0,2,0,0,0,6,4,0,0,1,0,0
0,0,0,0,0,0,0,0,0,0,0,0,0,0,0,0,0,0,0,0,0,0,0,0,0,0,0,0
0,0,0,0,0,0,0,0,0,0,0,0,0,0,0,0,0,0,0,0,0,0,0,0,0,0,0,0
0,0,0,0,0,1,0,0,0,0,1,0,0,0,0,0,0,0,0,0,0,5,5,0,0,0,1,0
0,0,24,0,0,1,1,0,0,0,1,0,0,0,1,0,0,0,1,0,0,9,1,0,0,1,0,0
0,0,0,0,0,1,0,0,0,0,1,0,0,0,0,0,0,0,0,0,0,4,6,0,0,0,1,0
0,0,0,0,0,1,1,0,0,0,1,0,0,0,0,0,0,0,0,0,0,3,7,0,0,0,1,0
0,24,0,0,0,2,1,0,0,0,2,0,0,1,0,0,0,1,0,0,0,5,5,0,0,0,1,0
0,0,0,0,0,0,0,0,0,0,0,0,0,0,0,0,0,0,0,0,0,0,0,0,0,0,0,0
0,0,0,0,0,0,0,0,0,0,0,0,0,0,0,0,0,0,0,0,0,0,0,0,0,0,0,0
0,0,0,0,0,2,0,0,0,0,1,0,0,0,0,0,0,0,0,0,0,4,6,0,0,1,0,0
0,0,0,0,0,1,1,0,0,0,1,0,0,0,0,0,0,0,0,0,0,6,4,0,0,0,1,0
0,26,0,0,0,1,1,0,0,0,1,0,0,1,0,0,0,1,0,0,0,5,5,0,0,1,0,0
0,25,0,0,0,2,0,0,0,1,1,0,0,1,0,0,0,1,0,0,0,8,2,0,0,0,1,0
0,27,0,0,0,1,1,0,0,0,1,0,0,1,0,0,0,1,0,0,0,5,5,0,0,1,0,0
0,0,0,0,0,0,0,0,0,0,0,0,0,0,0,0,0,0,0,0,0,0,0,0,0,0,0,0
0,0,0,0,0,0,0,0,0,0,0,0,0,0,0,0,0,0,0,0,0,0,0,0,0,0,0,0
0,0,0,0,0,2,0,0,0,1,1,0,0,0,0,0,0,0,0,0,0,5,5,0,0,1,0,0
0,0,0,0,0,4,0,0,0,2,1,0,0,0,0,0,0,0,0,0,0,5,5,0,0,1,0,0
0,0,0,0,0,2,1,0,0,0,2,0,0,0,0,0,0,0,0,0,0,1,9,0,0,1,0,0
0,0,0,0,0,2,0,0,0,0,1,0,0,0,0,0,0,0,0,0,0,5,5,0,0,1,0,0
0,0,26,0,0,2,0,0,0,0,1,0,0,0,1,0,0,0,1,0,0,4,6,0,0,0,0,0
0,0,0,0,0,0,0,0,0,0,0,0,0,0,0,0,0,0,0,0,0,0,0,0,0,0,0,0
0,0,0,0,0,0,0,0,0,0,0,0,0,0,0,0,0,0,0,0,0,0,0,0,0,0,0,0
0,0,0,0,0,2,0,0,0,0,1,0,0,0,0,0,0,0,0,0,0,3,7,0,0,1,0,0
0,0,0,0,0,1,1,0,0,0,1,0,0,0,0,0,0,0,0,0,0,6,4,0,0,1,0,0
0,2,17,0,0,2,0,0,0,0,1,0,0,1,1,0,0,0,2,0,0,3,7,0,0,0,1,0
0,25,0,0,0,1,1,0,0,0,1,0,0,1,0,0,0,1,0,0,0,4,6,0,0,1,0,0
0,0,0,0,0,0,0,0,0,0,0,0,0,0,0,0,0,0,0,0,0,0,0,0,0,0,0,0
0,0,0,0,0,0,0,0,0,0,0,0,0,0,0,0,0,0,0,0,0,0,0,0,0,0,0,0
0,0,0,0,0,0,0,0,0,0,0,0,0,0,0,0,0,0,0,0,0,0,0,0,0,0,0,0
0,0,0,0,0,2,0,0,0,1,1,0,0,0,0,0,0,0,0,0,0,5,5,0,0,1,0,0
0,0,0,0,0,1,1,0,0,0,2,0,0,0,0,0,0,0,0,0,0,7,3,0,0,0,1,0
0,0,0,0,0,2,1,0,0,0,2,0,0,0,0,0,0,0,0,0,0,6,4,0,0,0,1,0
0,0,0,0,0,1,1,0,0,0,1,0,0,0,0,0,0,0,0,0,0,5,5,0,0,0,1,0
0,26,0,0,0,1,1,0,0,0,1,0,0,1,0,0,0,1,0,0,0,6,4,0,0,1,0,0
0,0,0,0,0,0,0,0,0,0,0,0,0,0,0,0,0,0,0,0,0,0,0,0,0,0,0,0
0,0,0,0,0,0,0,0,0,0,0,0,0,0,0,0,0,0,0,0,0,0,0,0,0,0,0,0
0,0,27,0,0,1,2,0,0,0,2,0,0,0,1,0,0,0,1,0,0,3,7,0,0,0,1,0
0,0,0,0,0,2,0,0,0,0,1,0,0,0,0,0,0,0,0,0,0,6,4,0,0,1,0,0
0,0,0,0,0,3,0,0,0,1,1,0,0,0,0,0,0,0,0,0,0,6,4,0,0,0,1,0
0,0,0,0,0,2,0,0,0,0,1,0,0,0,0,0,0,0,0,0,0,5,5,0,0,1,0,0
0,0,0,0,0,1,1,0,0,0,2,0,0,0,0,0,0,0,0,0,0,6,4,0,0,0,1,0
0,0,0,0,0,0,0,0,0,0,0,0,0,0,0,0,0,0,0,0,0,0,0,0,0,0,0,0
0,0,0,0,0,0,0,0,0,0,0,0,0,0,0,0,0,0,0,0,0,0,0,0,0,0,0,0
0,0,27,0,0,2,0,0,0,0,1,0,0,0,1,0,0,0,1,0,0,7,3,0,0,0,1,0
0,0,0,0,0,2,0,0,0,0,1,0,0,0,0,0,0,0,0,0,0,3,7,0,0,1,0,0
0,0,0,0,0,1,1,0,0,0,1,0,0,0,0,0,0,0,0,0,0,4,6,0,0,0,1,0
0,0,0,0,0,2,0,0,0,0,1,0,0,0,0,0,0,0,0,0,0,5,5,0,0,0,1,0
0,0,0,0,0,2,0,0,0,0,1,0,0,0,0,0,0,0,0,0,0,5,5,0,0,1,0,0
0,0,0,0,0,0,0,0,0,0,0,0,0,0,0,0,0,0,0,0,0,0,0,0,0,0,0,0
0,0,0,0,0,0,0,0,0,0,0,0,0,0,0,0,0,0,0,0,0,0,0,0,0,0,0,0
0,27,0,0,0,2,0,0,0,1,1,0,0,1,0,0,0,1,0,0,0,5,5,0,0,0,1,0
0,0,0,0,0,2,0,0,0,1,1,0,0,0,0,0,0,0,0,0,0,3,7,0,0,0,1,0
0,19,6,0,0,2,0,0,0,0,1,0,0,1,0,0,0,0,1,0,0,6,4,0,0,1,0,0
0,20,2,0,0,1,1,0,0,0,1,0,0,2,0,0,0,1,1,0,0,5,5,0,0,0,1,0
0,0,0,0,0,2,0,0,0,1,1,0,0,0,0,0,0,0,0,0,0,5,5,0,0,0,1,0
0,0,0,0,0,0,0,0,0,0,0,0,0,0,0,0,0,0,0,0,0,0,0,0,0,0,0,0
0,0,0,0,0,0,0,0,0,0,0,0,0,0,0,0,0,0,0,0,0,0,0,0,0,0,0,0
0,0,25,0,0,1,1,0,0,0,1,0,0,0,1,0,0,0,1,0,0,6,4,0,0,0,1,0
0,27,0,0,0,1,1,0,0,0,1,0,0,1,0,0,0,1,0,0,0,7,3,0,0,0,1,0
0,0,0,0,0,2,0,0,0,0,1,0,0,0,0,0,0,0,0,0,0,7,3,0,0,1,0,0
0,0,27,0,0,1,1,0,0,0,1,0,0,0,2,0,0,0,2,0,0,3,7,0,0,1,0,0
0,0,0,0,0,1,1,0,0,0,1,0,0,0,0,0,0,0,0,0,0,4,6,0,0,0,1,0
0,0,0,0,0,0,0,0,0,0,0,0,0,0,0,0,0,0,0,0,0,0,0,0,0,0,0,0
0,0,0,0,0,0,0,0,0,0,0,0,0,0,0,0,0,0,0,0,0,0,0,0,0,0,0,0
0,0,0,0,0,2,0,0,0,0,1,0,0,0,0,0,0,0,0,0,0,5,5,0,0,0,0,0
0,0,27,0,0,2,0,0,0,0,1,0,0,0,1,0,0,0,1,0,0,5,5,0,0,0,1,0
0,24,0,0,0,1,1,0,0,0,1,0,0,1,0,0,0,1,0,0,0,5,5,0,0,1,0,0
0,0,0,0,0,1,1,0,0,0,2,0,0,0,0,0,0,0,0,0,0,5,5,0,0,1,0,0
0,0,27,0,0,1,1,0,0,0,1,0,0,0,1,0,0,0,1,0,0,5,5,0,0,1,0,0
0,0,0,0,0,0,0,0,0,0,0,0,0,0,0,0,0,0,0,0,0,0,0,0,0,0,0,0
0,0,0,0,0,0,0,0,0,0,0,0,0,0,0,0,0,0,0,0,0,0,0,0,0,0,0,0
0,0,0,0,0,2,0,0,0,0,1,0,0,0,0,0,0,0,0,0,0,1,9,0,0,0,1,0
0,0,0,0,0,3,0,0,0,1,1,0,0,0,0,0,0,0,0,0,0,7,3,0,0,1,0,0
0,27,0,0,0,2,0,0,0,0,1,0,0,1,0,0,0,1,0,0,0,6,4,0,0,0,1,0
0,0,0,0,0,3,0,0,0,1,1,0,0,0,0,0,0,0,0,0,0,5,5,0,0,1,0,0
0,0,27,0,0,2,0,0,0,0,1,0,0,0,1,0,0,0,1,0,0,3,7,0,0,0,1,0
0,0,0,0,0,0,0,0,0,0,0,0,0,0,0,0,0,0,0,0,0,0,0,0,0,0,0,0
0,0,0,0,0,0,0,0,0,0,0,0,0,0,0,0,0,0,0,0,0,0,0,0,0,0,0,0
0,0,0,0,0,2,0,0,0,0,1,0,0,0,0,0,0,0,0,0,0,5,5,0,0,1,0,0
0,27,0,0,0,2,0,0,0,0,1,0,0,1,0,0,0,1,0,0,0,7,3,0,0,0,1,0
0,0,0,0,0,1,1,0,0,0,1,0,0,0,0,0,0,0,0,0,0,5,5,0,0,0,1,0
0,0,0,0,0,2,0,0,0,1,1,0,0,0,0,0,0,0,0,0,0,6,4,0,0,1,0,0
0,15,7,0,0,2,0,0,0,0,1,0,0,1,1,0,0,1,1,0,0,4,6,0,0,0,1,0
0,0,0,0,0,0,0,0,0,0,0,0,0,0,0,0,0,0,0,0,0,0,0,0,0,0,0,0
0,0,0,0,0,0,0,0,0,0,0,0,0,0,0,0,0,0,0,0,0,0,0,0,0,0,0,0
0,0,0,0,0,0,0,0,0,0,0,0,0,0,0,0,0,0,0,0,0,0,0,0,0,0,0,0
0,0,25,0,0,1,0,0,0,0,1,0,0,0,1,0,0,0,1,0,0,5,5,0,0,1,0,0
0,0,0,0,0,2,0,0,0,0,1,0,0,0,0,0,0,0,0,0,0,4,6,0,0,1,0,0
0,0,0,0,0,2,0,0,0,0,1,0,0,0,0,0,0,0,0,0,0,8,2,0,0,0,1,0
0,0,24,0,0,2,0,0,0,0,1,0,0,0,1,0,0,0,1,0,0,3,7,0,0,1,0,0
0,0,0,0,0,0,0,0,0,0,0,0,0,0,0,0,0,0,0,0,0,0,0,0,0,0,0,0
0,0,0,0,0,0,0,0,0,0,0,0,0,0,0,0,0,0,0,0,0,0,0,0,0,0,0,0
0,0,0,0,0,2,1,0,0,0,2,0,0,0,0,0,0,0,0,0,0,7,3,0,0,0,1,0
0,0,0,0,0,2,0,0,0,0,1,0,0,0,0,0,0,0,0,0,0,5,5,0,0,0,1,0
0,0,0,0,0,2,0,0,0,1,1,0,0,0,0,0,0,0,0,0,0,5,5,0,0,1,0,0
0,0,0,0,0,3,0,0,0,1,1,0,0,0,0,0,0,0,0,0,0,6,4,0,0,1,0,0
0,0,0,0,0,1,1,0,0,0,1,0,0,0,0,0,0,0,0,0,0,4,6,0,0,0,1,0
0,0,0,0,0,0,0,0,0,0,0,0,0,0,0,0,0,0,0,0,0,0,0,0,0,0,0,0
0,0,0,0,0,0,0,0,0,0,0,0,0,0,0,0,0,0,0,0,0,0,0,0,0,0,0,0
0,0,25,0,0,2,0,0,0,0,2,0,0,0,1,0,0,0,1,0,0,6,4,0,0,1,0,0
0,0,0,0,0,1,1,0,0,0,1,0,0,0,0,0,0,0,0,0,0,5,5,0,0,1,0,0
0,0,23,0,0,1,1,0,0,0,1,0,0,0,1,0,0,0,1,0,0,2,8,0,0,1,0,0
0,0,0,0,0,2,0,0,0,0,1,0,0,0,0,0,0,0,0,0,0,7,3,0,0,0,1,0
0,0,0,0,0,2,0,0,0,0,1,0,0,0,0,0,0,0,0,0,0,7,3,0,0,1,0,0
0,0,0,0,0,0,0,0,0,0,0,0,0,0,0,0,0,0,0,0,0,0,0,0,0,0,0,0
0,0,0,0,0,0,0,0,0,0,0,0,0,0,0,0,0,0,0,0,0,0,0,0,0,0,0,0
0,0,27,0,0,1,1,0,0,0,2,0,0,0,1,0,0,0,1,0,0,4,6,0,0,0,1,0
0,0,0,0,0,2,0,0,0,0,1,0,0,0,0,0,0,0,0,0,0,3,7,0,0,1,0,0
0,0,0,0,0,3,0,0,0,2,1,0,0,0,0,0,0,0,0,0,0,6,4,0,0,1,0,0
0,0,0,0,0,2,0,0,0,0,1,0,0,0,0,0,0,0,0,0,0,7,3,0,0,0,1,0
0,0,27,0,0,1,1,0,0,0,1,0,0,0,1,0,0,0,1,0,0,6,4,0,0,0,1,0
0,0,0,0,0,0,0,0,0,0,0,0,0,0,0,0,0,0,0,0,0,0,0,0,0,0,0,0
0,0,0,0,0,0,0,0,0,0,0,0,0,0,0,0,0,0,0,0,0,0,0,0,0,0,0,0
0,0,0,0,0,2,0,0,0,1,1,0,0,0,0,0,0,0,0,0,0,3,7,0,0,1,0,0
0,0,0,0,0,1,1,0,0,0,1,0,0,0,0,0,0,0,0,0,0,3,7,0,0,0,1,0
0,26,0,0,0,1,1,0,0,0,1,0,0,1,0,0,0,1,0,0,0,3,7,0,0,0,1,0
0,0,0,0,0,2,0,0,0,0,1,0,0,0,0,0,0,0,0,0,0,6,4,0,0,0,0,0
0,0,0,0,0,1,1,0,0,0,2,0,0,0,0,0,0,0,0,0,0,5,5,0,0,1,0,0
0,0,0,0,0,0,0,0,0,0,0,0,0,0,0,0,0,0,0,0,0,0,0,0,0,0,0,0
0,0,0,0,0,0,0,0,0,0,0,0,0,0,0,0,0,0,0,0,0,0,0,0,0,0,0,0
0,0,0,0,0,0,0,0,0,0,0,0,0,0,0,0,0,0,0,0,0,0,0,0,0,0,0,0
0,26,0,0,0,2,0,0,0,1,1,0,0,1,0,0,0,1,0,0,0,9,1,0,0,1,0,0
0,0,0,0,0,1,1,0,0,0,1,0,0,0,0,0,0,0,0,0,0,6,4,0,0,1,0,0
0,0,0,0,0,2,1,0,0,0,2,0,0,0,0,0,0,0,0,0,0,5,5,0,0,0,1,0
0,0,27,0,0,2,0,0,0,0,1,0,0,0,1,0,0,0,1,0,0,4,6,0,0,1,0,0
0,0,0,0,0,0,0,0,0,0,0,0,0,0,0,0,0,0,0,0,0,0,0,0,0,0,0,0
0,0,0,0,0,0,0,0,0,0,0,0,0,0,0,0,0,0,0,0,0,0,0,0,0,0,0,0
0,27,0,0,0,1,1,0,0,0,1,0,0,1,0,0,0,1,0,0,0,4,6,0,0,0,1,0
0,0,0,0,0,2,0,0,0,0,1,0,0,0,0,0,0,0,0,0,0,2,8,0,0,1,0,0
0,15,12,0,0,1,1,0,0,0,1,0,0,1,1,0,0,1,1,0,0,4,6,0,0,1,0,0
0,27,0,0,0,1,1,0,0,0,1,0,0,1,0,0,0,1,0,0,0,5,5,0,0,0,1,0
0,0,0,0,0,1,1,0,0,0,1,0,0,0,0,0,0,0,0,0,0,2,8,0,0,1,0,0
0,0,0,0,0,0,0,0,0,0,0,0,0,0,0,0,0,0,0,0,0,0,0,0,0,0,0,0
0,0,0,0,0,0,0,0,0,0,0,0,0,0,0,0,0,0,0,0,0,0,0,0,0,0,0,0
0,0,0,0,0,2,0,0,0,0,1,0,0,0,0,0,0,0,0,0,0,5,5,0,0,1,0,0
0,27,0,0,0,1,1,0,0,0,1,0,0,1,0,0,0,1,0,0,0,3,7,0,0,1,0,0
0,0,0,0,0,1,1,0,0,0,1,0,0,0,0,0,0,0,0,0,0,5,5,0,0,0,1,0
0,21,0,0,0,2,0,0,0,1,1,0,0,1,0,0,0,1,0,0,0,6,4,0,0,0,1,0
0,0,27,0,0,1,1,0,0,0,1,0,0,0,1,0,0,0,1,0,0,3,7,0,0,0,1,0
0,0,0,0,0,0,0,0,0,0,0,0,0,0,0,0,0,0,0,0,0,0,0,0,0,0,0,0
0,0,0,0,0,0,0,0,0,0,0,0,0,0,0,0,0,0,0,0,0,0,0,0,0,0,0,0
0,0,0,0,0,1,1,0,0,0,1,0,0,0,0,0,0,0,0,0,0,5,5,0,0,1,0,0
0,0,0,0,0,2,0,0,0,0,1,0,0,0,0,0,0,0,0,0,0,6,4,0,0,0,1,0
0,0,0,0,0,2,0,0,0,0,1,0,0,0,0,0,0,0,0,0,0,4,6,0,0,1,0,0
0,0,0,0,0,2,0,0,0,1,1,0,0,0,0,0,0,0,0,0,0,8,2,0,0,1,0,0
0,27,0,0,0,1,1,0,0,0,1,0,0,1,0,0,0,1,0,0,0,5,5,0,0,1,0,0
0,0,0,0,0,0,0,0,0,0,0,0,0,0,0,0,0,0,0,0,0,0,0,0,0,0,0,0
0,0,0,0,0,0,0,0,0,0,0,0,0,0,0,0,0,0,0,0,0,0,0,0,0,0,0,0
0,0,0,0,0,2,1,0,0,0,2,0,0,0,0,0,0,0,0,0,0,6,4,0,0,0,1,0
0,0,27,0,0,1,1,0,0,0,1,0,0,0,1,0,0,0,1,0,0,5,5,0,0,0,1,0
0,3,24,0,0,2,1,0,0,1,2,0,0,1,1,0,0,1,1,0,0,2,8,0,0,0,1,0
0,0,0,0,0,1,1,0,0,0,1,0,0,0,0,0,0,0,0,0,0,5,5,0,0,1,0,0
0,27,0,0,0,1,1,0,0,0,1,0,0,1,0,0,0,1,0,0,0,5,5,0,0,0,1,0
0,0,0,0,0,0,0,0,0,0,0,0,0,0,0,0,0,0,0,0,0,0,0,0,0,0,0,0
0,0,0,0,0,0,0,0,0,0,0,0,0,0,0,0,0,0,0,0,0,0,0,0,0,0,0,0
0,0,0,0,0,2,1,0,0,1,1,0,0,0,0,0,0,0,0,0,0,6,4,0,0,1,0,0
0,0,27,0,0,2,0,0,0,0,1,0,0,0,1,0,0,0,1,0,0,2,8,0,0,1,0,0
0,0,0,0,0,2,0,0,0,0,1,0,0,0,0,0,0,0,0,0,0,5,5,0,0,0,1,0
0,0,0,0,0,3,0,0,0,1,1,0,0,0,0,0,0,0,0,0,0,6,4,0,0,1,0,0
0,0,0,0,0,2,0,0,0,0,1,0,0,0,0,0,0,0,0,0,0,5,5,0,0,0,1,0
0,0,0,0,0,0,0,0,0,0,0,0,0,0,0,0,0,0,0,0,0,0,0,0,0,0,0,0
0,0,0,0,0,0,0,0,0,0,0,0,0,0,0,0,0,0,0,0,0,0,0,0,0,0,0,0
0,0,25,0,0,1,1,0,0,0,1,0,0,0,1,0,0,0,1,0,0,4,6,0,0,0,1,0
0,0,0,0,0,1,1,0,0,0,1,0,0,0,0,0,0,0,0,0,0,6,4,0,0,1,0,0
0,0,0,0,0,3,0,0,0,1,1,0,0,0,0,0,0,0,0,0,0,4,6,0,0,0,1,0
0,0,0,0,0,1,0,0,0,0,1,0,0,0,0,0,0,0,0,0,0,7,3,0,0,1,0,0
0,0,0,0,0,2,0,0,0,0,1,0,0,0,0,0,0,0,0,0,0,7,3,0,0,0,1,0
0,0,0,0,0,0,0,0,0,0,0,0,0,0,0,0,0,0,0,0,0,0,0,0,0,0,0,0
0,0,0,0,0,0,0,0,0,0,0,0,0,0,0,0,0,0,0,0,0,0,0,0,0,0,0,0
0,16,4,0,0,1,0,0,0,0,1,0,0,1,1,0,0,1,1,0,0,8,2,0,0,0,1,0
0,23,0,0,0,1,1,0,0,0,1,0,0,1,0,0,0,1,0,0,0,6,4,0,0,0,1,0
0,0,0,0,0,2,0,0,0,0,1,0,0,0,0,0,0,0,0,0,0,5,5,0,0,1,0,0
0,0,0,0,0,1,1,0,0,0,1,0,0,0,0,0,0,0,0,0,0,6,4,0,0,0,1,0
0,0,0,0,0,1,1,0,0,0,1,0,0,0,0,0,0,0,0,0,0,4,6,0,0,0,1,0
0,0,0,0,0,0,0,0,0,0,0,0,0,0,0,0,0,0,0,0,0,0,0,0,0,0,0,0
0,0,0,0,0,0,0,0,0,0,0,0,0,0,0,0,0,0,0,0,0,0,0,0,0,0,0,0
0,0,0,0,0,1,1,0,0,0,1,0,0,0,0,0,0,0,0,0,0,5,5,0,0,0,1,0
0,26,0,0,0,1,1,0,0,0,1,0,0,1,0,0,0,1,0,0,0,5,5,0,0,0,1,0
0,0,27,0,0,2,0,0,0,0,1,0,0,0,1,0,0,0,1,0,0,6,4,0,0,0,1,0
0,0,0,0,0,2,2,0,0,1,2,0,0,0,0,0,0,0,0,0,0,3,7,0,0,1,0,0
0,0,0,0,0,1,1,0,0,0,1,0,0,0,0,0,0,0,0,0,0,5,5,0,0,0,1,0
0,0,0,0,0,0,0,0,0,0,0,0,0,0,0,0,0,0,0,0,0,0,0,0,0,0,0,0
0,0,0,0,0,0,0,0,0,0,0,0,0,0,0,0,0,0,0,0,0,0,0,0,0,0,0,0
0,0,0,0,0,0,0,0,0,0,0,0,0,0,0,0,0,0,0,0,0,0,0,0,0,0,0,0
0,23,0,0,0,1,2,0,0,0,2,0,0,1,0,0,0,1,0,0,0,4,6,0,0,0,1,0
0,0,0,0,0,1,1,0,0,0,1,0,0,0,0,0,0,0,0,0,0,5,5,0,0,0,1,0
0,0,0,0,0,1,1,0,0,0,1,0,0,0,0,0,0,0,0,0,0,5,5,0,0,1,0,0
0,0,0,0,0,2,0,0,0,0,1,0,0,0,0,0,0,0,0,0,0,5,5,0,0,0,1,0
0,0,0,0,0,0,0,0,0,0,0,0,0,0,0,0,0,0,0,0,0,0,0,0,0,0,0,0
0,0,0,0,0,0,0,0,0,0,0,0,0,0,0,0,0,0,0,0,0,0,0,0,0,0,0,0
0,0,0,0,0,1,0,0,0,0,1,0,0,0,0,0,0,0,0,0,0,6,4,0,0,0,1,0
0,0,0,0,0,1,1,0,0,0,2,0,0,0,0,0,0,0,0,0,0,6,4,0,0,0,1,0
0,0,0,0,0,2,0,0,0,1,1,0,0,0,0,0,0,0,0,0,0,6,4,0,0,0,0,0
0,0,0,0,0,2,0,0,0,0,1,0,0,0,0,0,0,0,0,0,0,4,6,0,0,0,1,0
0,0,0,0,0,1,1,0,0,0,1,0,0,0,0,0,0,0,0,0,0,5,5,0,0,1,0,0
0,0,0,0,0,0,0,0,0,0,0,0,0,0,0,0,0,0,0,0,0,0,0,0,0,0,0,0
0,0,0,0,0,0,0,0,0,0,0,0,0,0,0,0,0,0,0,0,0,0,0,0,0,0,0,0
0,0,27,0,0,1,1,0,0,0,1,0,0,0,1,0,0,0,1,0,0,3,7,0,0,1,0,0
0,0,0,0,0,2,0,0,0,0,1,0,0,0,0,0,0,0,0,0,0,9,1,0,0,0,1,0
0,0,0,0,0,2,1,0,0,1,1,0,0,0,0,0,0,0,0,0,0,7,3,0,0,1,0,0
0,16,0,0,0,2,0,0,0,0,1,0,0,2,0,0,0,2,0,0,0,5,5,0,0,1,0,0
0,0,25,0,0,2,0,0,0,0,1,0,0,0,1,0,0,0,1,0,0,6,4,0,0,0,1,0
0,0,0,0,0,0,0,0,0,0,0,0,0,0,0,0,0,0,0,0,0,0,0,0,0,0,0,0
0,0,0,0,0,0,0,0,0,0,0,0,0,0,0,0,0,0,0,0,0,0,0,0,0,0,0,0
0,20,6,0,0,2,0,0,0,1,1,0,0,1,0,0,0,0,1,0,0,3,7,0,0,0,1,0
0,24,0,0,0,2,0,0,0,1,1,0,0,2,0,0,0,2,0,0,0,5,5,0,0,0,1,0
0,0,0,0,0,3,1,0,0,2,1,0,0,0,0,0,0,0,0,0,0,4,6,0,0,0,1,0
0,0,0,0,0,1,1,0,0,0,1,0,0,0,0,0,0,0,0,0,0,8,2,0,0,1,0,0
0,0,0,0,0,2,0,0,0,1,1,0,0,0,0,0,0,0,0,0,0,6,4,0,0,0,1,0
0,0,0,0,0,0,0,0,0,0,0,0,0,0,0,0,0,0,0,0,0,0,0,0,0,0,0,0
0,0,0,0,0,0,0,0,0,0,0,0,0,0,0,0,0,0,0,0,0,0,0,0,0,0,0,0
0,0,0,0,0,2,0,0,0,0,1,0,0,0,0,0,0,0,0,0,0,6,4,0,0,0,0,0
0,27,0,0,0,1,1,0,0,0,1,0,0,1,0,0,0,1,0,0,0,4,6,0,0,1,0,0
0,0,27,0,0,1,1,0,0,0,1,0,0,0,1,0,0,0,1,0,0,5,5,0,0,0,1,0
0,0,0,0,0,1,0,0,0,0,1,0,0,0,0,0,0,0,0,0,0,8,2,0,0,0,1,0
0,18,5,0,0,2,0,0,0,0,1,0,0,1,1,0,0,1,1,0,0,5,5,0,0,0,1,0
0,0,0,0,0,0,0,0,0,0,0,0,0,0,0,0,0,0,0,0,0,0,0,0,0,0,0,0
0,0,0,0,0,0,0,0,0,0,0,0,0,0,0,0,0,0,0,0,0,0,0,0,0,0,0,0
0,0,0,0,0,2,0,0,0,0,1,0,0,0,0,0,0,0,0,0,0,5,5,0,0,0,1,0
0,0,0,0,0,1,1,0,0,0,1,0,0,0,0,0,0,0,0,0,0,5,5,0,0,0,1,0
0,0,0,0,0,1,0,0,0,0,1,0,0,0,0,0,0,0,0,0,0,7,3,0,0,1,0,0
0,0,0,0,0,3,0,0,0,1,1,0,0,0,0,0,0,0,0,0,0,2,8,0,0,1,0,0
0,0,0,0,0,1,1,0,0,0,1,0,0,0,0,0,0,0,0,0,0,5,5,0,0,1,0,0
0,0,0,0,0,0,0,0,0,0,0,0,0,0,0,0,0,0,0,0,0,0,0,0,0,0,0,0
0,0,0,0,0,0,0,0,0,0,0,0,0,0,0,0,0,0,0,0,0,0,0,0,0,0,0,0
0,27,0,0,0,2,1,0,0,0,2,0,0,2,0,0,0,2,0,0,0,5,5,0,0,1,0,0
0,0,0,0,0,2,0,0,0,1,1,0,0,0,0,0,0,0,0,0,0,6,4,0,0,0,1,0
0,0,0,0,0,3,0,0,0,2,1,0,0,0,0,0,0,0,0,0,0,5,5,0,0,0,1,0
0,24,0,0,0,2,1,0,0,0,2,0,0,1,0,0,0,1,0,0,0,6,4,0,0,1,0,0
0,25,0,0,0,2,0,0,0,0,1,0,0,3,0,0,0,3,0,0,0,7,3,0,0,0,1,0
0,0,0,0,0,0,0,0,0,0,0,0,0,0,0,0,0,0,0,0,0,0,0,0,0,0,0,0
0,0,0,0,0,0,0,0,0,0,0,0,0,0,0,0,0,0,0,0,0,0,0,0,0,0,0,0
0,0,0,0,0,1,1,0,0,0,1,0,0,0,0,0,0,0,0,0,0,6,4,0,0,0,1,0
0,0,27,0,0,2,0,0,0,0,1,0,0,0,1,0,0,0,1,0,0,8,2,0,0,1,0,0
0,0,0,0,0,2,0,0,0,1,1,0,0,0,0,0,0,0,0,0,0,5,5,0,0,0,1,0
0,27,0,0,0,1,1,0,0,0,2,0,0,2,0,0,0,2,0,0,0,4,6,0,0,0,1,0
0,27,0,0,0,1,1,0,0,0,1,0,0,1,0,0,0,1,0,0,0,5,5,0,0,0,1,0
0,0,0,0,0,0,0,0,0,0,0,0,0,0,0,0,0,0,0,0,0,0,0,0,0,0,0,0
0,0,0,0,0,0,0,0,0,0,0,0,0,0,0,0,0,0,0,0,0,0,0,0,0,0,0,0
0,0,0,0,0,1,1,0,0,0,1,0,0,0,0,0,0,0,0,0,0,5,5,0,0,1,0,0
0,0,0,0,0,2,1,0,0,0,2,0,0,0,0,0,0,0,0,0,0,5,5,0,0,0,1,0
0,0,27,0,0,3,0,0,0,1,1,0,0,0,1,0,0,0,1,0,0,3,7,0,0,0,1,0
0,0,0,0,0,2,0,0,0,0,1,0,0,0,0,0,0,0,0,0,0,3,7,0,0,1,0,0
0,0,0,0,0,1,1,0,0,0,1,0,0,0,0,0,0,0,0,0,0,2,8,0,0,1,0,0
0,0,0,0,0,0,0,0,0,0,0,0,0,0,0,0,0,0,0,0,0,0,0,0,0,0,0,0
0,0,0,0,0,0,0,0,0,0,0,0,0,0,0,0,0,0,0,0,0,0,0,0,0,0,0,0
0,0,0,0,0,2,1,0,0,1,1,0,0,0,0,0,0,0,0,0,0,5,5,0,0,1,0,0
0,0,0,0,0,1,1,0,0,0,1,0,0,0,0,0,0,0,0,0,0,5,5,0,0,0,1,0
0,0,0,0,0,1,2,0,0,0,2,0,0,0,0,0,0,0,0,0,0,4,6,0,0,1,0,0
0,27,0,0,0,1,1,0,0,0,1,0,0,1,0,0,0,1,0,0,0,4,6,0,0,0,1,0
0,0,0,0,0,2,0,0,0,0,1,0,0,0,0,0,0,0,0,0,0,6,4,0,0,1,0,0
0,0,0,0,0,0,0,0,0,0,0,0,0,0,0,0,0,0,0,0,0,0,0,0,0,0,0,0
0,0,0,0,0,0,0,0,0,0,0,0,0,0,0,0,0,0,0,0,0,0,0,0,0,0,0,0
0,0,0,0,0,2,1,0,0,1,1,0,0,0,0,0,0,0,0,0,0,7,3,0,0,0,1,0
0,17,10,0,0,1,0,0,0,0,1,0,0,1,1,0,0,1,1,0,0,5,5,0,0,0,1,0
0,0,26,0,0,3,0,0,0,2,1,0,0,0,1,0,0,0,1,0,0,4,6,0,0,0,1,0
0,0,0,0,0,1,1,0,0,0,2,0,0,0,0,0,0,0,0,0,0,6,4,0,0,0,1,0
0,0,20,0,0,1,1,0,0,0,1,0,0,0,1,0,0,0,1,0,0,2,8,0,0,0,1,0
0,0,0,0,0,0,0,0,0,0,0,0,0,0,0,0,0,0,0,0,0,0,0,0,0,0,0,0
0,0,0,0,0,0,0,0,0,0,0,0,0,0,0,0,0,0,0,0,0,0,0,0,0,0,0,0
0,0,0,0,0,1,1,0,0,0,2,0,0,0,0,0,0,0,0,0,0,6,4,0,0,1,0,0
0,0,0,0,0,2,0,0,0,0,2,0,0,0,0,0,0,0,0,0,0,5,5,0,0,1,0,0
0,0,0,0,0,1,2,0,0,0,2,0,0,0,0,0,0,0,0,0,0,5,5,0,0,1,0,0
0,0,0,0,0,0,0,0,0,0,0,0,0,0,0,0,0,0,0,0,0,0,0,0,0,0,0,0
0,0,0,0,0,0,0,0,0,0,0,0,0,0,0,0,0,0,0,0,0,0,0,0,0,0,0,0
0,0,0,0,0,0,0,0,0,0,0,0,0,0,0,0,0,0,0,0,0,0,0,0,0,0,0,0
0,0,0,0,0,0,0,0,0,0,0,0,0,0,0,0,0,0,0,0,0,0,0,0,0,0,0,0
0,0,0,0,0,1,0,0,0,0,1,0,0,0,0,0,0,0,0,0,0,5,5,0,0,0,1,0
0,0,0,0,0,2,0,0,0,0,1,0,0,0,0,0,0,0,0,0,0,6,4,0,0,0,1,0
0,0,0,0,0,1,1,0,0,0,1,0,0,0,0,0,0,0,0,0,0,4,6,0,0,1,0,0
0,0,0,0,0,2,0,0,0,0,1,0,0,0,0,0,0,0,0,0,0,4,6,0,0,1,0,0
0,0,27,0,0,2,0,0,0,0,1,0,0,0,1,0,0,0,1,0,0,6,4,0,0,0,1,0
0,0,0,0,0,0,0,0,0,0,0,0,0,0,0,0,0,0,0,0,0,0,0,0,0,0,0,0
0,0,0,0,0,0,0,0,0,0,0,0,0,0,0,0,0,0,0,0,0,0,0,0,0,0,0,0
0,0,25,0,0,2,0,0,0,1,1,0,0,0,1,0,0,0,1,0,0,5,5,0,0,1,0,0
0,0,0,0,0,1,1,0,0,0,1,0,0,0,0,0,0,0,0,0,0,3,7,0,0,0,1,0
0,0,26,0,0,2,0,0,0,1,1,0,0,0,1,0,0,0,1,0,0,3,7,0,0,0,1,0
0,0,0,0,0,3,0,0,0,2,1,0,0,0,0,0,0,0,0,0,0,6,4,0,0,0,1,0
0,0,15,0,0,1,1,0,0,0,1,0,0,0,2,0,0,0,2,0,0,6,4,0,0,0,1,0
0,0,0,0,0,0,0,0,0,0,0,0,0,0,0,0,0,0,0,0,0,0,0,0,0,0,0,0
0,0,0,0,0,0,0,0,0,0,0,0,0,0,0,0,0,0,0,0,0,0,0,0,0,0,0,0
0,0,0,0,0,2,0,0,0,1,1,0,0,0,0,0,0,0,0,0,0,7,3,0,0,0,1,0
0,0,0,0,0,1,1,0,0,0,2,0,0,0,0,0,0,0,0,0,0,4,6,0,0,0,1,0
0,0,26,0,0,2,0,0,0,0,1,0,0,0,1,0,0,0,1,0,0,7,3,0,0,0,1,0
0,26,0,0,0,1,1,0,0,0,1,0,0,1,0,0,0,1,0,0,0,5,5,0,0,0,1,0
0,0,0,0,0,1,1,0,0,0,1,0,0,0,0,0,0,0,0,0,0,7,3,0,0,0,1,0
0,0,0,0,0,0,0,0,0,0,0,0,0,0,0,0,0,0,0,0,0,0,0,0,0,0,0,0
0,0,0,0,0,0,0,0,0,0,0,0,0,0,0,0,0,0,0,0,0,0,0,0,0,0,0,0
0,0,0,0,0,1,1,0,0,0,2,0,0,0,0,0,0,0,0,0,0,7,3,0,0,0,1,0
0,27,0,0,0,2,0,0,0,1,1,0,0,1,0,0,0,1,0,0,0,5,5,0,0,1,0,0
0,0,0,0,0,2,0,0,0,0,1,0,0,0,0,0,0,0,0,0,0,4,6,0,0,0,1,0
0,0,0,0,0,0,0,0,0,0,0,0,0,0,0,0,0,0,0,0,0,0,0,0,0,0,0,0
0,0,0,0,0,0,0,0,0,0,0,0,0,0,0,0,0,0,0,0,0,0,0,0,0,0,0,0
0,0,0,0,0,0,0,0,0,0,0,0,0,0,0,0,0,0,0,0,0,0,0,0,0,0,0,0
0,0,0,0,0,0,0,0,0,0,0,0,0,0,0,0,0,0,0,0,0,0,0,0,0,0,0,0
0,0,0,0,0,2,0,0,0,0,1,0,0,0,0,0,0,0,0,0,0,6,4,0,0,1,0,0
0,0,21,0,0,2,0,0,0,0,1,0,0,0,1,0,0,0,1,0,0,6,4,0,0,1,0,0
0,0,0,0,0,1,1,0,0,0,1,0,0,0,0,0,0,0,0,0,0,6,4,0,0,1,0,0
0,0,0,0,0,2,0,0,0,0,1,0,0,0,0,0,0,0,0,0,0,4,6,0,0,0,1,0
0,0,0,0,0,0,0,0,0,0,0,0,0,0,0,0,0,0,0,0,0,0,0,0,0,0,0,0
0,0,0,0,0,0,0,0,0,0,0,0,0,0,0,0,0,0,0,0,0,0,0,0,0,0,0,0
0,0,0,0,0,0,0,0,0,0,0,0,0,0,0,0,0,0,0,0,0,0,0,0,0,0,0,0
0,0,0,0,0,1,1,0,0,0,1,0,0,0,0,0,0,0,0,0,0,4,6,0,0,0,1,0
0,26,0,0,0,2,0,0,0,0,1,0,0,1,0,0,0,1,0,0,0,4,6,0,0,0,1,0
0,0,0,0,0,2,0,0,0,0,1,0,0,0,0,0,0,0,0,0,0,3,7,0,0,1,0,0
0,0,0,0,0,2,0,0,0,0,1,0,0,0,0,0,0,0,0,0,0,6,4,0,0,0,1,0
0,19,0,0,0,2,0,0,0,1,1,0,0,2,0,0,0,2,0,0,0,5,5,0,0,1,0,0
0,0,0,0,0,0,0,0,0,0,0,0,0,0,0,0,0,0,0,0,0,0,0,0,0,0,0,0
0,0,0,0,0,0,0,0,0,0,0,0,0,0,0,0,0,0,0,0,0,0,0,0,0,0,0,0
0,0,0,0,0,2,0,0,0,0,1,0,0,0,0,0,0,0,0,0,0,6,4,0,0,0,1,0
0,0,0,0,0,1,1,0,0,0,1,0,0,0,0,0,0,0,0,0,0,5,5,0,0,1,0,0
0,0,0,0,0,1,1,0,0,0,1,0,0,0,0,0,0,0,0,0,0,3,7,0,0,0,1,0
0,0,27,0,0,2,1,0,0,1,1,0,0,0,1,0,0,0,1,0,0,4,6,0,0,1,0,0
0,0,0,0,0,2,0,0,0,0,1,0,0,0,0,0,0,0,0,0,0,7,3,0,0,1,0,0
0,0,0,0,0,0,0,0,0,0,0,0,0,0,0,0,0,0,0,0,0,0,0,0,0,0,0,0
0,0,0,0,0,0,0,0,0,0,0,0,0,0,0,0,0,0,0,0,0,0,0,0,0,0,0,0
0,0,0,0,0,2,0,0,0,0,1,0,0,0,0,0,0,0,0,0,0,6,4,0,0,0,1,0
0,0,0,0,0,1,2,0,0,0,2,0,0,0,0,0,0,0,0,0,0,5,5,0,0,1,0,0
0,0,0,0,0,1,1,0,0,0,1,0,0,0,0,0,0,0,0,0,0,5,5,0,0,1,0,0
0,0,0,0,0,1,1,0,0,0,1,0,0,0,0,0,0,0,0,0,0,6,4,0,0,1,0,0
0,12,4,0,0,1,1,0,0,0,1,0,0,1,1,0,0,1,1,0,0,4,6,0,0,1,0,0
0,0,0,0,0,0,0,0,0,0,0,0,0,0,0,0,0,0,0,0,0,0,0,0,0,0,0,0
0,0,0,0,0,0,0,0,0,0,0,0,0,0,0,0,0,0,0,0,0,0,0,0,0,0,0,0
0,0,0,0,0,3,0,0,0,1,1,0,0,0,0,0,0,0,0,0,0,5,5,0,0,0,1,0
0,0,0,0,0,2,0,0,0,1,1,0,0,0,0,0,0,0,0,0,0,3,7,0,0,1,0,0
0,27,0,0,0,1,1,0,0,0,1,0,0,1,0,0,0,1,0,0,0,5,5,0,0,0,1,0
0,0,24,0,0,1,1,0,0,0,1,0,0,0,1,0,0,0,1,0,0,3,7,0,0,0,0,0
0,0,0,0,0,2,0,0,0,0,1,0,0,0,0,0,0,0,0,0,0,6,4,0,0,0,1,0
0,0,0,0,0,0,0,0,0,0,0,0,0,0,0,0,0,0,0,0,0,0,0,0,0,0,0,0
0,0,0,0,0,0,0,0,0,0,0,0,0,0,0,0,0,0,0,0,0,0,0,0,0,0,0,0
0,24,0,0,0,2,0,0,0,1,1,0,0,1,0,0,0,1,0,0,0,4,6,0,0,0,1,0
0,7,19,0,0,2,0,0,0,1,1,0,0,1,1,0,0,1,1,0,0,4,6,0,0,1,0,0
0,0,0,0,0,1,1,0,0,0,1,0,0,0,0,0,0,0,0,0,0,6,4,0,0,0,1,0
0,0,0,0,0,2,1,0,0,0,2,0,0,0,0,0,0,0,0,0,0,5,5,0,0,0,1,0
0,0,23,0,0,2,1,0,0,0,2,0,0,0,1,0,0,0,1,0,0,5,5,0,0,1,0,0
0,0,0,0,0,0,0,0,0,0,0,0,0,0,0,0,0,0,0,0,0,0,0,0,0,0,0,0
0,0,0,0,0,0,0,0,0,0,0,0,0,0,0,0,0,0,0,0,0,0,0,0,0,0,0,0
0,26,0,0,0,2,1,0,0,1,1,0,0,2,0,0,0,2,0,0,0,5,5,0,0,0,1,0
0,0,0,0,0,1,2,0,0,0,2,0,0,0,0,0,0,0,0,0,0,4,6,0,0,1,0,0
0,0,0,0,0,2,0,0,0,0,1,0,0,0,0,0,0,0,0,0,0,7,3,0,0,0,1,0
0,27,0,0,0,2,0,0,0,0,1,0,0,1,0,0,0,1,0,0,0,5,5,0,0,0,1,0
0,0,25,0,0,2,0,0,0,0,1,0,0,0,1,0,0,0,1,0,0,5,5,0,0,1,0,0
0,0,0,0,0,0,0,0,0,0,0,0,0,0,0,0,0,0,0,0,0,0,0,0,0,0,0,0
0,0,0,0,0,0,0,0,0,0,0,0,0,0,0,0,0,0,0,0,0,0,0,0,0,0,0,0
0,0,0,0,0,2,0,0,0,0,1,0,0,0,0,0,0,0,0,0,0,2,8,0,0,1,0,0
0,27,0,0,0,3,1,0,0,2,1,0,0,1,0,0,0,1,0,0,0,7,3,0,0,1,0,0
0,0,0,0,0,2,0,0,0,0,1,0,0,0,0,0,0,0,0,0,0,6,4,0,0,0,1,0
0,0,0,0,0,1,1,0,0,0,1,0,0,0,0,0,0,0,0,0,0,4,6,0,0,0,1,0
0,0,15,0,0,1,1,0,0,0,1,0,0,0,2,0,0,0,2,0,0,3,7,0,0,0,1,0
0,0,0,0,0,0,0,0,0,0,0,0,0,0,0,0,0,0,0,0,0,0,0,0,0,0,0,0
0,0,0,0,0,0,0,0,0,0,0,0,0,0,0,0,0,0,0,0,0,0,0,0,0,0,0,0
0,0,0,0,0,1,1,0,0,0,1,0,0,0,0,0,0,0,0,0,0,3,7,0,0,0,1,0
0,0,0,0,0,2,0,0,0,0,1,0,0,0,0,0,0,0,0,0,0,6,4,0,0,0,1,0
0,0,0,0,0,3,1,0,0,1,2,0,0,0,0,0,0,0,0,0,0,6,4,0,0,1,0,0
0,0,0,0,0,2,0,0,0,0,1,0,0,0,0,0,0,0,0,0,0,6,4,0,0,0,1,0
0,0,0,0,0,3,0,0,0,1,1,0,0,0,0,0,0,0,0,0,0,4,6,0,0,1,0,0
0,0,0,0,0,0,0,0,0,0,0,0,0,0,0,0,0,0,0,0,0,0,0,0,0,0,0,0
0,0,0,0,0,0,0,0,0,0,0,0,0,0,0,0,0,0,0,0,0,0,0,0,0,0,0,0
0,0,0,0,0,1,1,0,0,0,1,0,0,0,0,0,0,0,0,0,0,3,7,0,0,0,1,0
0,0,0,0,0,1,0,0,0,0,1,0,0,0,0,0,0,0,0,0,0,5,5,0,0,0,1,0
0,27,0,0,0,1,1,0,0,0,1,0,0,1,0,0,0,1,0,0,0,5,5,0,0,0,0,0
0,0,24,0,0,1,1,0,0,0,1,0,0,0,1,0,0,0,1,0,0,5,5,0,0,0,1,0
0,0,0,0,0,1,1,0,0,0,1,0,0,0,0,0,0,0,0,0,0,3,7,0,0,0,1,0
0,0,0,0,0,0,0,0,0,0,0,0,0,0,0,0,0,0,0,0,0,0,0,0,0,0,0,0
0,0,0,0,0,0,0,0,0,0,0,0,0,0,0,0,0,0,0,0,0,0,0,0,0,0,0,0
0,0,0,0,0,2,0,0,0,1,1,0,0,0,0,0,0,0,0,0,0,5,5,0,0,0,1,0
0,0,0,0,0,1,1,0,0,0,1,0,0,0,0,0,0,0,0,0,0,4,6,0,0,1,0,0
0,0,0,0,0,1,0,0,0,0,1,0,0,0,0,0,0,0,0,0,0,6,4,0,0,1,0,0
0,0,0,0,0,3,0,0,0,1,1,0,0,0,0,0,0,0,0,0,0,6,4,0,0,0,1,0
0,0,0,0,0,1,1,0,0,0,1,0,0,0,0,0,0,0,0,0,0,4,6,0,0,1,0,0
0,0,0,0,0,0,0,0,0,0,0,0,0,0,0,0,0,0,0,0,0,0,0,0,0,0,0,0
0,0,0,0,0,0,0,0,0,0,0,0,0,0,0,0,0,0,0,0,0,0,0,0,0,0,0,0
0,0,0,0,0,2,0,0,0,0,1,0,0,0,0,0,0,0,0,0,0,4,6,0,0,0,1,0
0,25,0,0,0,1,1,0,0,0,2,0,0,1,0,0,0,1,0,0,0,4,6,0,0,1,0,0
0,0,0,0,0,2,0,0,0,0,1,0,0,0,0,0,0,0,0,0,0,7,3,0,0,1,0,0
0,0,0,0,0,2,0,0,0,1,1,0,0,0,0,0,0,0,0,0,0,5,5,0,0,0,1,0
0,0,0,0,0,2,0,0,0,0,1,0,0,0,0,0,0,0,0,0,0,4,6,0,0,0,1,0
0,0,0,0,0,0,0,0,0,0,0,0,0,0,0,0,0,0,0,0,0,0,0,0,0,0,0,0
0,0,0,0,0,0,0,0,0,0,0,0,0,0,0,0,0,0,0,0,0,0,0,0,0,0,0,0
0,0,0,0,0,1,1,0,0,0,1,0,0,0,0,0,0,0,0,0,0,6,4,0,0,0,1,0
0,0,0,0,0,1,1,0,0,0,1,0,0,0,0,0,0,0,0,0,0,4,6,0,0,0,1,0
0,0,0,0,0,2,1,0,0,1,1,0,0,0,0,0,0,0,0,0,0,5,5,0,0,1,0,0
0,0,0,0,0,1,1,0,0,0,1,0,0,0,0,0,0,0,0,0,0,4,6,0,0,0,1,0
0,0,0,0,0,2,0,0,0,0,1,0,0,0,0,0,0,0,0,0,0,3,7,0,0,0,1,0
0,0,0,0,0,0,0,0,0,0,0,0,0,0,0,0,0,0,0,0,0,0,0,0,0,0,0,0
0,0,0,0,0,0,0,0,0,0,0,0,0,0,0,0,0,0,0,0,0,0,0,0,0,0,0,0
0,24,3,0,0,2,0,0,0,0,1,0,0,1,0,0,0,0,1,0,0,4,6,0,0,1,0,0
0,0,0,0,0,1,2,0,0,0,2,0,0,0,0,0,0,0,0,0,0,3,7,0,0,1,0,0
0,0,0,0,0,1,1,0,0,0,2,0,0,0,0,0,0,0,0,0,0,3,7,0,0,0,1,0
0,0,0,0,0,2,0,0,0,0,1,0,0,0,0,0,0,0,0,0,0,4,6,0,0,1,0,0
0,20,7,0,0,2,0,0,0,0,1,0,0,2,0,0,0,1,1,0,0,4,6,0,0,1,0,0
0,0,0,0,0,0,0,0,0,0,0,0,0,0,0,0,0,0,0,0,0,0,0,0,0,0,0,0
0,0,0,0,0,0,0,0,0,0,0,0,0,0,0,0,0,0,0,0,0,0,0,0,0,0,0,0
0,0,0,0,0,1,0,0,0,0,1,0,0,0,0,0,0,0,0,0,0,3,7,0,0,1,0,0
0,6,21,0,0,2,0,0,0,1,1,0,0,1,1,0,0,1,1,0,0,7,3,0,0,0,1,0
0,0,0,0,0,1,0,0,0,0,1,0,0,0,0,0,0,0,0,0,0,6,4,0,0,0,1,0
0,0,0,0,0,1,2,0,0,0,2,0,0,0,0,0,0,0,0,0,0,5,5,0,0,0,1,0
0,0,25,0,0,1,1,0,0,0,1,0,0,0,1,0,0,0,1,0,0,5,5,0,0,0,1,0
0,0,0,0,0,0,0,0,0,0,0,0,0,0,0,0,0,0,0,0,0,0,0,0,0,0,0,0
0,0,0,0,0,0,0,0,0,0,0,0,0,0,0,0,0,0,0,0,0,0,0,0,0,0,0,0
0,0,0,0,0,1,1,0,0,0,1,0,0,0,0,0,0,0,0,0,0,5,5,0,0,1,0,0
0,0,0,0,0,1,1,0,0,0,1,0,0,0,0,0,0,0,0,0,0,5,5,0,0,0,1,0
0,0,0,0,0,2,0,0,0,0,1,0,0,0,0,0,0,0,0,0,0,6,4,0,0,0,1,0
0,21,0,0,0,1,1,0,0,0,1,0,0,1,0,0,0,1,0,0,0,5,5,0,0,0,1,0
0,23,0,0,0,1,1,0,0,0,1,0,0,1,0,0,0,1,0,0,0,5,5,0,0,0,1,0
0,0,0,0,0,0,0,0,0,0,0,0,0,0,0,0,0,0,0,0,0,0,0,0,0,0,0,0
0,0,0,0,0,0,0,0,0,0,0,0,0,0,0,0,0,0,0,0,0,0,0,0,0,0,0,0
0,0,0,0,0,1,1,0,0,0,1,0,0,0,0,0,0,0,0,0,0,7,3,0,0,0,1,0
0,8,14,0,0,1,1,0,0,0,1,0,0,1,1,0,0,1,1,0,0,7,3,0,0,1,0,0
0,17,3,0,0,1,1,0,0,0,1,0,0,2,1,0,0,2,1,0,0,5,5,0,0,1,0,0
0,27,0,0,0,1,1,0,0,0,1,0,0,1,0,0,0,1,0,0,0,6,4,0,0,1,0,0
0,0,0,0,0,0,0,0,0,0,0,0,0,0,0,0,0,0,0,0,0,0,0,0,0,0,0,0
0,0,0,0,0,0,0,0,0,0,0,0,0,0,0,0,0,0,0,0,0,0,0,0,0,0,0,0
0,0,0,0,0,0,0,0,0,0,0,0,0,0,0,0,0,0,0,0,0,0,0,0,0,0,0,0
0,0,26,0,0,1,1,0,0,0,1,0,0,0,1,0,0,0,1,0,0,5,5,0,0,1,0,0
0,0,27,0,0,2,0,0,0,0,1,0,0,0,1,0,0,0,1,0,0,3,7,0,0,1,0,0
0,0,0,0,0,1,1,0,0,0,1,0,0,0,0,0,0,0,0,0,0,3,7,0,0,0,1,0
0,0,0,0,0,1,1,0,0,0,1,0,0,0,0,0,0,0,0,0,0,6,4,0,0,1,0,0
0,0,0,0,0,2,0,0,0,0,1,0,0,0,0,0,0,0,0,0,0,5,5,0,0,0,1,0
0,0,0,0,0,0,0,0,0,0,0,0,0,0,0,0,0,0,0,0,0,0,0,0,0,0,0,0
0,0,0,0,0,0,0,0,0,0,0,0,0,0,0,0,0,0,0,0,0,0,0,0,0,0,0,0
0,0,27,0,0,1,1,0,0,0,1,0,0,0,2,0,0,0,2,0,0,4,6,0,0,1,0,0
0,0,0,0,0,2,0,0,0,0,1,0,0,0,0,0,0,0,0,0,0,2,8,0,0,1,0,0
0,0,0,0,0,2,0,0,0,0,1,0,0,0,0,0,0,0,0,0,0,4,6,0,0,0,1,0
0,0,0,0,0,2,1,0,0,1,2,0,0,0,0,0,0,0,0,0,0,2,8,0,0,0,1,0
0,27,0,0,0,1,1,0,0,0,1,0,0,1,0,0,0,1,0,0,0,6,4,0,0,0,1,0
0,0,0,0,0,0,0,0,0,0,0,0,0,0,0,0,0,0,0,0,0,0,0,0,0,0,0,0
0,0,0,0,0,0,0,0,0,0,0,0,0,0,0,0,0,0,0,0,0,0,0,0,0,0,0,0
0,0,0,0,0,2,0,0,0,0,1,0,0,0,0,0,0,0,0,0,0,5,5,0,0,1,0,0
0,0,27,0,0,1,0,0,0,0,1,0,0,0,1,0,0,0,1,0,0,5,5,0,0,0,0,0
0,0,0,0,0,1,1,0,0,0,1,0,0,0,0,0,0,0,0,0,0,4,6,0,0,0,1,0
0,0,0,0,0,2,1,0,0,1,1,0,0,0,0,0,0,0,0,0,0,6,4,0,0,1,0,0
0,0,0,0,0,2,2,0,0,0,3,0,0,0,0,0,0,0,0,0,0,5,5,0,0,1,0,0
0,0,0,0,0,0,0,0,0,0,0,0,0,0,0,0,0,0,0,0,0,0,0,0,0,0,0,0
0,0,0,0,0,0,0,0,0,0,0,0,0,0,0,0,0,0,0,0,0,0,0,0,0,0,0,0
