0,0,0,0,0,1,1,0,0,0,0,1,0,0,0,0,0,0,0,0,0,46,48,1,0,6,2,0
0,0,0,0,0,1,1,0,0,0,1,0,0,0,0,0,0,0,0,0,0,40,55,0,0,0,9,0
0,0,0,0,0,1,0,0,0,0,0,1,0,0,0,0,0,0,0,0,0,17,78,0,0,0,9,0
0,0,0,0,0,2,0,0,0,0,0,0,0,0,0,0,0,0,0,0,0,27,68,0,0,1,8,0
0,0,0,0,0,1,1,0,0,0,0,1,0,0,0,0,0,0,0,0,0,25,62,8,0,2,7,0
0,0,0,0,0,0,0,0,0,0,0,0,0,0,0,0,0,0,0,0,0,0,0,0,0,0,0,0
0,0,0,0,0,0,0,0,0,0,0,0,0,0,0,0,0,0,0,0,0,0,0,0,0,0,0,0
0,0,0,0,0,1,0,0,0,0,0,1,0,0,0,0,0,0,0,0,0,43,51,1,0,8,1,0
0,0,0,0,0,2,0,0,0,0,0,1,0,0,0,0,0,0,0,0,0,57,38,0,0,4,0,0
0,0,0,0,0,1,1,0,0,0,1,0,0,0,0,0,0,0,0,0,0,51,44,0,0,6,3,0
0,0,0,0,0,1,0,0,0,0,0,0,0,0,0,0,0,0,0,0,0,49,46,0,0,5,4,0
0,0,0,0,0,1,1,0,0,0,0,0,0,0,0,0,0,0,0,0,0,28,67,0,0,1,8,0
0,0,0,0,0,0,0,0,0,0,0,0,0,0,0,0,0,0,0,0,0,0,0,0,0,0,0,0
0,0,0,0,0,0,0,0,0,0,0,0,0,0,0,0,0,0,0,0,0,0,0,0,0,0,0,0
0,0,0,0,0,2,0,0,0,1,0,1,0,0,0,0,0,0,0,0,0,23,72,0,0,0,7,0
0,0,0,0,0,1,0,0,0,0,0,1,0,0,0,0,0,0,0,0,0,36,53,6,0,1,6,0
0,0,0,0,0,1,1,0,0,0,0,1,0,0,0,0,0,0,0,0,0,42,52,1,0,7,1,0
0,0,0,0,0,1,1,0,0,0,1,0,0,0,0,0,0,0,0,0,0,38,57,0,0,9,0,0
0,0,0,0,0,1,0,0,0,0,0,0,0,0,0,0,0,0,0,0,0,39,56,0,0,9,0,0
0,0,0,0,0,0,0,0,0,0,0,0,0,0,0,0,0,0,0,0,0,0,0,0,0,0,0,0
0,0,0,0,0,0,0,0,0,0,0,0,0,0,0,0,0,0,0,0,0,0,0,0,0,0,0,0
0,0,0,0,0,1,1,0,0,0,0,1,0,0,0,0,0,0,0,0,0,33,55,7,0,2,6,1
0,0,0,0,0,2,0,0,0,0,0,1,0,0,0,0,0,0,0,0,0,34,57,4,0,1,8,0
0,0,0,0,0,2,0,0,0,0,0,1,0,0,0,0,0,0,0,0,0,43,51,1,0,8,1,0
0,0,0,0,0,1,0,0,0,0,1,0,0,0,0,0,0,0,0,0,0,43,52,0,0,5,4,0
0,0,0,0,0,2,0,0,0,0,1,0,0,0,0,0,0,0,0,0,0,42,53,0,0,3,6,0
0,0,0,0,0,0,0,0,0,0,0,0,0,0,0,0,0,0,0,0,0,0,0,0,0,0,0,0
0,0,0,0,0,0,0,0,0,0,0,0,0,0,0,0,0,0,0,0,0,0,0,0,0,0,0,0
0,0,0,0,0,2,1,0,0,1,0,0,0,0,0,0,0,0,0,0,0,45,50,0,0,1,8,0
0,0,0,0,0,1,1,0,0,0,1,0,0,0,0,0,0,0,0,0,0,23,72,0,0,0,9,0
0,0,0,0,0,1,1,0,0,0,1,0,0,0,0,0,0,0,0,0,0,52,43,0,0,9,0,0
0,0,0,0,0,2,0,0,0,0,1,0,0,0,0,0,0,0,0,0,0,30,65,0,0,0,9,0
0,0,0,0,0,2,0,0,0,0,0,1,0,0,0,0,0,0,0,0,0,29,66,0,0,6,3,0
0,0,0,0,0,0,0,0,0,0,0,0,0,0,0,0,0,0,0,0,0,0,0,0,0,0,0,0
0,0,0,0,0,0,0,0,0,0,0,0,0,0,0,0,0,0,0,0,0,0,0,0,0,0,0,0
0,0,0,0,0,1,2,0,0,0,2,0,0,0,0,0,0,0,0,0,0,39,56,0,0,2,7,0
0,0,0,0,0,2,0,0,0,0,1,0,0,0,0,0,0,0,0,0,0,37,58,0,0,0,9,0
0,0,0,0,0,1,1,0,0,0,1,0,0,0,0,0,0,0,0,0,0,43,52,0,0,0,9,0
0,0,0,0,0,2,0,0,0,0,0,1,0,0,0,0,0,0,0,0,0,37,56,2,0,5,1,0
0,0,0,0,0,2,0,0,0,0,1,0,0,0,0,0,0,0,0,0,0,46,49,0,0,3,6,0
0,0,0,0,0,0,0,0,0,0,0,0,0,0,0,0,0,0,0,0,0,0,0,0,0,0,0,0
0,0,0,0,0,0,0,0,0,0,0,0,0,0,0,0,0,0,0,0,0,0,0,0,0,0,0,0
0,0,0,0,0,1,1,0,0,0,1,1,0,0,0,0,0,0,0,0,0,29,65,1,0,4,5,0
0,0,0,0,0,1,1,0,0,0,1,0,0,0,0,0,0,0,0,0,0,21,74,0,0,9,0,0
0,0,0,0,0,1,0,0,0,0,0,1,0,0,0,0,0,0,0,0,0,32,55,7,0,5,3,1
0,0,0,0,0,1,1,0,0,0,1,0,0,0,0,0,0,0,0,0,0,36,59,0,0,6,3,0
0,0,0,0,0,1,1,0,0,0,0,1,0,0,0,0,0,0,0,0,0,49,42,4,0,0,8,0
0,0,0,0,0,0,0,0,0,0,0,0,0,0,0,0,0,0,0,0,0,0,0,0,0,0,0,0
0,0,0,0,0,0,0,0,0,0,0,0,0,0,0,0,0,0,0,0,0,0,0,0,0,0,0,0
0,0,0,0,0,1,1,0,0,0,0,1,0,0,0,0,0,0,0,0,0,39,56,0,0,9,0,0
0,0,0,0,0,1,0,0,0,0,0,1,0,0,0,0,0,0,0,0,0,33,62,0,0,0,9,0
0,0,0,0,0,1,1,0,0,0,1,0,0,0,0,0,0,0,0,0,0,47,48,0,0,7,2,0
0,0,0,0,0,2,0,0,0,0,1,0,0,0,0,0,0,0,0,0,0,38,57,0,0,1,8,0
0,0,0,0,0,2,0,0,0,0,0,1,0,0,0,0,0,0,0,0,0,43,51,1,0,9,0,0
0,0,0,0,0,0,0,0,0,0,0,0,0,0,0,0,0,0,0,0,0,0,0,0,0,0,0,0
0,0,0,0,0,0,0,0,0,0,0,0,0,0,0,0,0,0,0,0,0,0,0,0,0,0,0,0
0,0,0,0,0,1,0,0,0,0,0,1,0,0,0,0,0,0,0,0,0,32,63,0,0,2,7,0
0,0,0,0,0,2,0,0,0,0,0,1,0,0,0,0,0,0,0,0,0,46,40,9,0,9,0,0
0,0,0,0,0,2,0,0,0,0,1,0,0,0,0,0,0,0,0,0,0,23,72,0,0,8,1,0
0,0,0,0,0,1,1,0,0,0,1,0,0,0,0,0,0,0,0,0,0,35,60,0,0,0,9,0
0,0,0,0,0,1,2,0,0,0,2,0,0,0,0,0,0,0,0,0,0,39,56,0,0,5,4,0
0,0,0,0,0,0,0,0,0,0,0,0,0,0,0,0,0,0,0,0,0,0,0,0,0,0,0,0
0,0,0,0,0,0,0,0,0,0,0,0,0,0,0,0,0,0,0,0,0,0,0,0,0,0,0,0
0,0,0,0,0,2,1,0,0,1,1,0,0,0,0,0,0,0,0,0,0,49,46,0,0,2,7,0
0,0,0,0,0,1,1,0,0,0,0,1,0,0,0,0,0,0,0,0,0,26,69,0,0,0,8,0
0,0,0,0,0,1,1,0,0,0,0,1,0,0,0,0,0,0,0,0,0,29,64,2,0,3,6,0
0,0,0,0,0,1,1,0,0,0,0,1,0,0,0,0,0,0,0,0,0,0,95,0,0,0,9,0
0,0,0,0,0,1,1,0,0,0,0,1,0,0,0,0,0,0,0,0,0,38,56,1,0,5,4,0
0,0,0,0,0,0,0,0,0,0,0,0,0,0,0,0,0,0,0,0,0,0,0,0,0,0,0,0
0,0,0,0,0,0,0,0,0,0,0,0,0,0,0,0,0,0,0,0,0,0,0,0,0,0,0,0
0,0,0,0,0,1,1,0,0,0,0,1,0,0,0,0,0,0,0,0,0,47,48,0,0,9,0,0
0,0,0,0,0,2,0,0,0,0,0,1,0,0,0,0,0,0,0,0,0,32,59,4,0,2,7,0
0,0,0,0,0,1,1,0,0,0,0,1,0,0,0,0,0,0,0,0,0,34,60,1,0,1,8,0
0,0,0,0,0,1,0,0,0,0,0,1,0,0,0,0,0,0,0,0,0,41,54,0,0,3,6,0
0,0,0,0,0,1,1,0,0,0,1,0,0,0,0,0,0,0,0,0,0,49,46,0,0,8,1,0
0,0,0,0,0,0,0,0,0,0,0,0,0,0,0,0,0,0,0,0,0,0,0,0,0,0,0,0
0,0,0,0,0,0,0,0,0,0,0,0,0,0,0,0,0,0,0,0,0,0,0,0,0,0,0,0
0,0,0,0,0,1,1,0,0,0,0,1,0,0,0,0,0,0,0,0,0,39,54,2,0,0,9,0
0,0,0,0,0,1,1,0,0,0,1,1,0,0,0,0,0,0,0,0,0,35,54,6,0,6,3,0
0,0,0,0,0,1,1,0,0,0,0,1,0,0,0,0,0,0,0,0,0,48,43,4,0,5,4,0
0,0,0,0,0,1,1,0,0,0,1,0,0,0,0,0,0,0,0,0,0,45,50,0,0,3,6,0
0,0,0,0,0,1,1,0,0,0,0,1,0,0,0,0,0,0,0,0,0,39,56,0,0,8,1,0
0,0,0,0,0,0,0,0,0,0,0,0,0,0,0,0,0,0,0,0,0,0,0,0,0,0,0,0
0,0,0,0,0,0,0,0,0,0,0,0,0,0,0,0,0,0,0,0,0,0,0,0,0,0,0,0
0,0,0,0,0,1,0,0,0,0,0,1,0,0,0,0,0,0,0,0,0,39,54,2,0,3,6,0
0,0,0,0,0,1,1,0,0,0,1,0,0,0,0,0,0,0,0,0,0,56,39,0,0,0,7,0
0,0,0,0,0,1,1,0,0,0,0,1,0,0,0,0,0,0,0,0,0,29,62,4,0,9,0,0
0,0,0,0,0,1,1,0,0,0,0,1,0,0,0,0,0,0,0,0,0,33,58,4,0,0,9,0
0,0,0,0,0,0,0,0,0,0,0,0,0,0,0,0,0,0,0,0,0,0,0,0,0,0,0,0
0,0,0,0,0,0,0,0,0,0,0,0,0,0,0,0,0,0,0,0,0,0,0,0,0,0,0,0
0,0,0,0,0,0,0,0,0,0,0,0,0,0,0,0,0,0,0,0,0,0,0,0,0,0,0,0
0,0,0,0,0,1,1,0,0,0,0,1,0,0,0,0,0,0,0,0,0,31,63,1,0,0,9,0
0,0,0,0,0,1,0,0,0,0,0,0,0,0,0,0,0,0,0,0,0,65,30,0,0,9,0,0
0,0,0,0,0,1,1,0,0,0,0,1,0,0,0,0,0,0,0,0,0,35,52,8,0,1,0,8
0,0,0,0,0,2,0,0,0,0,1,0,0,0,0,0,0,0,0,0,0,30,65,0,0,2,7,0
0,0,0,0,0,1,1,0,0,0,1,0,0,0,0,0,0,0,0,0,0,45,50,0,0,9,0,0
0,0,0,0,0,0,0,0,0,0,0,0,0,0,0,0,0,0,0,0,0,0,0,0,0,0,0,0
0,0,0,0,0,0,0,0,0,0,0,0,0,0,0,0,0,0,0,0,0,0,0,0,0,0,0,0
0,0,0,0,0,1,0,0,0,0,0,1,0,0,0,0,0,0,0,0,0,42,50,3,0,8,1,0
0,0,0,0,0,1,1,0,0,0,0,1,0,0,0,0,0,0,0,0,0,49,43,3,0,4,5,0
0,0,0,0,0,2,0,0,0,0,0,1,0,0,0,0,0,0,0,0,0,39,56,0,0,0,9,0
0,0,0,0,0,1,1,0,0,0,1,0,0,0,0,0,0,0,0,0,0,38,57,0,0,1,8,0
0,0,0,0,0,1,0,0,0,0,0,1,0,0,0,0,0,0,0,0,0,25,70,0,0,0,7,0
0,0,0,0,0,0,0,0,0,0,0,0,0,0,0,0,0,0,0,0,0,0,0,0,0,0,0,0
0,0,0,0,0,0,0,0,0,0,0,0,0,0,0,0,0,0,0,0,0,0,0,0,0,0,0,0
0,0,0,0,0,1,0,0,0,0,0,1,0,0,0,0,0,0,0,0,0,28,67,0,0,0,9,0
0,0,0,0,0,1,1,0,0,0,1,0,0,0,0,0,0,0,0,0,0,38,57,0,0,2,7,0
0,0,0,0,0,1,1,0,0,0,0,1,0,0,0,0,0,0,0,0,0,67,28,0,0,0,9,0
0,0,0,0,0,1,1,0,0,0,1,0,0,0,0,0,0,0,0,0,0,34,61,0,0,0,9,0
0,0,0,0,0,1,1,0,0,0,1,0,0,0,0,0,0,0,0,0,0,44,51,0,0,6,3,0
0,0,0,0,0,0,0,0,0,0,0,0,0,0,0,0,0,0,0,0,0,0,0,0,0,0,0,0
0,0,0,0,0,0,0,0,0,0,0,0,0,0,0,0,0,0,0,0,0,0,0,0,0,0,0,0
0,0,0,0,0,2,0,0,0,0,0,1,0,0,0,0,0,0,0,0,0,30,61,4,0,5,4,0
0,0,0,0,0,1,0,0,0,0,0,1,0,0,0,0,0,0,0,0,0,37,57,0,0,2,7,0
0,0,0,0,0,1,1,0,0,0,0,1,0,0,0,0,0,0,0,0,0,51,42,2,0,9,0,0
0,0,0,0,0,1,1,0,0,0,0,0,0,0,0,0,0,0,0,0,0,28,67,0,0,1,8,0
0,0,0,0,0,1,0,0,0,0,0,1,0,0,0,0,0,0,0,0,0,39,53,3,0,2,6,1
0,0,0,0,0,0,0,0,0,0,0,0,0,0,0,0,0,0,0,0,0,0,0,0,0,0,0,0
0,0,0,0,0,0,0,0,0,0,0,0,0,0,0,0,0,0,0,0,0,0,0,0,0,0,0,0
0,0,0,0,0,1,1,0,0,0,1,0,0,0,0,0,0,0,0,0,0,38,57,0,0,1,8,0
0,0,0,0,0,2,0,0,0,0,1,0,0,0,0,0,0,0,0,0,0,42,53,0,0,6,0,0
0,0,0,0,0,1,1,0,0,0,1,0,0,0,0,0,0,0,0,0,0,28,67,0,0,9,0,0
0,0,0,0,0,2,0,0,0,0,1,0,0,0,0,0,0,0,0,0,0,26,69,0,0,9,0,0
0,0,0,0,0,1,1,0,0,0,0,1,0,0,0,0,0,0,0,0,0,52,42,1,0,6,3,0
0,0,0,0,0,0,0,0,0,0,0,0,0,0,0,0,0,0,0,0,0,0,0,0,0,0,0,0
0,0,0,0,0,0,0,0,0,0,0,0,0,0,0,0,0,0,0,0,0,0,0,0,0,0,0,0
0,0,0,0,0,1,1,0,0,0,1,0,0,0,0,0,0,0,0,0,0,43,52,0,0,3,6,0
0,0,0,0,0,2,0,0,0,0,0,0,0,0,0,0,0,0,0,0,0,49,46,0,0,5,4,0
0,0,0,0,0,1,1,0,0,0,0,0,0,0,0,0,0,0,0,0,0,54,41,0,0,9,0,0
0,0,0,0,0,1,1,0,0,0,0,1,0,0,0,0,0,0,0,0,0,49,43,3,0,6,3,0
0,0,0,0,0,1,1,0,0,0,0,1,0,0,0,0,0,0,0,0,0,40,53,2,0,5,4,0
0,0,0,0,0,0,0,0,0,0,0,0,0,0,0,0,0,0,0,0,0,0,0,0,0,0,0,0
0,0,0,0,0,0,0,0,0,0,0,0,0,0,0,0,0,0,0,0,0,0,0,0,0,0,0,0
0,0,0,0,0,1,1,0,0,0,1,0,0,0,0,0,0,0,0,0,0,34,61,0,0,1,8,0
0,0,0,0,0,1,0,0,0,0,0,1,0,0,0,0,0,0,0,0,0,38,55,2,0,4,5,0
0,0,0,0,0,2,0,0,0,0,1,0,0,0,0,0,0,0,0,0,0,58,37,0,0,9,0,0
0,0,0,0,0,1,0,0,0,0,0,1,0,0,0,0,0,0,0,0,0,31,58,6,0,4,5,0
0,0,0,0,0,2,0,0,0,0,0,1,0,0,0,0,0,0,0,0,0,30,65,0,0,1,8,0
0,0,0,0,0,0,0,0,0,0,0,0,0,0,0,0,0,0,0,0,0,0,0,0,0,0,0,0
0,0,0,0,0,0,0,0,0,0,0,0,0,0,0,0,0,0,0,0,0,0,0,0,0,0,0,0
0,0,0,0,0,1,1,0,0,0,0,1,0,0,0,0,0,0,0,0,0,45,49,1,0,3,6,0
0,0,0,0,0,1,1,0,0,0,1,0,0,0,0,0,0,0,0,0,0,43,52,0,0,6,3,0
0,0,0,0,0,2,0,0,0,0,1,0,0,0,0,0,0,0,0,0,0,46,49,0,0,6,3,0
0,0,0,0,0,1,0,0,0,0,0,1,0,0,0,0,0,0,0,0,0,39,48,8,0,6,3,0
0,0,0,0,0,1,1,0,0,0,0,1,0,0,0,0,0,0,0,0,0,63,32,0,0,7,2,0
0,0,0,0,0,0,0,0,0,0,0,0,0,0,0,0,0,0,0,0,0,0,0,0,0,0,0,0
0,0,0,0,0,0,0,0,0,0,0,0,0,0,0,0,0,0,0,0,0,0,0,0,0,0,0,0
0,0,0,0,0,0,0,0,0,0,0,0,0,0,0,0,0,0,0,0,0,0,0,0,0,0,0,0
0,0,0,0,0,1,0,0,0,0,0,1,0,0,0,0,0,0,0,0,0,43,52,0,0,9,0,0
0,0,0,0,0,1,1,0,0,0,1,0,0,0,0,0,0,0,0,0,0,31,64,0,0,1,8,0
0,0,0,0,0,1,1,0,0,0,0,1,0,0,0,0,0,0,0,0,0,38,56,1,0,9,0,0
0,0,0,0,0,1,1,0,0,0,0,1,0,0,0,0,0,0,0,0,0,33,62,0,0,6,3,0
0,0,0,0,0,0,0,0,0,0,0,0,0,0,0,0,0,0,0,0,0,0,0,0,0,0,0,0
0,0,0,0,0,0,0,0,0,0,0,0,0,0,0,0,0,0,0,0,0,0,0,0,0,0,0,0
0,0,0,0,0,1,0,0,0,0,0,1,0,0,0,0,0,0,0,0,0,39,54,2,0,0,9,0
0,0,0,0,0,1,1,0,0,0,0,0,0,0,0,0,0,0,0,0,0,35,60,0,0,0,9,0
0,0,0,0,0,1,0,0,0,0,0,1,0,0,0,0,0,0,0,0,0,39,55,1,0,0,9,0
0,0,0,0,0,2,0,0,0,0,0,1,0,0,0,0,0,0,0,0,0,41,54,0,0,8,1,0
0,0,0,0,0,1,1,0,0,0,0,1,0,0,0,0,0,0,0,0,0,38,55,2,0,0,9,0
0,0,0,0,0,0,0,0,0,0,0,0,0,0,0,0,0,0,0,0,0,0,0,0,0,0,0,0
0,0,0,0,0,0,0,0,0,0,0,0,0,0,0,0,0,0,0,0,0,0,0,0,0,0,0,0
0,0,0,0,0,1,0,0,0,0,0,1,0,0,0,0,0,0,0,0,0,39,54,2,0,2,7,0
0,0,0,0,0,1,1,0,0,0,0,1,0,0,0,0,0,0,0,0,0,37,58,0,0,3,6,0
0,0,0,0,0,2,0,0,0,0,1,0,0,0,0,0,0,0,0,0,0,52,43,0,0,9,0,0
0,0,0,0,0,1,1,0,0,0,1,0,0,0,0,0,0,0,0,0,0,30,65,0,0,5,4,0
0,0,0,0,0,1,1,0,0,0,1,0,0,0,0,0,0,0,0,0,0,48,47,0,0,6,3,0
0,0,0,0,0,0,0,0,0,0,0,0,0,0,0,0,0,0,0,0,0,0,0,0,0,0,0,0
0,0,0,0,0,0,0,0,0,0,0,0,0,0,0,0,0,0,0,0,0,0,0,0,0,0,0,0
0,0,0,0,0,1,1,0,0,0,2,0,0,0,0,0,0,0,0,0,0,46,49,0,0,0,9,0
0,0,0,0,0,1,1,0,0,0,0,1,0,0,0,0,0,0,0,0,0,28,67,0,0,0,8,0
0,0,0,0,0,1,0,0,0,0,0,1,0,0,0,0,0,0,0,0,0,21,68,6,0,3,6,0
0,0,0,0,0,1,1,0,0,0,1,0,0,0,0,0,0,0,0,0,0,63,32,0,0,9,0,0
0,0,0,0,0,2,0,0,0,0,0,1,0,0,0,0,0,0,0,0,0,45,49,1,0,8,1,0
0,0,0,0,0,0,0,0,0,0,0,0,0,0,0,0,0,0,0,0,0,0,0,0,0,0,0,0
0,0,0,0,0,0,0,0,0,0,0,0,0,0,0,0,0,0,0,0,0,0,0,0,0,0,0,0
0,0,0,0,0,1,0,0,0,0,0,1,0,0,0,0,0,0,0,0,0,13,79,3,0,8,1,0
0,0,0,0,0,1,1,0,0,0,1,0,0,0,0,0,0,0,0,0,0,42,53,0,0,7,2,0
0,0,0,0,0,1,1,0,0,0,1,0,0,0,0,0,0,0,0,0,0,49,46,0,0,3,3,0
0,0,0,0,0,1,1,0,0,0,0,0,0,0,0,0,0,0,0,0,0,28,67,0,0,0,9,0
0,0,0,0,0,1,0,0,0,0,0,1,0,0,0,0,0,0,0,0,0,42,53,0,0,3,6,0
0,0,0,0,0,0,0,0,0,0,0,0,0,0,0,0,0,0,0,0,0,0,0,0,0,0,0,0
0,0,0,0,0,0,0,0,0,0,0,0,0,0,0,0,0,0,0,0,0,0,0,0,0,0,0,0
0,0,0,0,0,0,0,0,0,0,0,0,0,0,0,0,0,0,0,0,0,0,0,0,0,0,0,0
0,0,0,0,0,1,1,0,0,0,1,1,0,0,0,0,0,0,0,0,0,50,44,1,0,4,5,0
0,0,0,0,0,2,0,0,0,0,0,0,0,0,0,0,0,0,0,0,0,41,54,0,0,0,9,0
0,0,0,0,0,1,0,0,0,0,1,0,0,0,0,0,0,0,0,0,0,41,54,0,0,0,9,0
0,0,0,0,0,2,0,0,0,0,1,0,0,0,0,0,0,0,0,0,0,49,46,0,0,1,8,0
0,0,0,0,0,0,0,0,0,0,0,0,0,0,0,0,0,0,0,0,0,0,0,0,0,0,0,0
0,0,0,0,0,0,0,0,0,0,0,0,0,0,0,0,0,0,0,0,0,0,0,0,0,0,0,0
0,0,0,0,0,1,1,0,0,0,1,0,0,0,0,0,0,0,0,0,0,48,47,0,0,9,0,0
0,0,0,0,0,1,1,0,0,0,1,0,0,0,0,0,0,0,0,0,0,33,62,0,0,0,9,0
0,0,0,0,0,1,1,0,0,0,1,0,0,0,0,0,0,0,0,0,0,50,45,0,0,5,3,0
0,0,0,0,0,1,1,0,0,0,1,0,0,0,0,0,0,0,0,0,0,38,57,0,0,2,7,0
0,0,0,0,0,2,1,0,0,1,1,0,0,0,0,0,0,0,0,0,0,32,63,0,0,4,5,0
0,0,0,0,0,0,0,0,0,0,0,0,0,0,0,0,0,0,0,0,0,0,0,0,0,0,0,0
0,0,0,0,0,0,0,0,0,0,0,0,0,0,0,0,0,0,0,0,0,0,0,0,0,0,0,0
0,0,0,0,0,1,1,0,0,0,1,0,0,0,0,0,0,0,0,0,0,53,42,0,0,9,0,0
0,0,0,0,0,2,0,0,0,0,1,0,0,0,0,0,0,0,0,0,0,37,58,0,0,1,8,0
0,0,0,0,0,1,1,0,0,0,0,1,0,0,0,0,0,0,0,0,0,23,72,0,0,9,0,0
0,0,0,0,0,1,0,1,0,0,0,2,0,0,0,0,0,0,0,0,0,36,57,2,0,4,5,0
0,0,0,0,0,1,1,0,0,0,0,1,0,0,0,0,0,0,0,0,0,40,55,0,0,9,0,0
0,0,0,0,0,0,0,0,0,0,0,0,0,0,0,0,0,0,0,0,0,0,0,0,0,0,0,0
0,0,0,0,0,0,0,0,0,0,0,0,0,0,0,0,0,0,0,0,0,0,0,0,0,0,0,0
0,0,0,0,0,1,1,0,0,0,0,1,0,0,0,0,0,0,0,0,0,43,49,3,0,7,2,0
0,0,0,0,0,2,0,0,0,0,1,0,0,0,0,0,0,0,0,0,0,44,51,0,0,1,8,0
0,0,0,0,0,1,1,0,0,0,1,0,0,0,0,0,0,0,0,0,0,30,65,0,0,1,6,0
0,0,0,0,0,2,0,0,0,0,0,1,0,0,0,0,0,0,0,0,0,30,65,0,0,0,9,0
0,0,0,0,0,1,1,0,0,0,0,0,0,0,0,0,0,0,0,0,0,48,47,0,0,1,8,0
0,0,0,0,0,0,0,0,0,0,0,0,0,0,0,0,0,0,0,0,0,0,0,0,0,0,0,0
0,0,0,0,0,0,0,0,0,0,0,0,0,0,0,0,0,0,0,0,0,0,0,0,0,0,0,0
0,0,0,0,0,1,0,0,0,0,1,0,0,0,0,0,0,0,0,0,0,35,60,0,0,8,1,0
0,0,0,0,0,1,1,0,0,0,1,0,0,0,0,0,0,0,0,0,0,32,63,0,0,1,8,0
0,0,0,0,0,1,0,0,0,0,0,1,0,0,0,0,0,0,0,0,0,36,59,0,0,0,1,0
0,0,0,0,0,1,1,0,0,0,0,1,0,0,0,0,0,0,0,0,0,56,39,0,0,4,5,0
0,0,0,0,0,1,1,0,0,0,1,0,0,0,0,0,0,0,0,0,0,30,65,0,0,1,8,0
0,0,0,0,0,0,0,0,0,0,0,0,0,0,0,0,0,0,0,0,0,0,0,0,0,0,0,0
0,0,0,0,0,0,0,0,0,0,0,0,0,0,0,0,0,0,0,0,0,0,0,0,0,0,0,0
0,0,0,0,0,2,1,0,0,1,0,1,0,0,0,0,0,0,0,0,0,40,51,4,0,1,8,0
0,0,0,0,0,1,1,0,0,0,0,1,0,0,0,0,0,0,0,0,0,33,60,2,0,9,0,0
0,0,0,0,0,1,1,0,0,0,0,1,0,0,0,0,0,0,0,0,0,41,54,0,0,0,9,0
0,0,0,0,0,1,0,0,0,0,0,1,0,0,0,0,0,0,0,0,0,38,55,2,0,1,1,0
0,0,0,0,0,1,1,0,0,0,1,0,0,0,0,0,0,0,0,0,0,44,51,0,0,9,0,0
0,0,0,0,0,0,0,0,0,0,0,0,0,0,0,0,0,0,0,0,0,0,0,0,0,0,0,0
0,0,0,0,0,0,0,0,0,0,0,0,0,0,0,0,0,0,0,0,0,0,0,0,0,0,0,0
0,0,0,0,0,1,1,0,0,0,0,1,0,0,0,0,0,0,0,0,0,39,54,2,0,1,8,0
0,0,0,0,0,1,1,0,0,0,1,0,0,0,0,0,0,0,0,0,0,42,53,0,0,2,7,0
0,0,0,0,0,1,0,0,0,0,0,1,0,0,0,0,0,0,0,0,0,36,56,3,0,0,9,0
0,0,0,0,0,1,1,0,0,0,0,1,0,0,0,0,0,0,0,0,0,37,57,1,0,0,8,0
0,0,0,0,0,1,1,0,0,0,1,0,0,0,0,0,0,0,0,0,0,34,61,0,0,6,3,0
0,0,0,0,0,0,0,0,0,0,0,0,0,0,0,0,0,0,0,0,0,0,0,0,0,0,0,0
0,0,0,0,0,0,0,0,0,0,0,0,0,0,0,0,0,0,0,0,0,0,0,0,0,0,0,0
0,0,0,0,0,1,0,0,0,0,0,0,0,0,0,0,0,0,0,0,0,44,51,0,0,0,9,0
0,0,0,0,0,1,1,0,0,0,1,0,0,0,0,0,0,0,0,0,0,42,53,0,0,9,0,0
0,0,0,0,0,1,1,0,0,0,1,0,0,0,0,0,0,0,0,0,0,30,65,0,0,0,9,0
0,0,0,0,0,1,1,0,0,0,1,0,0,0,0,0,0,0,0,0,0,42,53,0,0,0,9,0
0,0,0,0,0,1,1,0,0,0,1,0,0,0,0,0,0,0,0,0,0,32,63,0,0,0,9,0
0,0,0,0,0,0,0,0,0,0,0,0,0,0,0,0,0,0,0,0,0,0,0,0,0,0,0,0
0,0,0,0,0,0,0,0,0,0,0,0,0,0,0,0,0,0,0,0,0,0,0,0,0,0,0,0
0,0,0,0,0,1,1,0,0,0,1,0,0,0,0,0,0,0,0,0,0,38,57,0,0,4,5,0
0,0,0,0,0,1,1,0,0,0,1,0,0,0,0,0,0,0,0,0,0,31,64,0,0,0,9,0
0,0,0,0,0,1,1,0,0,0,1,0,0,0,0,0,0,0,0,0,0,27,68,0,0,2,6,0
0,0,0,0,0,1,1,0,0,0,1,0,0,0,0,0,0,0,0,0,0,40,55,0,0,9,0,0
0,0,0,0,0,1,1,0,0,0,0,1,0,0,0,0,0,0,0,0,0,49,41,5,0,8,1,0
0,0,0,0,0,0,0,0,0,0,0,0,0,0,0,0,0,0,0,0,0,0,0,0,0,0,0,0
0,0,0,0,0,0,0,0,0,0,0,0,0,0,0,0,0,0,0,0,0,0,0,0,0,0,0,0
0,0,0,0,0,0,0,0,0,0,0,0,0,0,0,0,0,0,0,0,0,0,0,0,0,0,0,0
0,0,0,0,0,1,0,0,0,0,0,1,0,0,0,0,0,0,0,0,0,53,42,0,0,2,7,0
0,0,0,0,0,1,1,0,0,0,1,0,0,0,0,0,0,0,0,0,0,46,49,0,0,1,8,0
0,0,0,0,0,1,1,0,0,0,0,1,0,0,0,0,0,0,0,0,0,35,60,0,0,5,4,0
0,0,0,0,0,2,0,0,0,0,1,0,0,0,0,0,0,0,0,0,0,30,65,0,0,0,9,0
0,0,0,0,0,0,0,0,0,0,0,0,0,0,0,0,0,0,0,0,0,0,0,0,0,0,0,0
0,0,0,0,0,0,0,0,0,0,0,0,0,0,0,0,0,0,0,0,0,0,0,0,0,0,0,0
0,0,0,0,0,1,0,0,0,0,0,1,0,0,0,0,0,0,0,0,0,39,55,1,0,0,9,0
0,0,0,0,0,1,1,0,0,0,1,1,0,0,0,0,0,0,0,0,0,28,67,0,0,8,0,0
0,0,0,0,0,1,0,0,0,0,0,1,0,0,0,0,0,0,0,0,0,14,75,6,0,8,1,0
0,0,0,0,0,1,1,0,0,0,0,1,0,0,0,0,0,0,0,0,0,40,52,3,0,2,7,0
0,0,0,0,0,2,0,0,0,0,0,1,0,0,0,0,0,0,0,0,0,38,57,0,0,4,3,0
0,0,0,0,0,0,0,0,0,0,0,0,0,0,0,0,0,0,0,0,0,0,0,0,0,0,0,0
0,0,0,0,0,0,0,0,0,0,0,0,0,0,0,0,0,0,0,0,0,0,0,0,0,0,0,0
0,0,0,0,0,1,1,0,0,0,0,1,0,0,0,0,0,0,0,0,0,27,67,1,0,9,0,0
0,0,0,0,0,1,1,0,0,0,0,1,0,0,0,0,0,0,0,0,0,53,37,4,0,9,0,0
0,0,0,0,0,1,1,0,0,0,1,0,0,0,0,0,0,0,0,0,0,40,55,0,0,0,9,0
0,0,0,0,0,1,0,0,0,0,1,0,0,0,0,0,0,0,0,0,0,42,53,0,0,1,8,0
0,0,0,0,0,2,0,0,0,0,1,0,0,0,0,0,0,0,0,0,0,35,60,0,0,0,8,0
0,0,0,0,0,0,0,0,0,0,0,0,0,0,0,0,0,0,0,0,0,0,0,0,0,0,0,0
0,0,0,0,0,0,0,0,0,0,0,0,0,0,0,0,0,0,0,0,0,0,0,0,0,0,0,0
0,0,0,0,0,2,0,0,0,0,0,1,0,0,0,0,0,0,0,0,0,34,60,1,0,0,9,0
0,0,0,0,0,1,0,0,0,0,0,0,0,0,0,0,0,0,0,0,0,40,55,0,0,3,6,0
0,0,0,0,0,2,1,0,0,1,0,1,0,0,0,0,0,0,0,0,0,33,62,0,0,0,9,0
0,0,0,0,0,2,0,0,0,0,0,1,0,0,0,0,0,0,0,0,0,47,48,0,0,0,9,0
0,0,0,0,0,1,0,0,0,0,0,1,0,0,0,0,0,0,0,0,0,39,56,0,0,5,4,0
0,0,0,0,0,0,0,0,0,0,0,0,0,0,0,0,0,0,0,0,0,0,0,0,0,0,0,0
0,0,0,0,0,0,0,0,0,0,0,0,0,0,0,0,0,0,0,0,0,0,0,0,0,0,0,0
0,0,0,0,0,1,1,0,0,0,1,0,0,0,0,0,0,0,0,0,0,49,46,0,0,6,3,0
0,0,0,0,0,1,1,0,0,0,0,1,0,0,0,0,0,0,0,0,0,54,36,5,0,8,0,1
0,0,0,0,0,1,1,0,0,0,0,0,0,0,0,0,0,0,0,0,0,35,60,0,0,0,9,0
0,0,0,0,0,1,1,0,0,0,0,1,0,0,0,0,0,0,0,0,0,25,65,5,0,9,0,0
0,0,0,0,0,1,1,0,0,0,1,0,0,0,0,0,0,0,0,0,0,39,56,0,0,0,9,0
0,0,0,0,0,0,0,0,0,0,0,0,0,0,0,0,0,0,0,0,0,0,0,0,0,0,0,0
0,0,0,0,0,0,0,0,0,0,0,0,0,0,0,0,0,0,0,0,0,0,0,0,0,0,0,0
0,0,0,0,0,1,1,0,0,0,1,0,0,0,0,0,0,0,0,0,0,36,59,0,0,0,9,0
0,0,0,0,0,2,0,0,0,0,1,0,0,0,0,0,0,0,0,0,0,45,50,0,0,6,3,0
0,0,0,0,0,2,1,0,0,1,1,0,0,0,0,0,0,0,0,0,0,36,59,0,0,8,1,0
0,0,0,0,0,1,0,0,0,0,0,1,0,0,0,0,0,0,0,0,0,40,55,0,0,1,8,0
0,0,0,0,0,1,1,0,0,0,0,1,0,0,0,0,0,0,0,0,0,35,60,0,0,0,9,0
0,0,0,0,0,0,0,0,0,0,0,0,0,0,0,0,0,0,0,0,0,0,0,0,0,0,0,0
0,0,0,0,0,0,0,0,0,0,0,0,0,0,0,0,0,0,0,0,0,0,0,0,0,0,0,0
0,0,0,0,0,1,0,0,0,0,0,1,0,0,0,0,0,0,0,0,0,42,48,5,0,2,7,0
0,0,0,0,0,2,0,0,0,0,0,1,0,0,0,0,0,0,0,0,0,41,53,1,0,6,3,0
0,0,0,0,0,1,0,0,0,0,0,1,0,0,0,0,0,0,0,0,0,42,50,3,0,4,4,1
0,0,0,0,0,1,0,0,0,0,0,1,0,0,0,0,0,0,0,0,0,37,56,1,0,6,3,0
10,0,0,0,1,1,1,0,0,1,1,0,1,0,0,0,1,0,0,0,1,29,61,0,0,0,9,0
0,0,0,0,1,0,0,0,1,0,0,0,1,0,0,0,1,0,0,0,6,0,0,0,0,0,0,0
0,0,0,0,0,0,0,0,0,0,0,0,0,0,0,0,0,0,0,0,0,0,0,0,0,0,0,0
0,0,0,0,0,2,0,0,0,0,0,0,0,0,0,0,0,0,0,0,0,51,44,0,0,4,5,0
0,0,0,0,0,2,0,0,0,0,0,1,0,0,0,0,0,0,0,0,0,42,53,0,0,0,9,0
0,0,0,0,0,1,0,1,0,0,1,1,0,0,0,0,0,0,0,0,0,31,48,16,0,2,7,0
0,0,0,0,0,1,0,0,0,0,0,1,0,0,0,0,0,0,0,0,0,34,56,4,0,0,9,0
0,0,0,0,1,1,1,1,1,0,1,1,1,0,0,0,1,0,0,0,2,30,52,13,0,0,8,0
0,0,0,0,0,0,0,0,0,0,0,0,0,0,0,0,0,0,0,0,0,0,0,0,0,0,0,0
0,0,0,0,0,0,0,0,0,0,0,0,0,0,0,0,0,0,0,0,0,0,0,0,0,0,0,0
0,0,0,0,0,1,1,0,0,0,1,0,0,0,0,0,0,0,0,0,0,39,56,0,0,6,3,0
0,0,0,11,0,1,1,1,0,0,0,2,0,0,0,2,0,0,0,2,0,26,35,34,0,9,0,0
0,0,0,0,0,2,0,0,0,0,1,0,0,0,0,0,0,0,0,0,0,40,55,0,0,5,4,0
0,0,0,0,0,2,0,0,0,0,1,0,0,0,0,0,0,0,0,0,0,33,62,0,0,7,2,0
0,0,0,0,0,1,1,0,0,0,0,1,0,0,0,0,0,0,0,0,0,40,42,13,0,0,5,0
0,0,0,0,0,0,0,0,0,0,0,0,0,0,0,0,0,0,0,0,0,0,0,0,0,0,0,0
0,0,0,0,0,0,0,0,0,0,0,0,0,0,0,0,0,0,0,0,0,0,0,0,0,0,0,0
0,0,0,0,0,1,1,0,0,0,0,1,0,0,0,0,0,0,0,0,0,45,50,0,0,8,0,0
0,0,0,0,0,1,1,0,0,0,0,0,0,0,0,0,0,0,0,0,0,31,64,0,0,7,2,0
0,0,0,0,0,1,1,0,0,0,0,1,0,0,0,0,0,0,0,0,0,29,64,2,0,0,8,0
0,0,0,0,0,2,0,0,0,0,0,1,0,0,0,0,0,0,0,0,0,18,76,1,0,7,1,1
0,0,0,0,0,1,0,0,0,0,0,1,0,0,0,0,0,0,0,0,0,38,57,0,0,5,4,0
0,0,0,0,0,0,0,0,0,0,0,0,0,0,0,0,0,0,0,0,0,0,0,0,0,0,0,0
0,0,0,0,0,0,0,0,0,0,0,0,0,0,0,0,0,0,0,0,0,0,0,0,0,0,0,0
0,0,0,0,0,1,1,0,0,0,1,0,0,0,0,0,0,0,0,0,0,48,47,0,0,9,0,0
0,0,0,0,0,1,1,0,0,0,0,1,0,0,0,0,0,0,0,0,0,36,58,1,0,5,4,0
0,0,0,0,0,1,1,0,0,0,0,1,0,0,0,0,0,0,0,0,0,40,52,3,0,0,9,0
