0,24,0,0,0,1,0,0,0,0,0,1,0,7,0,0,0,7,0,0,0,50,87,6,0,2,12,0
0,11,13,0,0,1,0,0,0,0,1,0,0,4,5,0,0,3,6,0,0,63,80,0,0,1,13,0
0,10,14,0,0,1,0,0,0,0,0,1,0,4,5,0,0,3,6,0,0,58,84,1,0,5,9,0
0,2,24,0,0,1,0,0,0,0,1,0,0,1,8,0,0,0,9,0,0,60,83,0,0,12,2,0
0,10,17,0,0,1,0,0,0,0,0,1,0,4,5,0,0,4,5,0,0,56,86,1,0,13,1,0
0,0,0,0,0,0,0,0,0,0,0,0,0,0,0,0,0,0,0,0,0,0,0,0,0,0,0,0
0,0,0,0,0,0,0,0,0,0,0,0,0,0,0,0,0,0,0,0,0,0,0,0,0,0,0,0
0,23,4,0,0,1,0,0,0,0,0,1,0,6,2,0,0,6,2,0,0,52,91,0,0,14,0,0
0,14,10,0,0,1,0,0,0,0,0,1,0,5,3,0,0,4,4,0,0,31,97,15,0,0,13,1
0,8,19,0,0,1,0,0,0,0,1,0,0,3,5,0,0,3,5,0,0,50,93,0,0,1,13,0
0,5,22,0,0,1,0,0,0,0,0,1,0,2,6,0,0,2,6,0,0,48,90,5,0,0,14,0
0,7,18,0,0,1,0,0,0,0,1,0,0,2,4,0,0,2,4,0,0,38,105,0,0,2,12,0
0,0,0,0,0,0,0,0,0,0,0,0,0,0,0,0,0,0,0,0,0,0,0,0,0,0,0,0
0,0,0,0,0,0,0,0,0,0,0,0,0,0,0,0,0,0,0,0,0,0,0,0,0,0,0,0
0,18,8,0,0,1,0,0,0,0,1,0,0,7,2,0,0,6,3,0,0,59,84,0,0,7,7,0
0,9,9,0,0,1,0,0,0,0,0,1,0,4,4,0,0,4,4,0,0,40,103,0,0,0,14,0
0,7,11,0,0,1,0,0,0,0,0,1,0,3,4,0,0,3,4,0,0,61,82,0,0,7,7,0
0,8,17,0,0,1,0,0,0,0,1,0,0,3,6,0,0,2,7,0,0,71,72,0,0,10,4,0
0,18,9,0,0,1,0,0,0,0,0,1,0,4,3,0,0,4,3,0,0,54,88,1,0,5,9,0
0,0,0,0,0,0,0,0,0,0,0,0,0,0,0,0,0,0,0,0,0,0,0,0,0,0,0,0
0,0,0,0,0,0,0,0,0,0,0,0,0,0,0,0,0,0,0,0,0,0,0,0,0,0,0,0
0,19,8,0,0,1,0,0,0,0,0,1,0,4,4,0,0,4,4,0,0,69,74,0,0,8,5,0
0,7,16,0,0,1,0,0,0,0,0,1,0,3,5,0,0,3,4,1,0,47,89,7,0,0,14,0
0,17,10,0,0,1,0,0,0,0,0,1,0,4,4,0,0,4,4,0,0,39,104,0,0,14,0,0
0,14,12,0,0,1,0,0,0,0,1,0,0,3,5,0,0,3,5,0,0,63,80,0,0,1,13,0
0,5,19,0,0,1,0,0,0,0,1,0,0,1,8,0,0,1,8,0,0,64,79,0,0,0,13,0
0,0,0,0,0,0,0,0,0,0,0,0,0,0,0,0,0,0,0,0,0,0,0,0,0,0,0,0
0,0,0,0,0,0,0,0,0,0,0,0,0,0,0,0,0,0,0,0,0,0,0,0,0,0,0,0
0,8,16,0,0,1,0,0,0,0,0,1,0,1,6,0,0,1,6,0,0,40,103,0,0,6,8,0
0,23,0,0,0,1,0,0,0,0,0,0,0,9,0,0,0,9,0,0,0,62,81,0,0,14,0,0
0,9,12,0,0,1,0,0,0,0,1,0,0,5,3,0,0,5,3,0,0,44,99,0,0,0,14,0
0,7,11,0,0,1,0,0,0,0,1,0,0,4,3,0,0,3,4,0,0,53,90,0,0,0,14,0
0,14,13,0,0,1,0,0,0,0,0,1,0,4,4,0,0,4,4,0,0,77,65,1,0,0,14,0
0,0,0,0,0,0,0,0,0,0,0,0,0,0,0,0,0,0,0,0,0,0,0,0,0,0,0,0
0,0,0,0,0,0,0,0,0,0,0,0,0,0,0,0,0,0,0,0,0,0,0,0,0,0,0,0
0,17,10,0,0,1,0,0,0,0,0,1,0,4,5,0,0,4,5,0,0,50,88,5,0,7,7,0
0,25,0,0,0,1,0,0,0,0,1,0,0,7,0,0,0,7,0,0,0,82,61,0,0,6,8,0
0,9,8,0,0,1,0,0,0,0,1,0,0,3,3,0,0,3,3,0,0,58,85,0,0,4,10,0
0,15,11,0,0,1,0,0,0,0,1,0,0,3,5,0,0,3,4,0,0,54,89,0,0,0,14,0
0,10,17,0,0,1,0,0,0,0,1,0,0,4,4,0,0,4,4,0,0,71,72,0,0,12,2,0
0,0,0,0,0,0,0,0,0,0,0,0,0,0,0,0,0,0,0,0,0,0,0,0,0,0,0,0
0,0,0,0,0,0,0,0,0,0,0,0,0,0,0,0,0,0,0,0,0,0,0,0,0,0,0,0
0,0,24,0,0,1,0,0,0,0,0,1,0,0,9,0,0,0,9,0,0,32,111,0,0,0,10,0
0,9,18,0,0,1,0,0,0,0,1,0,0,3,3,0,0,3,3,0,0,37,106,0,0,9,5,0
0,17,6,2,0,1,0,0,0,0,0,1,0,4,4,0,0,4,3,1,0,67,73,3,0,11,3,0
0,17,10,0,0,1,0,0,0,0,0,0,0,3,5,0,0,3,5,0,0,53,90,0,0,0,14,0
0,8,19,0,0,1,0,0,0,0,0,1,0,2,6,0,0,2,6,0,0,61,77,5,0,13,1,0
0,0,0,0,0,0,0,0,0,0,0,0,0,0,0,0,0,0,0,0,0,0,0,0,0,0,0,0
0,0,0,0,0,0,0,0,0,0,0,0,0,0,0,0,0,0,0,0,0,0,0,0,0,0,0,0
0,15,8,0,0,1,0,0,0,0,0,1,0,3,5,0,0,2,6,0,0,54,82,7,0,4,10,0
0,10,10,0,0,1,0,0,0,0,0,1,0,3,5,0,0,3,5,0,0,64,75,4,0,0,14,0
0,10,14,0,0,1,0,0,0,0,1,0,0,3,6,0,0,3,6,0,0,70,73,0,0,14,0,0
0,19,7,0,0,1,0,0,0,0,1,0,0,5,3,0,0,5,3,0,0,71,72,0,0,12,2,0
0,13,12,0,0,1,0,0,0,0,0,1,0,3,5,0,0,3,5,0,0,57,84,2,0,12,2,0
0,0,0,0,0,0,0,0,0,0,0,0,0,0,0,0,0,0,0,0,0,0,0,0,0,0,0,0
0,0,0,0,0,0,0,0,0,0,0,0,0,0,0,0,0,0,0,0,0,0,0,0,0,0,0,0
0,10,17,0,0,1,0,0,0,0,0,1,0,4,5,0,0,4,5,0,0,55,85,3,0,0,13,1
0,8,17,0,0,1,0,0,0,0,1,0,0,4,4,0,0,4,4,0,0,59,84,0,0,3,11,0
0,12,14,0,0,1,0,0,0,0,1,0,0,4,4,0,0,3,5,0,0,57,86,0,0,3,11,0
0,9,18,0,0,1,0,0,0,0,0,0,0,4,5,0,0,3,6,0,0,67,76,0,0,1,13,0
0,0,27,0,0,1,0,0,0,0,1,0,0,0,8,0,0,0,8,0,0,74,69,0,0,0,12,0
0,0,0,0,0,0,0,0,0,0,0,0,0,0,0,0,0,0,0,0,0,0,0,0,0,0,0,0
0,0,0,0,0,0,0,0,0,0,0,0,0,0,0,0,0,0,0,0,0,0,0,0,0,0,0,0
0,15,12,0,0,1,0,0,0,0,0,0,0,3,5,0,0,2,6,0,0,68,75,0,0,8,6,0
0,7,15,0,0,1,0,0,0,0,0,1,0,1,7,0,0,1,7,0,0,59,84,0,0,9,5,0
0,11,7,0,0,1,0,0,0,0,0,1,0,3,4,0,0,3,4,0,0,44,88,11,0,6,7,0
0,0,20,1,0,1,0,0,0,0,0,1,0,0,7,1,0,0,7,1,0,62,77,4,0,0,14,0
0,0,22,0,0,1,0,0,0,0,0,0,0,0,9,0,0,0,9,0,0,88,55,0,0,10,4,0
0,0,0,0,0,0,0,0,0,0,0,0,0,0,0,0,0,0,0,0,0,0,0,0,0,0,0,0
0,0,0,0,0,0,0,0,0,0,0,0,0,0,0,0,0,0,0,0,0,0,0,0,0,0,0,0
0,12,12,0,0,1,0,0,0,0,0,1,0,4,4,0,0,4,4,0,0,55,85,3,0,14,0,0
0,4,16,0,0,1,0,0,0,0,0,1,0,3,4,0,0,3,4,0,0,58,85,0,0,10,4,0
0,16,11,0,0,1,0,0,0,0,0,1,0,4,4,0,0,4,4,0,0,60,82,1,0,4,10,0
0,10,13,0,0,1,0,0,0,0,0,1,0,2,5,0,0,2,5,0,0,64,78,1,0,1,12,1
0,17,6,0,0,1,0,0,0,0,1,0,0,5,3,0,0,5,3,0,0,56,87,0,0,14,0,0
0,0,0,0,0,0,0,0,0,0,0,0,0,0,0,0,0,0,0,0,0,0,0,0,0,0,0,0
0,0,0,0,0,0,0,0,0,0,0,0,0,0,0,0,0,0,0,0,0,0,0,0,0,0,0,0
0,9,18,0,0,1,0,0,0,0,0,0,0,4,5,0,0,4,5,0,0,77,66,0,0,4,10,0
0,9,18,0,0,1,0,0,0,0,0,0,0,5,4,0,0,5,4,0,0,54,89,0,0,7,7,0
0,14,12,0,0,1,0,0,0,0,0,1,0,3,5,0,0,2,5,1,0,61,79,3,0,2,0,12
0,14,13,0,0,1,0,0,0,0,1,0,0,3,5,0,0,3,5,0,0,85,58,0,0,9,0,0
0,14,12,0,0,1,0,0,0,0,0,1,0,4,5,0,0,4,5,0,0,42,101,0,0,1,13,0
0,0,0,0,0,0,0,0,0,0,0,0,0,0,0,0,0,0,0,0,0,0,0,0,0,0,0,0
0,0,0,0,0,0,0,0,0,0,0,0,0,0,0,0,0,0,0,0,0,0,0,0,0,0,0,0
0,8,11,0,0,1,0,0,0,0,0,1,0,4,4,0,0,3,5,0,0,52,81,10,0,2,12,0
0,5,15,0,0,1,0,0,0,0,1,0,0,3,5,0,0,2,6,0,0,57,86,0,0,1,13,0
0,10,17,0,0,1,0,0,0,0,1,0,0,3,5,0,0,3,5,0,0,62,81,0,0,1,13,0
0,20,7,0,0,1,0,0,0,0,0,1,0,3,4,0,0,3,4,0,0,55,82,6,0,2,12,0
0,0,0,0,0,0,0,0,0,0,0,0,0,0,0,0,0,0,0,0,0,0,0,0,0,0,0,0
0,0,0,0,0,0,0,0,0,0,0,0,0,0,0,0,0,0,0,0,0,0,0,0,0,0,0,0
0,0,0,0,0,0,0,0,0,0,0,0,0,0,0,0,0,0,0,0,0,0,0,0,0,0,0,0
0,3,16,0,0,1,0,0,0,0,0,1,0,2,6,0,0,2,6,0,0,57,82,4,0,0,14,0
0,8,16,0,0,1,0,0,0,0,0,1,0,5,4,0,0,4,5,0,0,65,73,5,0,0,14,0
0,6,20,0,0,1,0,0,0,0,0,1,0,1,5,0,0,1,5,0,0,69,74,0,0,7,7,0
0,12,8,0,0,1,0,0,0,0,1,0,0,4,4,0,0,4,4,0,0,57,86,0,0,1,12,0
0,4,23,0,0,1,0,0,0,0,0,0,0,2,6,0,0,2,6,0,0,69,74,0,0,11,3,0
0,0,0,0,0,0,0,0,0,0,0,0,0,0,0,0,0,0,0,0,0,0,0,0,0,0,0,0
0,0,0,0,0,0,0,0,0,0,0,0,0,0,0,0,0,0,0,0,0,0,0,0,0,0,0,0
0,6,12,0,0,1,0,0,0,0,0,1,0,3,6,0,0,3,6,0,0,68,73,2,0,3,11,0
0,21,6,0,0,1,0,0,0,0,0,1,0,4,3,0,0,4,3,0,0,37,106,0,0,4,10,0
0,5,19,0,0,1,0,0,0,0,0,1,0,2,7,0,0,2,7,0,0,62,76,5,0,0,14,0
0,7,17,0,0,1,0,0,0,0,0,0,0,3,5,0,0,3,5,0,0,62,81,0,0,2,12,0
0,6,20,0,0,1,0,0,0,0,0,0,0,3,5,0,0,3,5,0,0,52,91,0,0,10,4,0
0,0,0,0,0,0,0,0,0,0,0,0,0,0,0,0,0,0,0,0,0,0,0,0,0,0,0,0
0,0,0,0,0,0,0,0,0,0,0,0,0,0,0,0,0,0,0,0,0,0,0,0,0,0,0,0
0,9,18,0,0,1,0,0,0,0,0,1,0,4,3,0,0,3,4,0,0,56,86,1,0,4,9,1
0,4,20,0,0,1,0,0,0,0,1,0,0,1,8,0,0,1,8,0,0,114,29,0,0,14,0,0
0,20,7,0,0,1,0,0,0,0,0,1,0,4,2,0,0,4,2,0,0,52,91,0,0,0,14,0
0,18,8,0,0,1,0,0,0,0,0,1,0,4,4,0,0,4,4,0,0,71,66,6,0,12,2,0
0,15,12,0,0,1,0,0,0,0,1,0,0,3,5,0,0,3,5,0,0,67,76,0,0,0,14,0
0,0,0,0,0,0,0,0,0,0,0,0,0,0,0,0,0,0,0,0,0,0,0,0,0,0,0,0
0,0,0,0,0,0,0,0,0,0,0,0,0,0,0,0,0,0,0,0,0,0,0,0,0,0,0,0
0,14,10,0,0,1,0,0,0,0,1,0,0,2,5,0,0,2,5,0,0,52,91,0,0,11,3,0
0,12,10,0,0,1,0,0,0,0,0,1,0,6,2,0,0,6,2,0,0,53,88,2,0,4,10,0
0,13,14,0,0,1,0,0,0,0,0,1,0,3,5,0,0,3,5,0,0,53,83,7,0,5,9,0
0,5,21,0,0,1,0,0,0,0,1,0,0,2,6,0,0,2,6,0,0,57,86,0,0,2,12,0
0,3,21,0,0,1,0,0,0,0,0,1,0,2,6,0,0,1,7,0,0,53,86,4,0,1,11,0
0,0,0,0,0,0,0,0,0,0,0,0,0,0,0,0,0,0,0,0,0,0,0,0,0,0,0,0
0,0,0,0,0,0,0,0,0,0,0,0,0,0,0,0,0,0,0,0,0,0,0,0,0,0,0,0
0,15,12,0,0,1,0,0,0,0,1,0,0,4,5,0,0,4,5,0,0,56,87,0,0,14,0,0
0,27,0,0,0,1,0,0,0,0,1,0,0,7,0,0,0,6,1,0,0,54,89,0,0,4,2,0
0,0,23,0,0,1,0,0,0,0,1,0,0,0,9,0,0,0,9,0,0,61,82,0,0,3,11,0
0,6,21,0,0,1,0,0,0,0,1,0,0,2,4,0,0,2,4,0,0,53,90,0,0,2,12,0
0,11,16,0,0,1,0,0,0,0,0,1,0,5,3,0,0,5,3,0,0,46,92,5,0,12,2,0
0,0,0,0,0,0,0,0,0,0,0,0,0,0,0,0,0,0,0,0,0,0,0,0,0,0,0,0
0,0,0,0,0,0,0,0,0,0,0,0,0,0,0,0,0,0,0,0,0,0,0,0,0,0,0,0
0,23,0,0,0,1,0,0,0,0,1,0,0,7,0,0,0,7,0,0,0,59,84,0,0,9,5,0
0,13,14,0,0,1,0,0,0,0,0,1,0,4,4,0,0,4,4,0,0,83,60,0,0,1,13,0
0,13,9,0,0,1,0,0,0,0,1,0,0,3,5,0,0,3,5,0,0,51,92,0,0,14,0,0
0,11,12,0,0,1,0,0,0,0,0,1,0,5,4,0,0,5,4,0,0,80,63,0,0,5,9,0
0,4,13,1,0,1,0,0,0,0,0,1,0,3,6,0,0,2,6,1,0,62,81,0,0,0,14,0
0,0,0,0,0,0,0,0,0,0,0,0,0,0,0,0,0,0,0,0,0,0,0,0,0,0,0,0
0,0,0,0,0,0,0,0,0,0,0,0,0,0,0,0,0,0,0,0,0,0,0,0,0,0,0,0
0,12,11,0,0,1,0,0,0,0,0,0,0,2,4,0,0,2,4,0,0,47,96,0,0,3,11,0
0,16,10,0,0,1,0,0,0,0,1,0,0,4,3,0,0,3,4,0,0,51,92,0,0,10,3,0
0,4,14,0,0,1,0,0,0,0,0,1,0,2,5,0,0,2,5,0,0,50,86,7,0,0,12,0
0,8,17,0,0,1,0,0,0,0,0,1,0,3,4,0,0,3,4,0,0,95,48,0,0,0,14,0
0,11,16,0,0,1,0,0,0,0,0,1,0,3,6,0,0,3,6,0,0,65,75,3,0,0,14,0
0,0,0,0,0,0,0,0,0,0,0,0,0,0,0,0,0,0,0,0,0,0,0,0,0,0,0,0
0,0,0,0,0,0,0,0,0,0,0,0,0,0,0,0,0,0,0,0,0,0,0,0,0,0,0,0
0,14,10,0,0,1,0,0,0,0,0,1,0,2,4,0,0,2,4,0,0,57,79,7,0,0,14,0
0,3,17,0,0,1,0,0,0,0,1,0,0,2,6,0,0,2,6,0,0,59,84,0,0,0,0,0
0,10,17,0,0,1,0,0,0,0,1,0,0,4,5,0,0,4,5,0,0,82,61,0,0,0,10,0
0,14,12,0,0,1,0,0,0,0,1,0,0,2,6,0,0,2,6,0,0,67,76,0,0,12,2,0
0,11,16,0,0,1,0,0,0,0,0,1,0,5,4,0,0,5,4,0,0,56,87,0,0,2,12,0
0,0,0,0,0,0,0,0,0,0,0,0,0,0,0,0,0,0,0,0,0,0,0,0,0,0,0,0
0,0,0,0,0,0,0,0,0,0,0,0,0,0,0,0,0,0,0,0,0,0,0,0,0,0,0,0
0,0,0,0,0,0,0,0,0,0,0,0,0,0,0,0,0,0,0,0,0,0,0,0,0,0,0,0
0,25,0,0,0,1,0,0,0,0,0,1,0,9,0,0,0,8,0,0,0,27,96,20,0,8,6,0
0,10,17,0,0,1,0,0,0,0,0,1,0,3,3,0,0,2,4,0,0,67,76,0,0,1,12,0
0,8,19,0,0,1,0,0,0,0,0,1,0,4,4,0,0,4,4,0,0,59,81,3,0,2,12,0
0,4,21,0,0,1,0,0,0,0,0,1,0,2,6,0,0,2,6,0,0,71,72,0,0,11,3,0
0,0,0,0,0,0,0,0,0,0,0,0,0,0,0,0,0,0,0,0,0,0,0,0,0,0,0,0
0,0,0,0,0,0,0,0,0,0,0,0,0,0,0,0,0,0,0,0,0,0,0,0,0,0,0,0
0,16,11,0,0,1,0,0,0,0,0,1,0,3,5,0,0,3,5,0,0,61,81,1,0,1,13,0
0,6,21,0,0,1,0,0,0,0,1,0,0,3,6,0,0,3,6,0,0,58,85,0,0,0,14,0
0,16,11,0,0,1,0,0,0,0,0,1,0,4,5,0,0,4,5,0,0,59,83,1,0,4,9,0
0,10,14,0,0,1,0,0,0,0,0,1,0,3,3,0,0,3,3,0,0,62,78,3,0,6,8,0
0,6,21,0,0,1,0,0,0,0,0,1,0,3,6,0,0,3,6,0,0,59,84,0,0,0,14,0
0,0,0,0,0,0,0,0,0,0,0,0,0,0,0,0,0,0,0,0,0,0,0,0,0,0,0,0
0,0,0,0,0,0,0,0,0,0,0,0,0,0,0,0,0,0,0,0,0,0,0,0,0,0,0,0
0,6,21,0,0,1,0,0,0,0,0,1,0,2,4,0,0,2,4,0,0,68,75,0,0,6,8,0
0,8,15,0,0,1,0,0,0,0,0,1,0,5,3,0,0,4,4,0,0,78,65,0,0,2,12,0
0,3,15,0,0,1,0,0,0,0,1,0,0,2,5,0,0,2,5,0,0,55,88,0,0,5,9,0
0,13,14,0,0,1,0,0,0,0,1,0,0,6,3,0,0,5,4,0,0,69,74,0,0,2,12,0
0,7,16,0,0,1,0,0,0,0,1,0,0,3,6,0,0,3,6,0,0,67,76,0,0,0,14,0
0,0,0,0,0,0,0,0,0,0,0,0,0,0,0,0,0,0,0,0,0,0,0,0,0,0,0,0
0,0,0,0,0,0,0,0,0,0,0,0,0,0,0,0,0,0,0,0,0,0,0,0,0,0,0,0
0,15,12,0,0,1,0,0,0,0,0,1,0,4,5,0,0,4,5,0,0,59,84,0,0,8,5,1
0,3,19,0,0,1,0,0,0,0,0,1,0,2,6,0,0,2,6,0,0,74,69,0,0,14,0,0
0,10,14,0,0,1,0,0,0,0,0,1,0,3,3,0,0,3,3,0,0,65,72,6,0,10,4,0
0,10,8,0,0,1,0,0,0,0,1,0,0,5,4,0,0,5,4,0,0,54,89,0,0,7,7,0
0,11,11,0,0,1,0,0,0,0,0,1,0,3,5,0,0,2,6,0,0,57,85,1,0,4,10,0
0,0,0,0,0,0,0,0,0,0,0,0,0,0,0,0,0,0,0,0,0,0,0,0,0,0,0,0
0,0,0,0,0,0,0,0,0,0,0,0,0,0,0,0,0,0,0,0,0,0,0,0,0,0,0,0
0,11,16,0,0,1,0,0,0,0,0,1,0,3,6,0,0,3,6,0,0,67,76,0,0,14,0,0
0,17,10,0,0,1,0,0,0,0,0,1,0,3,6,0,0,3,6,0,0,60,77,6,0,14,0,0
0,12,14,0,0,1,0,0,0,0,1,0,0,4,5,0,0,4,5,0,0,64,79,0,0,4,10,0
0,6,21,0,0,1,0,0,0,0,0,1,0,2,6,0,0,2,6,0,0,69,70,4,0,3,11,0
0,8,19,0,0,1,0,0,0,0,0,1,0,3,4,0,0,3,4,0,0,64,77,2,0,14,0,0
0,0,0,0,0,0,0,0,0,0,0,0,0,0,0,0,0,0,0,0,0,0,0,0,0,0,0,0
0,0,0,0,0,0,0,0,0,0,0,0,0,0,0,0,0,0,0,0,0,0,0,0,0,0,0,0
0,0,0,0,0,0,0,0,0,0,0,0,0,0,0,0,0,0,0,0,0,0,0,0,0,0,0,0
0,3,24,0,0,1,0,0,0,0,0,0,0,2,6,0,0,2,6,0,0,68,75,0,0,11,3,0
0,5,21,0,0,1,0,0,0,0,1,0,0,3,6,0,0,2,7,0,0,61,82,0,0,1,13,0
0,8,19,0,0,1,0,0,0,0,1,0,0,3,4,0,0,2,5,0,0,45,98,0,0,0,14,0
0,4,21,0,0,1,0,0,0,0,0,0,0,4,4,0,0,3,5,0,0,58,85,0,0,0,14,0
0,0,0,0,0,0,0,0,0,0,0,0,0,0,0,0,0,0,0,0,0,0,0,0,0,0,0,0
0,0,0,0,0,0,0,0,0,0,0,0,0,0,0,0,0,0,0,0,0,0,0,0,0,0,0,0
0,16,11,0,0,1,0,0,0,0,1,0,0,4,5,0,0,4,5,0,0,50,93,0,0,9,4,0
0,0,26,1,0,1,0,0,0,0,0,1,0,2,7,0,0,1,7,1,0,73,70,0,0,9,4,1
0,7,20,0,0,1,0,0,0,0,1,0,0,3,5,0,0,2,6,0,0,53,90,0,0,3,11,0
0,17,9,0,0,1,0,0,0,0,0,1,0,4,4,0,0,3,5,0,0,56,77,10,0,5,9,0
0,17,7,0,0,1,0,0,0,0,1,0,0,3,3,0,0,3,3,0,0,70,73,0,0,12,1,0
0,0,0,0,0,0,0,0,0,0,0,0,0,0,0,0,0,0,0,0,0,0,0,0,0,0,0,0
0,0,0,0,0,0,0,0,0,0,0,0,0,0,0,0,0,0,0,0,0,0,0,0,0,0,0,0
0,7,20,0,0,1,0,0,0,0,1,0,0,3,5,0,0,3,5,0,0,54,89,0,0,1,13,0
0,13,14,0,0,1,0,0,0,0,1,0,0,4,5,0,0,3,6,0,0,46,97,0,0,1,13,0
0,9,18,0,0,1,0,0,0,0,0,1,0,3,4,0,0,3,4,0,0,60,82,1,0,0,14,0
0,4,14,0,0,1,0,0,0,0,0,0,0,2,6,0,0,2,6,0,0,68,75,0,0,13,1,0
0,4,23,0,0,1,0,0,0,0,0,0,0,2,7,0,0,2,7,0,0,67,76,0,0,6,8,0
0,0,0,0,0,0,0,0,0,0,0,0,0,0,0,0,0,0,0,0,0,0,0,0,0,0,0,0
0,0,0,0,0,0,0,0,0,0,0,0,0,0,0,0,0,0,0,0,0,0,0,0,0,0,0,0
0,27,0,0,0,1,0,0,0,0,0,1,0,7,0,0,0,7,0,0,0,61,82,0,0,13,0,0
0,0,18,0,0,1,0,0,0,0,1,0,0,1,8,0,0,0,9,0,0,64,79,0,0,0,13,0
0,2,20,0,0,1,0,0,0,0,1,0,0,2,6,0,0,2,6,0,0,56,87,0,0,0,14,0
0,6,20,0,0,1,0,0,0,0,0,0,0,3,5,0,0,2,6,0,0,58,85,0,0,0,14,0
0,27,0,0,0,1,0,0,0,0,1,0,0,6,0,0,0,6,0,0,0,92,51,0,0,11,0,0
0,0,0,0,0,0,0,0,0,0,0,0,0,0,0,0,0,0,0,0,0,0,0,0,0,0,0,0
0,0,0,0,0,0,0,0,0,0,0,0,0,0,0,0,0,0,0,0,0,0,0,0,0,0,0,0
0,0,27,0,0,1,0,0,0,0,0,1,0,0,9,0,0,0,8,0,0,70,73,0,0,14,0,0
0,15,12,0,0,1,0,0,0,0,0,1,0,3,3,0,0,2,4,0,0,38,105,0,0,1,11,2
0,7,20,0,0,1,0,0,0,0,0,1,0,3,6,0,0,3,6,0,0,61,80,2,0,4,9,1
0,9,12,0,0,1,0,0,0,0,1,0,0,4,3,0,0,4,3,0,0,68,75,0,0,0,14,0
0,8,17,0,0,1,0,0,0,0,1,0,0,2,6,0,0,2,6,0,0,47,96,0,0,9,5,0
0,0,0,0,0,0,0,0,0,0,0,0,0,0,0,0,0,0,0,0,0,0,0,0,0,0,0,0
0,0,0,0,0,0,0,0,0,0,0,0,0,0,0,0,0,0,0,0,0,0,0,0,0,0,0,0
0,4,23,0,0,1,0,0,0,0,0,1,0,2,6,0,0,2,6,0,0,51,91,1,0,11,3,0
0,11,13,0,0,1,0,0,0,0,1,0,0,4,5,0,0,3,6,0,0,68,75,0,0,14,0,0
0,11,15,0,0,1,0,0,0,0,0,0,0,5,3,0,0,4,4,0,0,66,77,0,0,0,14,0
0,6,18,0,0,1,0,0,0,0,0,1,0,3,6,0,0,3,5,0,0,66,70,7,0,0,14,0
0,5,17,0,0,1,0,0,0,0,0,1,0,3,5,0,0,2,6,0,0,61,77,5,0,9,5,0
0,0,0,0,0,0,0,0,0,0,0,0,0,0,0,0,0,0,0,0,0,0,0,0,0,0,0,0
0,0,0,0,0,0,0,0,0,0,0,0,0,0,0,0,0,0,0,0,0,0,0,0,0,0,0,0
0,8,14,0,0,1,0,0,0,0,0,1,0,4,4,0,0,4,3,0,0,62,80,1,0,8,5,0
0,22,0,0,0,1,0,0,0,0,1,0,0,9,0,0,0,9,0,0,0,69,74,0,0,14,0,0
0,17,10,0,0,1,0,0,0,0,0,1,0,3,5,0,0,3,4,0,0,56,82,5,0,7,7,0
0,7,19,0,0,1,0,0,0,0,0,1,0,3,5,0,0,3,5,0,0,44,97,2,0,0,14,0
0,22,5,0,0,1,0,0,0,0,1,0,0,6,2,0,0,6,2,0,0,38,104,0,0,5,9,0
0,0,0,0,0,0,0,0,0,0,0,0,0,0,0,0,0,0,0,0,0,0,0,0,0,0,0,0
0,0,0,0,0,0,0,0,0,0,0,0,0,0,0,0,0,0,0,0,0,0,0,0,0,0,0,0
0,9,7,0,0,1,0,0,0,0,0,1,0,4,4,0,0,4,4,0,0,51,90,2,0,0,12,1
0,6,21,0,0,1,0,0,0,0,1,0,0,4,5,0,0,4,5,0,0,53,90,0,0,0,14,0
0,12,8,0,0,1,0,0,0,0,0,0,0,5,4,0,0,5,4,0,0,48,95,0,0,5,9,0
0,10,13,0,0,1,0,0,0,0,1,0,0,4,4,0,0,3,5,0,0,63,80,0,0,5,9,0
0,27,0,0,0,1,0,0,0,0,1,0,0,7,0,0,0,7,0,0,0,55,88,0,0,5,9,0
0,0,0,0,0,0,0,0,0,0,0,0,0,0,0,0,0,0,0,0,0,0,0,0,0,0,0,0
0,0,0,0,0,0,0,0,0,0,0,0,0,0,0,0,0,0,0,0,0,0,0,0,0,0,0,0
0,6,16,0,0,1,0,0,0,0,1,0,0,1,7,0,0,0,8,0,0,0,143,0,0,1,13,0
0,10,17,0,0,1,0,0,0,0,1,0,0,5,3,0,0,4,4,0,0,55,88,0,0,10,3,0
0,4,18,0,0,1,0,0,0,0,0,0,0,2,4,0,0,2,4,0,0,61,82,0,0,4,10,0
0,15,12,0,0,1,0,0,0,0,1,0,0,3,5,0,0,3,5,0,0,59,84,0,0,0,8,0
0,16,11,0,0,1,0,0,0,0,0,1,0,4,2,0,0,3,3,0,0,58,80,5,0,9,5,0
0,0,0,0,0,0,0,0,0,0,0,0,0,0,0,0,0,0,0,0,0,0,0,0,0,0,0,0
0,0,0,0,0,0,0,0,0,0,0,0,0,0,0,0,0,0,0,0,0,0,0,0,0,0,0,0
0,0,0,0,0,0,0,0,0,0,0,0,0,0,0,0,0,0,0,0,0,0,0,0,0,0,0,0
0,13,11,0,0,1,0,0,0,0,0,1,0,3,4,0,0,2,5,0,0,55,87,1,0,6,7,0
0,5,15,0,0,1,0,0,0,0,1,0,0,2,7,0,0,2,7,0,0,73,70,0,0,0,14,0
0,5,16,0,0,1,0,0,0,0,0,1,0,2,7,0,0,1,8,0,0,53,86,4,0,1,13,0
0,15,10,0,0,1,0,0,0,0,1,0,0,4,4,0,0,4,4,0,0,54,89,0,0,0,14,0
0,0,0,0,0,0,0,0,0,0,0,0,0,0,0,0,0,0,0,0,0,0,0,0,0,0,0,0
0,0,0,0,0,0,0,0,0,0,0,0,0,0,0,0,0,0,0,0,0,0,0,0,0,0,0,0
0,4,17,0,0,1,0,0,0,0,0,1,0,2,6,0,0,2,6,0,0,56,84,3,0,0,14,0
0,11,14,1,0,1,0,0,0,0,0,1,0,4,3,0,0,4,2,1,0,45,95,3,0,10,4,0
0,5,22,0,0,1,0,0,0,0,0,0,0,2,4,0,0,1,4,0,0,63,80,0,0,0,14,0
0,10,16,0,0,1,0,0,0,0,1,0,0,4,4,0,0,4,4,0,0,57,86,0,0,2,12,0
0,18,7,0,0,1,0,0,0,0,1,0,0,4,4,0,0,4,4,0,0,50,93,0,0,5,9,0
0,0,0,0,0,0,0,0,0,0,0,0,0,0,0,0,0,0,0,0,0,0,0,0,0,0,0,0
0,0,0,0,0,0,0,0,0,0,0,0,0,0,0,0,0,0,0,0,0,0,0,0,0,0,0,0
0,4,11,0,0,1,0,0,0,0,0,1,0,2,7,0,0,2,7,0,0,65,78,0,0,4,10,0
0,9,11,0,0,1,0,0,0,0,0,1,0,3,3,0,0,3,3,0,0,65,76,2,0,5,9,0
0,12,8,0,0,1,0,0,0,0,1,0,0,5,4,0,0,5,4,0,0,48,95,0,0,3,11,0
0,15,7,0,0,1,0,0,0,0,0,0,0,4,4,0,0,4,4,0,0,47,96,0,0,5,9,0
0,5,22,0,0,1,0,0,0,0,1,0,0,2,6,0,0,2,6,0,0,55,88,0,0,14,0,0
0,0,0,0,0,0,0,0,0,0,0,0,0,0,0,0,0,0,0,0,0,0,0,0,0,0,0,0
0,0,0,0,0,0,0,0,0,0,0,0,0,0,0,0,0,0,0,0,0,0,0,0,0,0,0,0
0,8,19,0,0,1,0,0,0,0,0,0,0,3,4,0,0,3,4,0,0,55,88,0,0,7,7,0
0,6,15,0,0,1,0,0,0,0,0,1,0,3,4,0,0,3,4,0,0,33,68,42,0,0,13,1
0,5,20,0,0,1,0,0,0,0,0,1,0,2,6,0,0,2,6,0,0,48,91,4,0,0,14,0
0,14,12,0,0,1,0,0,0,0,0,1,0,3,5,0,0,3,5,0,0,76,67,0,0,0,14,0
0,5,17,0,0,1,0,0,0,0,0,1,0,4,4,0,0,3,5,0,0,54,85,4,0,5,8,1
0,0,0,0,0,0,0,0,0,0,0,0,0,0,0,0,0,0,0,0,0,0,0,0,0,0,0,0
0,0,0,0,0,0,0,0,0,0,0,0,0,0,0,0,0,0,0,0,0,0,0,0,0,0,0,0
0,5,22,0,0,1,0,0,0,0,0,0,0,3,5,0,0,3,5,0,0,54,89,0,0,14,0,0
0,11,16,0,0,1,0,0,0,0,0,1,0,5,4,0,0,5,4,0,0,53,88,2,0,0,14,0
0,15,10,0,0,1,0,0,0,0,1,0,0,3,5,0,0,3,5,0,0,57,86,0,0,2,12,0
0,5,21,0,0,1,0,0,0,0,0,1,0,2,6,0,0,2,6,0,0,63,80,0,0,0,14,0
0,7,14,0,0,1,0,0,0,0,1,0,0,3,6,0,0,3,6,0,0,54,89,0,0,13,1,0
0,0,0,0,0,0,0,0,0,0,0,0,0,0,0,0,0,0,0,0,0,0,0,0,0,0,0,0
0,0,0,0,0,0,0,0,0,0,0,0,0,0,0,0,0,0,0,0,0,0,0,0,0,0,0,0
0,7,20,0,0,1,0,0,0,0,1,0,0,3,5,0,0,3,5,0,0,58,85,0,0,9,5,0
0,11,16,0,0,1,0,0,0,0,1,0,0,2,5,0,0,1,6,0,0,46,97,0,0,12,2,0
0,14,11,0,0,1,0,0,0,0,0,1,0,2,5,0,0,2,5,0,0,50,90,3,0,0,14,0
0,8,19,0,0,1,0,0,0,0,0,1,0,3,6,0,0,3,5,1,0,61,77,5,0,13,1,0
0,8,19,0,0,1,0,0,0,0,0,1,0,3,4,0,0,2,5,0,0,65,78,0,0,12,2,0
0,0,0,0,0,0,0,0,0,0,0,0,0,0,0,0,0,0,0,0,0,0,0,0,0,0,0,0
0,0,0,0,0,0,0,0,0,0,0,0,0,0,0,0,0,0,0,0,0,0,0,0,0,0,0,0
0,7,20,0,0,1,0,0,0,0,0,1,0,3,6,0,0,3,6,0,0,63,80,0,0,0,14,0
0,10,17,0,0,1,0,0,0,0,0,1,0,4,5,0,0,4,5,0,0,55,86,2,0,5,9,0
0,9,10,0,0,1,0,0,0,0,0,1,0,3,5,0,0,3,4,0,0,64,78,1,0,3,11,0
0,9,12,0,0,1,0,0,0,0,1,0,0,4,5,0,0,3,5,0,0,123,20,0,0,4,0,0
0,7,20,0,0,1,0,0,0,0,1,0,0,3,4,0,0,3,4,0,0,62,81,0,0,3,11,0
0,0,0,0,0,0,0,0,0,0,0,0,0,0,0,0,0,0,0,0,0,0,0,0,0,0,0,0
0,0,0,0,0,0,0,0,0,0,0,0,0,0,0,0,0,0,0,0,0,0,0,0,0,0,0,0
0,6,21,0,0,1,0,0,0,0,1,0,0,3,5,0,0,3,5,0,0,60,83,0,0,4,10,0
0,6,18,0,0,1,0,0,0,0,0,1,0,4,5,0,0,4,5,0,0,57,84,2,0,12,2,0
0,9,16,0,0,1,0,0,0,0,1,0,0,3,4,0,0,3,4,0,0,36,107,0,0,0,14,0
0,14,9,0,0,1,0,0,0,0,0,1,0,4,4,0,0,4,4,0,0,57,80,6,0,8,6,0
0,0,25,0,0,1,0,0,0,0,1,0,0,0,9,0,0,0,9,0,0,63,80,0,0,1,12,0
0,0,0,0,0,0,0,0,0,0,0,0,0,0,0,0,0,0,0,0,0,0,0,0,0,0,0,0
0,0,0,0,0,0,0,0,0,0,0,0,0,0,0,0,0,0,0,0,0,0,0,0,0,0,0,0
0,8,19,0,0,1,0,0,0,0,1,0,0,4,5,0,0,4,5,0,0,44,99,0,0,3,11,0
0,0,25,0,0,1,0,0,0,0,0,0,0,0,5,0,0,0,5,0,0,71,72,0,0,0,14,0
0,8,19,0,0,1,0,0,0,0,0,1,0,7,2,0,0,6,3,0,0,72,71,0,0,0,10,0
0,3,23,0,0,1,0,0,0,0,0,0,0,2,6,0,0,1,7,0,0,68,75,0,0,3,11,0
0,15,11,0,0,1,0,0,0,0,1,0,0,4,4,0,0,4,4,0,0,64,79,0,0,11,2,0
0,0,0,0,0,0,0,0,0,0,0,0,0,0,0,0,0,0,0,0,0,0,0,0,0,0,0,0
0,0,0,0,0,0,0,0,0,0,0,0,0,0,0,0,0,0,0,0,0,0,0,0,0,0,0,0
0,13,14,0,0,1,0,0,0,0,0,1,0,4,2,0,0,4,2,0,0,70,72,1,0,0,12,2
0,9,14,0,0,1,0,0,0,0,1,0,0,4,4,0,0,3,5,0,0,45,98,0,0,10,4,0
0,8,17,0,0,1,0,0,0,0,0,1,0,3,5,0,0,3,5,0,0,60,76,7,0,12,2,0
0,4,20,0,0,1,0,0,0,0,0,1,0,2,5,0,0,2,4,1,0,54,89,0,0,13,0,0
0,8,15,0,0,1,0,0,0,0,0,1,0,5,3,0,0,5,3,0,0,56,83,4,0,4,9,0
0,0,0,0,0,0,0,0,0,0,0,0,0,0,0,0,0,0,0,0,0,0,0,0,0,0,0,0
0,0,0,0,0,0,0,0,0,0,0,0,0,0,0,0,0,0,0,0,0,0,0,0,0,0,0,0
0,8,19,0,0,1,0,0,0,0,1,0,0,3,5,0,0,2,5,0,0,57,86,0,0,11,3,0
0,5,21,0,0,1,0,0,0,0,0,1,0,2,5,0,0,2,5,0,0,68,73,2,0,1,13,0
0,8,17,0,0,1,0,0,0,0,0,1,0,4,4,0,0,3,5,0,0,53,89,1,0,0,12,0
0,13,10,1,0,1,0,0,0,0,0,1,0,3,5,1,0,3,5,1,0,55,81,7,0,11,3,0
0,16,11,0,0,1,0,0,0,0,0,1,0,2,4,0,0,2,4,0,0,53,84,6,0,0,8,0
0,0,0,0,0,0,0,0,0,0,0,0,0,0,0,0,0,0,0,0,0,0,0,0,0,0,0,0
0,0,0,0,0,0,0,0,0,0,0,0,0,0,0,0,0,0,0,0,0,0,0,0,0,0,0,0
0,8,17,0,0,1,0,0,0,0,0,1,0,3,4,0,0,3,4,0,0,57,85,1,0,3,11,0
0,4,18,0,0,1,0,0,0,0,0,1,0,2,4,0,0,2,3,0,0,49,85,9,0,2,11,0
0,4,18,0,0,1,0,0,0,0,0,1,0,2,5,0,0,1,6,0,0,59,81,3,0,12,2,0
0,0,0,0,0,0,0,0,0,0,0,0,0,0,0,0,0,0,0,0,0,0,0,0,0,0,0,0
0,0,0,0,0,0,0,0,0,0,0,0,0,0,0,0,0,0,0,0,0,0,0,0,0,0,0,0
0,0,0,0,0,0,0,0,0,0,0,0,0,0,0,0,0,0,0,0,0,0,0,0,0,0,0,0
0,0,0,0,0,0,0,0,0,0,0,0,0,0,0,0,0,0,0,0,0,0,0,0,0,0,0,0
0,4,18,0,0,1,0,0,0,0,1,0,0,2,6,0,0,2,6,0,0,47,96,0,0,6,8,0
0,12,15,0,0,1,0,0,0,0,1,0,0,5,4,0,0,4,5,0,0,59,84,0,0,0,14,0
0,4,23,0,0,1,0,0,0,0,0,0,0,2,6,0,0,2,6,0,0,58,85,0,0,1,13,0
0,5,22,0,0,1,0,0,0,0,0,0,0,3,5,0,0,2,6,0,0,52,91,0,0,0,14,0
0,12,13,2,0,1,0,0,0,0,0,1,0,3,6,0,0,2,6,1,0,58,85,0,0,5,9,0
0,0,0,0,0,0,0,0,0,0,0,0,0,0,0,0,0,0,0,0,0,0,0,0,0,0,0,0
0,0,0,0,0,0,0,0,0,0,0,0,0,0,0,0,0,0,0,0,0,0,0,0,0,0,0,0
0,8,19,0,0,1,0,0,0,0,0,1,0,2,3,0,0,2,3,0,0,54,89,0,0,0,12,2
0,7,20,0,0,1,0,0,0,0,0,0,0,5,3,0,0,4,4,0,0,63,80,0,0,7,7,0
0,4,11,2,0,1,0,0,0,0,0,1,0,2,4,2,0,2,4,2,0,72,71,0,0,6,5,0
0,9,18,0,0,1,0,0,0,0,0,1,0,3,5,0,0,3,5,0,0,49,92,2,0,0,14,0
0,0,21,0,0,1,0,0,0,0,1,0,0,0,7,0,0,0,7,0,0,114,29,0,0,0,12,0
0,0,0,0,0,0,0,0,0,0,0,0,0,0,0,0,0,0,0,0,0,0,0,0,0,0,0,0
0,0,0,0,0,0,0,0,0,0,0,0,0,0,0,0,0,0,0,0,0,0,0,0,0,0,0,0
0,22,0,0,0,1,0,0,0,0,0,1,0,8,0,0,0,8,0,0,0,71,72,0,0,6,0,0
0,15,12,0,0,1,0,0,0,0,0,1,0,2,6,0,0,2,6,0,0,56,87,0,0,0,14,0
0,0,20,0,0,1,0,0,0,0,1,0,0,0,9,0,0,0,9,0,0,65,78,0,0,3,11,0
0,9,17,0,0,1,0,0,0,0,1,0,0,3,5,0,0,3,5,0,0,69,74,0,0,1,13,0
0,9,18,0,0,1,0,0,0,0,1,0,0,4,3,0,0,4,3,0,0,59,84,0,0,10,4,0
0,0,0,0,0,0,0,0,0,0,0,0,0,0,0,0,0,0,0,0,0,0,0,0,0,0,0,0
0,0,0,0,0,0,0,0,0,0,0,0,0,0,0,0,0,0,0,0,0,0,0,0,0,0,0,0
0,7,17,0,0,1,0,0,0,0,0,0,0,3,4,0,0,3,4,0,0,65,78,0,0,9,5,0
0,3,18,0,0,1,0,0,0,0,1,0,0,1,7,0,0,1,6,0,0,69,74,0,0,0,14,0
0,0,27,0,0,1,0,0,0,0,0,1,0,0,7,0,0,0,7,0,0,69,74,0,0,6,7,0
0,0,0,0,0,0,0,0,0,0,0,0,0,0,0,0,0,0,0,0,0,0,0,0,0,0,0,0
0,0,0,0,0,0,0,0,0,0,0,0,0,0,0,0,0,0,0,0,0,0,0,0,0,0,0,0
0,0,0,0,0,0,0,0,0,0,0,0,0,0,0,0,0,0,0,0,0,0,0,0,0,0,0,0
0,0,0,0,0,0,0,0,0,0,0,0,0,0,0,0,0,0,0,0,0,0,0,0,0,0,0,0
0,8,19,0,0,1,0,0,0,0,0,0,0,3,6,0,0,3,6,0,0,58,85,0,0,8,6,0
0,8,15,0,0,1,0,0,0,0,0,1,0,3,6,0,0,3,6,0,0,49,94,0,0,0,13,0
0,26,0,0,0,1,0,0,0,0,0,0,0,8,0,0,0,8,0,0,0,62,81,0,0,0,14,0
0,7,16,0,0,1,0,0,0,0,1,0,0,4,4,0,0,4,4,0,0,58,85,0,0,2,12,0
0,0,0,0,0,0,0,0,0,0,0,0,0,0,0,0,0,0,0,0,0,0,0,0,0,0,0,0
0,0,0,0,0,0,0,0,0,0,0,0,0,0,0,0,0,0,0,0,0,0,0,0,0,0,0,0
0,0,0,0,0,0,0,0,0,0,0,0,0,0,0,0,0,0,0,0,0,0,0,0,0,0,0,0
0,10,17,0,0,1,0,0,0,0,0,1,0,4,4,0,0,3,5,0,0,54,81,8,0,0,14,0
0,13,10,0,0,1,0,0,0,0,1,0,0,5,4,0,0,5,4,0,0,67,76,0,0,10,4,0
0,13,12,0,0,1,0,0,0,0,0,0,0,4,3,0,0,4,3,0,0,38,105,0,0,0,14,0
0,10,16,0,0,1,0,0,0,0,1,0,0,1,6,0,0,1,6,0,0,31,112,0,0,1,13,0
0,8,19,0,0,1,0,0,0,0,0,1,0,3,5,0,0,3,4,1,0,50,89,4,0,9,5,0
0,0,0,0,0,0,0,0,0,0,0,0,0,0,0,0,0,0,0,0,0,0,0,0,0,0,0,0
0,0,0,0,0,0,0,0,0,0,0,0,0,0,0,0,0,0,0,0,0,0,0,0,0,0,0,0
0,0,27,0,0,1,0,0,0,0,1,0,0,1,7,0,0,0,8,0,0,54,89,0,0,5,9,0
0,13,12,0,0,1,0,0,0,0,1,0,0,3,5,0,0,3,5,0,0,62,81,0,0,9,4,0
0,12,15,0,0,1,0,0,0,0,1,0,0,2,6,0,0,2,6,0,0,55,88,0,0,7,7,0
0,16,8,0,0,1,0,0,0,0,0,0,0,5,4,0,0,5,4,0,0,53,90,0,0,11,2,0
0,13,10,0,0,1,0,0,0,0,0,0,0,4,4,0,0,4,4,0,0,62,81,0,0,3,11,0
0,0,0,0,0,0,0,0,0,0,0,0,0,0,0,0,0,0,0,0,0,0,0,0,0,0,0,0
0,0,0,0,0,0,0,0,0,0,0,0,0,0,0,0,0,0,0,0,0,0,0,0,0,0,0,0
0,5,22,0,0,1,0,0,0,0,0,1,0,2,4,0,0,2,4,0,0,40,103,0,0,0,14,0
0,13,11,0,0,1,0,0,0,0,0,1,0,3,4,0,0,2,5,0,0,67,76,0,0,10,4,0
0,8,14,0,0,1,0,0,0,0,1,0,0,5,4,0,0,4,5,0,0,57,86,0,0,11,2,0
0,3,16,0,0,1,0,0,0,0,1,0,0,3,6,0,0,2,7,0,0,62,81,0,0,5,9,0
0,8,19,0,0,1,0,0,0,0,1,0,0,3,5,0,0,3,5,0,0,53,90,0,0,4,10,0
0,0,0,0,0,0,0,0,0,0,0,0,0,0,0,0,0,0,0,0,0,0,0,0,0,0,0,0
0,0,0,0,0,0,0,0,0,0,0,0,0,0,0,0,0,0,0,0,0,0,0,0,0,0,0,0
0,10,17,0,0,1,0,0,0,0,1,0,0,4,4,0,0,4,4,0,0,47,96,0,0,1,13,0
0,25,0,0,0,1,0,0,0,0,1,0,0,8,0,0,0,8,0,0,0,33,110,0,0,13,1,0
0,7,13,1,0,1,0,0,0,0,0,1,0,4,4,0,0,4,3,1,0,56,82,5,0,12,1,0
0,7,18,0,0,1,0,0,0,0,1,0,0,5,3,0,0,4,4,0,0,52,91,0,0,9,5,0
0,19,7,0,0,1,0,0,0,0,1,0,0,7,2,0,0,7,2,0,0,82,61,0,0,3,11,0
0,0,0,0,0,0,0,0,0,0,0,0,0,0,0,0,0,0,0,0,0,0,0,0,0,0,0,0
0,0,0,0,0,0,0,0,0,0,0,0,0,0,0,0,0,0,0,0,0,0,0,0,0,0,0,0
0,16,11,0,0,1,0,0,0,0,0,1,0,4,5,0,0,4,5,0,0,47,96,0,0,13,1,0
0,9,14,0,0,1,0,0,0,0,0,1,0,4,4,0,0,4,4,0,0,58,81,4,0,3,11,0
0,9,17,0,0,1,0,0,0,0,0,1,0,5,3,0,0,4,4,0,0,59,78,6,0,13,0,0
0,12,10,0,0,1,0,0,0,0,0,0,0,3,5,0,0,3,5,0,0,82,61,0,0,6,8,0
0,20,7,0,0,1,0,0,0,0,0,1,0,5,3,0,0,5,3,0,0,56,85,2,0,9,5,0
0,0,0,0,0,0,0,0,0,0,0,0,0,0,0,0,0,0,0,0,0,0,0,0,0,0,0,0
0,0,0,0,0,0,0,0,0,0,0,0,0,0,0,0,0,0,0,0,0,0,0,0,0,0,0,0
0,10,13,0,0,1,0,0,0,0,0,1,0,5,4,0,0,5,4,0,0,55,88,0,0,4,10,0
0,12,15,0,0,1,0,0,0,0,0,1,0,3,6,0,0,3,5,1,0,38,105,0,0,2,12,0
0,10,17,0,0,1,0,0,0,0,0,0,0,3,6,0,0,2,7,0,0,66,77,0,0,4,10,0
0,7,18,0,0,1,0,0,0,0,0,1,0,1,8,0,0,1,8,0,0,83,53,7,0,0,13,0
0,7,18,0,0,1,0,0,0,0,0,0,0,3,6,0,0,3,6,0,0,67,76,0,0,0,14,0
0,0,0,0,0,0,0,0,0,0,0,0,0,0,0,0,0,0,0,0,0,0,0,0,0,0,0,0
0,0,0,0,0,0,0,0,0,0,0,0,0,0,0,0,0,0,0,0,0,0,0,0,0,0,0,0
0,10,17,0,0,1,0,0,0,0,1,0,0,5,4,0,0,4,5,0,0,58,85,0,0,2,11,0
0,25,0,0,0,1,0,0,0,0,0,1,0,8,0,0,0,8,0,0,0,58,85,0,0,3,11,0
0,5,20,0,0,1,0,0,0,0,1,0,0,2,4,0,0,2,4,0,0,57,86,0,0,5,9,0
0,11,16,0,0,1,0,0,0,0,1,0,0,2,5,0,0,2,5,0,0,56,87,0,0,14,0,0
0,12,13,0,0,1,0,0,0,0,1,0,0,3,5,0,0,3,5,0,0,57,86,0,0,12,2,0
0,0,0,0,0,0,0,0,0,0,0,0,0,0,0,0,0,0,0,0,0,0,0,0,0,0,0,0
0,0,0,0,0,0,0,0,0,0,0,0,0,0,0,0,0,0,0,0,0,0,0,0,0,0,0,0
0,9,18,0,0,1,0,0,0,0,1,0,0,3,6,0,0,3,6,0,0,72,71,0,0,14,0,0
0,16,11,0,0,1,0,0,0,0,0,0,0,5,4,0,0,5,4,0,0,60,83,0,0,0,14,0
0,4,9,0,0,1,0,0,0,0,1,0,0,2,6,0,0,1,6,0,0,64,79,0,0,12,2,0
0,14,6,0,0,1,0,0,0,0,1,0,0,6,3,0,0,6,3,0,0,69,74,0,0,0,13,0
0,12,9,0,0,1,0,0,0,0,1,0,0,4,5,0,0,4,5,0,0,29,114,0,0,2,12,0
0,0,0,0,0,0,0,0,0,0,0,0,0,0,0,0,0,0,0,0,0,0,0,0,0,0,0,0
0,0,0,0,0,0,0,0,0,0,0,0,0,0,0,0,0,0,0,0,0,0,0,0,0,0,0,0
0,9,18,0,0,1,0,0,0,0,1,0,0,3,5,0,0,3,5,0,0,15,128,0,0,0,14,0
0,7,15,0,0,1,0,0,0,0,0,1,0,3,4,0,0,3,4,0,0,63,79,1,0,3,11,0
0,7,12,0,0,1,0,0,0,0,1,0,0,3,5,0,0,3,5,0,0,47,96,0,0,9,5,0
0,14,10,0,0,1,0,0,0,0,1,0,0,2,5,0,0,2,5,0,0,53,90,0,0,0,14,0
0,7,18,0,0,1,0,0,0,0,0,1,0,3,6,0,0,3,6,0,0,50,89,4,0,6,5,3
0,0,0,0,0,0,0,0,0,0,0,0,0,0,0,0,0,0,0,0,0,0,0,0,0,0,0,0
0,0,0,0,0,0,0,0,0,0,0,0,0,0,0,0,0,0,0,0,0,0,0,0,0,0,0,0
0,8,19,0,0,1,0,0,0,0,0,1,0,3,5,0,0,2,6,0,0,69,74,0,0,12,2,0
0,5,22,0,0,1,0,0,0,0,1,0,0,1,8,0,0,1,8,0,0,86,57,0,0,10,4,0
0,7,20,0,0,1,0,0,0,0,1,0,0,3,4,0,0,2,4,0,0,65,78,0,0,2,12,0
0,0,21,0,0,1,0,0,0,0,1,0,0,0,8,0,0,0,8,0,0,46,97,0,0,0,14,0
0,6,18,0,0,1,0,0,0,0,1,0,0,3,5,0,0,3,5,0,0,59,84,0,0,0,13,0
0,0,0,0,0,0,0,0,0,0,0,0,0,0,0,0,0,0,0,0,0,0,0,0,0,0,0,0
0,0,0,0,0,0,0,0,0,0,0,0,0,0,0,0,0,0,0,0,0,0,0,0,0,0,0,0
0,7,13,0,0,1,0,0,0,0,1,0,0,6,3,0,0,5,4,0,0,68,75,0,0,11,2,0
0,9,12,0,0,1,0,0,0,0,0,1,0,6,2,0,0,6,2,0,0,56,73,14,0,4,3,0
0,6,14,0,0,1,0,0,0,0,1,0,0,3,5,0,0,3,5,0,0,59,84,0,0,6,8,0
0,15,10,0,0,1,0,0,0,0,0,1,0,3,4,0,0,2,5,0,0,63,77,3,0,4,10,0
0,0,22,0,0,1,0,0,0,0,1,0,0,0,8,0,0,0,8,0,0,55,88,0,0,4,7,0
0,0,0,0,0,0,0,0,0,0,0,0,0,0,0,0,0,0,0,0,0,0,0,0,0,0,0,0
0,0,0,0,0,0,0,0,0,0,0,0,0,0,0,0,0,0,0,0,0,0,0,0,0,0,0,0
0,4,17,0,0,1,0,0,0,0,1,0,0,3,6,0,0,2,7,0,0,56,87,0,0,4,10,0
0,10,11,0,0,1,0,0,0,0,0,1,0,6,3,0,0,6,3,0,0,40,103,0,0,0,4,0
0,5,22,0,0,1,0,0,0,0,0,0,0,2,5,0,0,2,5,0,0,52,91,0,0,3,11,0
0,15,11,0,0,1,0,0,0,0,0,1,0,4,3,0,0,3,4,0,0,65,75,3,0,12,2,0
0,4,23,0,0,1,0,0,0,0,0,1,0,3,4,0,0,2,5,0,0,60,77,6,0,3,11,0
0,0,0,0,0,0,0,0,0,0,0,0,0,0,0,0,0,0,0,0,0,0,0,0,0,0,0,0
0,0,0,0,0,0,0,0,0,0,0,0,0,0,0,0,0,0,0,0,0,0,0,0,0,0,0,0
0,13,14,0,0,1,0,0,0,0,0,1,0,3,5,0,0,3,5,0,0,62,81,0,0,0,14,0
0,14,11,0,0,1,0,0,0,0,1,0,0,4,4,0,0,4,4,0,0,58,85,0,0,0,14,0
0,17,10,0,0,1,0,0,0,0,1,0,0,2,4,0,0,2,4,0,0,52,91,0,0,0,14,0
0,8,18,0,0,1,0,0,0,0,0,0,0,3,4,0,0,3,4,0,0,48,95,0,0,7,7,0
0,7,20,0,0,1,0,0,0,0,1,0,0,1,7,0,0,1,7,0,0,90,53,0,0,13,1,0
0,0,0,0,0,0,0,0,0,0,0,0,0,0,0,0,0,0,0,0,0,0,0,0,0,0,0,0
0,0,0,0,0,0,0,0,0,0,0,0,0,0,0,0,0,0,0,0,0,0,0,0,0,0,0,0
0,3,14,0,0,1,0,0,0,0,0,1,0,1,8,0,0,1,8,0,0,49,90,4,0,1,13,0
0,18,6,0,0,1,0,0,0,0,0,1,0,4,2,0,0,3,3,0,0,58,84,1,0,13,0,0
0,16,10,0,0,1,0,0,0,0,0,1,0,4,5,0,0,4,5,0,0,65,78,0,0,14,0,0
0,8,19,0,0,1,0,0,0,0,0,1,0,3,5,0,0,3,5,0,0,48,90,5,0,7,7,0
0,7,20,0,0,1,0,0,0,0,1,0,0,3,6,0,0,3,6,0,0,73,70,0,0,3,11,0
0,0,0,0,0,0,0,0,0,0,0,0,0,0,0,0,0,0,0,0,0,0,0,0,0,0,0,0
0,0,0,0,0,0,0,0,0,0,0,0,0,0,0,0,0,0,0,0,0,0,0,0,0,0,0,0
0,15,12,0,0,1,0,0,0,0,0,0,0,4,5,0,0,3,6,0,0,58,85,0,0,1,13,0
0,14,13,0,0,1,0,0,0,0,1,0,0,4,4,0,0,4,4,0,0,55,88,0,0,13,1,0
0,26,0,0,0,1,0,0,0,0,0,0,0,9,0,0,0,9,0,0,0,72,71,0,0,3,11,0
0,5,22,0,0,1,0,0,0,0,0,1,0,2,7,0,0,2,7,0,0,58,85,0,0,1,13,0
0,16,11,0,0,1,0,0,0,0,1,0,0,3,5,0,0,3,5,0,0,72,71,0,0,1,13,0
0,0,0,0,0,0,0,0,0,0,0,0,0,0,0,0,0,0,0,0,0,0,0,0,0,0,0,0
0,0,0,0,0,0,0,0,0,0,0,0,0,0,0,0,0,0,0,0,0,0,0,0,0,0,0,0
0,9,18,0,0,1,0,0,0,0,0,1,0,4,4,0,0,4,4,0,0,64,78,1,0,0,12,2
0,13,14,0,0,1,0,0,0,0,1,0,0,2,5,0,0,2,5,0,0,62,81,0,0,3,10,0
0,20,0,7,0,1,0,0,0,0,0,1,0,6,0,2,0,6,0,2,0,89,50,4,0,9,2,0
0,10,17,0,0,1,0,0,0,0,1,0,0,3,4,0,0,2,5,0,0,56,87,0,0,14,0,0
0,0,0,0,0,0,0,0,0,0,0,0,0,0,0,0,0,0,0,0,0,0,0,0,0,0,0,0
0,0,0,0,0,0,0,0,0,0,0,0,0,0,0,0,0,0,0,0,0,0,0,0,0,0,0,0
0,0,0,0,0,0,0,0,0,0,0,0,0,0,0,0,0,0,0,0,0,0,0,0,0,0,0,0
0,7,16,0,0,1,0,0,0,0,1,0,0,3,4,0,0,3,4,0,0,59,84,0,0,12,2,0
0,6,19,0,0,1,0,0,0,0,0,1,0,3,5,0,0,3,5,0,0,62,81,0,0,11,3,0
0,7,16,0,0,1,0,0,0,0,0,1,0,3,4,0,0,3,4,0,0,53,89,1,0,12,2,0
0,18,8,0,0,1,0,0,0,0,1,0,0,3,4,0,0,3,4,0,0,67,76,0,0,2,12,0
0,7,15,0,0,1,0,0,0,0,0,1,0,2,4,0,0,2,4,0,0,53,87,3,0,6,7,1
0,0,0,0,0,0,0,0,0,0,0,0,0,0,0,0,0,0,0,0,0,0,0,0,0,0,0,0
0,0,0,0,0,0,0,0,0,0,0,0,0,0,0,0,0,0,0,0,0,0,0,0,0,0,0,0
0,12,10,0,0,1,0,0,0,0,0,0,0,3,5,0,0,3,5,0,0,74,69,0,0,3,11,0
0,9,18,0,0,1,0,0,0,0,0,1,0,3,5,0,0,3,5,0,0,59,82,2,0,2,12,0
0,7,20,0,0,1,0,0,0,0,0,1,0,4,4,0,0,3,5,0,0,57,85,1,0,2,12,0
0,7,16,0,0,1,0,0,0,0,0,1,0,3,6,0,0,3,6,0,0,42,101,0,0,4,10,0
0,11,16,0,0,1,0,0,0,0,1,0,0,4,5,0,0,4,5,0,0,48,95,0,0,13,1,0
0,0,0,0,0,0,0,0,0,0,0,0,0,0,0,0,0,0,0,0,0,0,0,0,0,0,0,0
0,0,0,0,0,0,0,0,0,0,0,0,0,0,0,0,0,0,0,0,0,0,0,0,0,0,0,0
0,15,7,0,0,1,0,0,0,0,1,0,0,3,4,0,0,3,4,0,0,46,97,0,0,9,5,0
0,16,11,0,0,1,0,0,0,0,0,1,0,4,4,0,0,3,5,0,0,62,75,6,0,8,2,4
0,14,13,0,0,1,0,0,0,0,1,0,0,3,5,0,0,3,5,0,0,69,74,0,0,1,13,0
0,0,26,0,0,1,0,0,0,0,0,1,0,0,9,0,0,0,8,1,0,130,13,0,0,9,5,0
0,5,20,0,0,1,0,0,0,0,1,0,0,3,6,0,0,3,6,0,0,65,78,0,0,11,2,0
0,0,0,0,0,0,0,0,0,0,0,0,0,0,0,0,0,0,0,0,0,0,0,0,0,0,0,0
0,0,0,0,0,0,0,0,0,0,0,0,0,0,0,0,0,0,0,0,0,0,0,0,0,0,0,0
