id,1,2,3,4,5,6,7,8,9,10,11,12,13,14,15,16,17,18,19,20,21,22,23,24,25,26,27,28,29,30,31,32,33,34,35,36,37,38,39,40,41,42,43,44,45,46,47,48,49,50,51,52,53,54,55,56,57,58,59,60,61,62,63,64,65,66,67,68,69,70,71,72,73,74,75,76,77,78,79,80,81,82,83,84,85,86,87,88,89,90,91,92,93,94,95,96,97,98,99,100,101,102,103,104,105,106,107,108,109,110,111,112,113,114,115,116,117,118,119,120,state
JFC0557,0,0,0,0,0,0,5,5,5,1,1,1,7,7,7,3,3,3,1,1,1,1,1,1,0,0,0,0,0,0,5,5,5,1,1,1,7,7,7,3,3,3,2,2,2,1,1,1,0,0,0,0,0,0,16,16,16,1,1,1,13,13,13,4,4,4,5,5,5,1,1,1,0,0,0,0,0,0,2,1,0,1,0,0,1,1,0,1,1,0,0,0,0,0,0,0,0,0,0,0,0,0,0,0,0,0,0,0,1,0,0,1,0,0,1,0,0,1,0,0,0
MAR0955,5,5,5,1,1,1,1,1,1,1,1,1,0,0,0,0,0,0,8,8,8,8,8,8,5,5,5,1,1,1,1,1,1,1,1,1,0,0,0,0,0,0,8,8,8,8,8,8,24,24,24,24,24,24,0,0,0,0,0,0,0,0,0,0,0,0,24,24,24,24,24,24,1,1,1,1,1,1,2,1,0,1,0,0,0,0,1,0,0,1,1,1,1,1,1,1,1,1,1,1,1,1,1,1,0,1,1,0,1,0,0,1,0,0,1,0,0,1,0,0,1
FOB0756,0,0,0,0,0,0,2,2,2,1,1,1,2,2,2,1,1,1,0,0,0,0,0,0,0,0,0,0,0,0,2,2,2,1,1,1,2,2,2,1,1,1,0,0,0,0,0,0,0,0,0,0,0,0,8,8,8,1,1,1,7,7,7,1,1,1,0,0,0,0,0,0,0,0,0,0,0,0,3,2,1,1,0,0,2,2,1,1,1,0,0,0,0,0,0,0,0,0,0,0,0,0,1,1,0,1,1,0,2,1,1,1,0,0,0,1,1,0,1,1,0
QOS0878,0,0,0,0,0,0,3,3,1,1,1,0,4,4,4,1,1,1,0,0,0,0,0,0,0,0,0,0,0,0,3,3,1,1,1,0,4,4,4,1,1,1,0,0,0,0,0,0,0,0,0,0,0,0,4,4,0,1,1,0,6,6,6,1,1,1,0,0,0,0,0,0,0,0,0,0,0,0,3,2,1,1,0,0,2,2,1,1,1,0,0,0,0,0,0,0,0,0,0,0,0,0,1,1,0,1,1,0,2,1,0,1,0,0,0,0,0,0,0,0,0
MDM0625,0,0,0,0,0,0,9,9,7,3,3,2,9,9,9,4,4,4,0,0,0,0,0,0,0,0,0,0,0,0,9,9,7,3,3,2,9,9,9,4,4,4,0,0,0,0,0,0,0,0,0,0,0,0,27,27,23,8,8,7,27,27,27,11,11,11,0,0,0,0,0,0,0,0,0,0,0,0,3,2,1,1,0,0,2,2,1,1,1,0,0,0,0,0,0,0,0,0,0,0,0,0,1,1,0,1,1,0,2,1,0,1,0,0,0,0,0,0,0,0,0
MAS0025,5,2.5,1.25,1,0.5,0.25,0,0,0,0,0,0,0,0,0,0,0,0,1,0.5,0.25,1,0.5,0.25,5,2.5,1.25,1,0.5,0.25,0,0,0,0,0,0,0,0,0,0,0,0,1,0.5,0.25,1,0.5,0.25,20,10,5,16,8,4,0,0,0,0,0,0,0,0,0,0,0,0,0,0,0,0,0,0,1,0.5,0.25,1,0.5,0.25,1,0,0,1,0,0,0,0,0,0,0,0,1,0.5,0.25,1,0.5,0.25,1,0.5,0.25,1,0.5,0.25,0,0,0,0,0,0,1,0,0,1,0,0,1,0.5,0.25,1,0.5,0.25,1
GHL0460,4,4,4,4,4,4,1,1,1,1,1,1,0,0,0,0,0,0,0,0,0,0,0,0,4,4,4,4,4,4,1,1,1,1,1,1,0,0,0,0,0,0,0,0,0,0,0,0,22,22,22,22,22,22,0,0,0,0,0,0,0,0,0,0,0,0,0,0,0,0,0,0,1,1,1,1,1,1,2,1,0,1,0,0,0,0,1,0,0,1,1,1,1,1,1,1,1,1,1,1,1,1,1,1,0,1,1,0,1,0,0,1,0,0,1,0,0,1,0,0,1
FMG0527,0,0,0,0,0,0,0,0,0,0,0,0,0,0,0,0,0,0,5,5,5,5,5,5,0,0,0,0,0,0,0,0,0,0,0,0,0,0,0,0,0,0,5,5,5,5,5,5,0,0,0,0,0,0,0,0,0,0,0,0,0,0,0,0,0,0,11,11,11,11,11,11,0,0,0,0,0,0,1,0,1,1,0,0,0,0,1,0,0,1,1,1,1,1,1,1,1,1,1,1,1,1,0,0,1,0,0,1,1,0,0,1,0,0,1,0,0,1,0,0,1
HCL0651,0,0,0,0,0,0,3,3,3,1,1,1,4,4,4,1,1,1,3,3,3,1,1,1,0,0,0,0,0,0,3,3,3,1,1,1,4,4,4,1,1,1,3,3,3,1,1,1,0,0,0,0,0,0,7,7,7,1,1,1,8,8,8,1,1,1,11,11,11,1,1,1,0,0,0,0,0,0,2,1,0,1,0,0,2,2,1,1,1,0,1,1,1,1,1,1,0,0,0,0,0,0,1,1,0,1,1,0,1,0,0,1,0,0,2,1,1,1,0,0,0
SCP0130,0,0,0,0,0,0,4,4,4,1,1,1,4,4,4,1,1,1,1,1,1,1,1,1,0,0,0,0,0,0,3,3,3,1,1,1,4,4,4,1,1,1,1,1,1,1,1,1,0,0,0,0,0,0,13,13,13,1,1,1,11,11,11,1,1,1,7,7,7,7,7,7,0,0,0,0,0,0,2,1,1,1,0,0,1,1,1,1,1,1,0,0,0,0,0,0,0,0,0,0,0,0,1,1,1,1,1,1,2,1,1,1,0,0,2,1,1,1,0,0,0
RSC0089,0,0,0,0,0,0,9,9,9,4,4,4,10,10,10,4,4,4,4,4,4,1,1,1,0,0,0,0,0,0,9,9,9,4,4,4,10,10,10,4,4,4,4,4,4,1,1,1,0,0,0,0,0,0,9,9,9,1,1,1,11,11,11,1,1,1,4,4,4,1,1,1,1,1,1,1,1,1,3,2,1,1,0,0,3,3,2,1,1,0,1,1,1,1,1,1,1,1,1,1,1,1,2,2,1,1,1,0,3,2,2,1,0,0,1,1,0,1,1,0,0
CCM0136,0,0,0,0,0,0,2,2,2,1,1,1,2,2,2,1,1,1,0,0,0,0,0,0,0,0,0,0,0,0,2,2,2,1,1,1,2,2,2,1,1,1,1,1,1,1,1,1,0,0,0,0,0,0,7,7,7,1,1,1,6,6,6,1,1,1,0,0,0,0,0,0,0,0,0,0,0,0,3,2,1,1,0,0,2,2,1,1,1,0,1,1,1,1,1,1,0,0,0,0,0,0,1,1,0,1,1,0,2,1,1,1,0,0,2,1,1,1,0,0,0
VCC0396,0,0,0,0,0,0,4,4,4,1,1,1,4,4,4,1,1,1,3,3,3,1,1,1,0,0,0,0,0,0,4,4,4,1,1,1,4,4,4,1,1,1,3,3,3,1,1,1,0,0,0,0,0,0,10,10,10,1,1,1,12,12,12,1,1,1,7,7,7,1,1,1,1,1,1,1,1,1,3,2,1,1,0,0,2,2,1,1,1,0,1,1,1,1,1,1,1,1,1,1,1,1,1,1,1,1,1,1,1,0,0,1,0,0,2,1,1,1,0,0,0
WDD0366,0,0,1,0,0,0.25,0,0,1,0,0,0.25,0,0,0.75,0,0,0.25,2,2,0.5,2,2,1,0,0,1,0,0,0.25,0,0,0.75,0,0,0.25,0,0,0.75,0,0,0.25,2,2,0.5,2,2,1,0,0,4,0,0,0.25,0,0,3.5,0,0,0.25,0,0,3,0,0,0.25,2,2,4.5,2,2,0.25,4,0,1,1,0,0,5,1,0,1,0,0,3,0,0,1,0,0,5,0,0,1,0,0,4,0,1,1,0,0,4,1,0.75,1,0,0,3,0,1,1,0,0,5,0,0,1,0,0,1
VIA0063,0,0,0,0,0,0,9,9,7,3,3,2,9,9,7,5,5,4,2,2,2,1,1,1,0,0,0,0,0,0,9,9,7,3,3,2,9,9,7,5,5,4,2,2,2,1,1,1,0,0,0,0,0,0,27,27,20.25,7,7,6,27,27,20,17,17,16,7,7,7,1,1,1,0,0,0,0,0,0,1,0,1.25,1,0,0,0,0.5,1.25,0,0.5,1,0,0,0,0,0,0,0,0,0,0,0,0,0,0,1,0,0,1,1,0,0.25,1,0,0,1,1,0,1,1,0,0
BIH0745,3,3,3,2,2,2,2,2,0,2,2,1,0,0,0,0,0,0,3,3,3,3,3,3,3,3,3,2,2,2,2,2,0,2,2,1,0,0,0,0,0,0,3,3,3,3,3,3,13,13,13,13,13,13,0,0,4,0,0,1,0,0,0,0,0,0,13,13,13,13,13,13,1,1,1,1,1,1,1,0,1,1,0,0,0,0,1,0,0,1,1,1,1,1,1,1,1,1,1,1,1,1,1,1,0,1,1,0,1,0,1,1,0,0,1,1,1,1,1,1,1
LIM0674,0,0,0,0,0,0,2,2,0,1,1,0,2,2,0,1,1,0,1,1,1,1,1,1,0,0,0,0,0,0,2,2,0,1,1,0,2,2,0,1,1,0,1,1,1,1,1,1,0,0,0,0,0,0,7,7,0.75,1,1,0,8,8,0,2,2,0.25,4,4,4,3,3,3,1,1,0.25,1,1,0.25,3,1,0,1,0,0,2,1,0,1,0,0,1,1,0.25,1,1,0.25,1,1,0.25,1,1,0.25,1,1,0,1,1,0,2,1,1,1,0,0,1,0,0.75,1,0,0,0
ILH0958,0,0,0,0,0,0,3,3,3,1,1,1,2,2,2,1,1,1,0,0,0,0,0,0,0,0,0,0,0,0,3,3,3,1,1,1,2,2,2,1,1,1,0,0,0,0,0,0,0,0,0,0,0,0,27,27,27,27,27,27,27,27,27,27,27,27,0,0,0,0,0,0,0,0,0,0,0,0,4,3,2,2,1,1,2,2,1,1,1,0,0,0,0,0,0,0,0,0,0,0,0,0,2,2,1,1,1,0,3,2,2,1,0,0,0,1,1,0,1,1,0
FEB0306,0,0,0,0,0,0,2,2,2,1,1,1,3,3,3,1,1,1,1,1,1,1,1,1,0,0,0,0,0,0,2,2,2,1,1,1,3,3,3,1,1,1,1,1,1,1,1,1,0,0,0,0,0,0,10,10,10,2,2,2,12,12,12,4,4,4,11,11,11,1,1,1,0,0,0,0,0,0,3,2,1,1,0,0,2,2,1,1,1,0,1,1,1,1,1,1,0,0,0,0,0,0,1,1,0,1,1,0,2,1,1,1,0,0,2,1,1,1,0,0,0
IJM0776,0,0,0,0,0,0,6,6,6,1,1,1,4,4,4,1,1,1,0,0,0,0,0,0,0,0,0,0,0,0,5,5,5,1,1,1,4,4,4,1,1,1,0,0,0,0,0,0,0,0,0,0,0,0,5,5,5,1,1,1,7,7,7,2,2,2,0,0,0,0,0,0,0,0,0,0,0,0,1,0,1,1,0,0,0,0,1,0,0,1,0,0,0,0,0,0,0,0,0,0,0,0,0,0,1,0,0,1,1,0,0,1,0,0,0,1,1,0,1,1,1
SBH0537,0,0,0,0,0,0,2,2,0,1,1,0,2,2,0,1,1,0,0,0,0,0,0,0,0,0,0,0,0,0,2,2,0,1,1,0,2,2,0,1,1,0,0,0,0,0,0,0,0,0,0,0,0,0,12,12,5.25,2,2,1,11,11,4,3,3,2,0,0,0,0,0,0,0,0,0,0,0,0,2,1,0.25,1,0,0,1,0.5,0.25,1,0.5,0,0,0,0,0,0,0,0,0,0,0,0,0,0,0,1,0,0,1,1,0,0.25,1,0,0,1,1,0,1,1,0,0
HAH0760,0,0,0,0,0,0,4,4,4,1,1,1,4,4,4,1,1,1,0,0,0,0,0,0,0,0,0,0,0,0,4,4,4,1,1,1,4,4,4,1,1,1,0,0,0,0,0,0,0,0,0,0,0,0,13,13,13,2,2,2,13,13,13,2,2,2,0,0,0,0,0,0,0,0,0,0,0,0,2,1,0,1,0,0,1,1,0,1,1,0,0,0,0,0,0,0,0,0,0,0,0,0,0,0,1,0,0,1,1,0,0,1,0,0,0,1,1,0,1,1,0
AHD0848,0,0,0,0,0,0,2,2,2,1,1,1,3,3,3,1,1,1,1,1,1,1,1,1,0,0,0,0,0,0,2,2,2,1,1,1,2,2,2,1,1,1,2,2,2,1,1,1,0,0,0,0,0,0,4,4,4,2,2,2,9,9,9,3,3,3,8,8,8,1,1,1,0,0,0,0,0,0,2,1,0,1,0,0,2,2,1,1,1,0,1,1,1,1,1,1,0,0,0,0,0,0,1,1,0,1,1,0,1,0,0,1,0,0,2,1,1,1,0,0,0
AJN0607,0,0,0,0,0,0,4,4,2,1,1,0,4,4,4,2,2,2,0,0,0,0,0,0,0,0,0,0,0,0,4,4,2,1,1,0,4,4,4,2,2,2,0,0,0,0,0,0,0,0,0,0,0,0,8,8,4,1,1,0,11,11,11,1,1,1,0,0,0,0,0,0,0,0,0,0,0,0,3,2,1,1,0,0,2,2,1,1,1,0,0,0,0,0,0,0,0,0,0,0,0,0,1,1,0,1,1,0,2,1,0,1,0,0,0,0,0,0,0,0,0
EIS0041,5,5,4,1,1,0.75,6,6,5,1,1,0.75,3,3,2.25,1,1,0.75,4,4,1.5,1,1,0,5,5,4,1,1,0.75,6,6,5.25,1,1,0.75,3,3,2.25,1,1,0.75,4,4,1.5,1,1,0,21,21,17,7,7,6.75,19,19,15.5,1,1,0.75,14,14,11,1,1,0.75,23,23,16.5,8,8,5.75,5,1,0,1,0,0,4,0,1,1,0,0,4,1,1,1,0,0,4,1,1,1,0,0,5,1,0,1,0,0,3,0,0.25,1,0,0,3,0,1,1,0,0,5,0,0,1,0,0,0
LJT0817,0,0,0,0,0,0,4,4,1,1,1,0,3,3,0,1,1,0,3,3,2,1,1,0,0,0,0,0,0,0,4,4,1,1,1,0,3,3,0,1,1,0,3,3,2,1,1,0,0,0,0,0,0,0,12,12,4,1,1,0,15,15,5,1,1,0,12,12,12,1,1,1,0,0,0,0,0,0,3,1,1,1,0,0,2,2,0,1,1,0,1,1,0,1,1,0,0,0,0,0,0,0,1,1,0,1,1,0,1,0,0,1,0,0,2,1,1,1,0,0,0
BDI0533,0,0,0,0,0,0,4,4,4,1,1,1,3,3,3,1,1,1,0,0,0,0,0,0,0,0,0,0,0,0,4,4,4,1,1,1,4,4,4,1,1,1,0,0,0,0,0,0,0,0,0,0,0,0,12,12,12,1,1,1,14,14,14,2,2,2,0,0,0,0,0,0,0,0,0,0,0,0,2,1,0,1,0,0,2,2,1,1,1,0,0,0,0,0,0,0,0,0,0,0,0,0,1,1,0,1,1,0,2,1,1,1,0,0,0,1,1,0,1,1,0
MGS0974,0,0,0,0,0,0,2,2,2,1,1,1,2,2,2,1,1,1,0,0,0,0,0,0,0,0,0,0,0,0,2,2,2,1,1,1,2,2,2,1,1,1,0,0,0,0,0,0,0,0,0,0,0,0,8,8,8,1,1,1,8,8,8,2,2,2,0,0,0,0,0,0,0,0,0,0,0,0,2,1,0,1,0,0,1,1,0,1,1,0,0,0,0,0,0,0,0,0,0,0,0,0,1,1,0,1,1,0,2,1,1,1,0,0,1,0,0,1,0,0,0
BMT0528,0,0,0,0,0,0,3,3,3,1,1,1,5,5,5,1,1,1,0,0,0,0,0,0,0,0,0,0,0,0,3,3,3,1,1,1,5,5,5,1,1,1,0,0,0,0,0,0,0,0,0,0,0,0,13,13,13,1,1,1,14,14,14,3,3,3,0,0,0,0,0,0,0,0,0,0,0,0,2,1,0,1,0,0,1,1,0,1,1,0,0,0,0,0,0,0,0,0,0,0,0,0,1,1,0,1,1,0,2,1,1,1,0,0,0,1,1,0,1,1,0
GCS0571,0,0,0,0,0,0,2,2,2,1,1,1,2,2,2,1,1,1,2,2,2,2,2,2,0,0,0,0,0,0,2,2,2,1,1,1,2,2,2,1,1,1,2,2,2,1,1,1,0,0,0,0,0,0,10,10,10,7,7,7,12,12,12,5,5,5,5,5,5,4,4,4,0,0,0,0,0,0,2,1,0,1,0,0,2,2,1,1,1,0,1,1,1,1,1,1,0,0,0,0,0,0,1,1,0,1,1,0,1,0,0,1,0,0,2,1,1,1,0,0,0
BJP0134,0,0,0,0,0,0,10,10,10,3,3,3,10,10,10,5,5,5,0,0,0,0,0,0,0,0,0,0,0,0,10,10,10,3,3,3,10,10,10,5,5,5,1,1,1,1,1,1,0,0,0,0,0,0,27,27,27,6,6,6,27,27,27,15,15,15,6,6,6,2,2,2,0,0,0,0,0,0,2,1,0,1,0,0,1,1,0,1,1,0,0,0,0,0,0,0,0,0,0,0,0,0,1,1,0,1,1,0,2,1,1,1,0,0,1,0,0,1,0,0,0
RRP0568,0,0,0,0,0,0,3,3,0,1,1,0,3,3,0,1,1,0,0,0,1,0,0,1,0,0,0,0,0,0,2,2,1,1,1,0,3,3,0,1,1,0,1,1,0,1,1,0,0,0,0,0,0,0,12,12,4,3,3,2,15,15,5,2,2,1,0,0,0,0,0,0,0,0,0,0,0,0,3,1,1,1,0,0,2,2,0,1,1,0,0,0,1,0,0,1,0,0,0,0,0,0,1,1,0,1,1,0,1,0,0,1,0,0,1,0,0,1,0,0,0
MCF0600,9,9,9,1,1,1,1,1,1,1,1,1,0,0,0,0,0,0,8,8,8,1,1,1,9,9,9,1,1,1,2,2,2,2,2,2,0,0,0,0,0,0,8,8,8,1,1,1,27,27,27,27,27,27,8,8,8,8,8,8,0,0,0,0,0,0,27,27,27,27,27,27,1,1,1,1,1,1,2,1,0,1,0,0,1,1,0,1,1,0,1,1,1,1,1,1,1,1,1,1,1,1,1,1,0,1,1,0,1,0,0,1,0,0,2,1,1,1,0,0,1
SAA0999,0,0,0,0,0,0,9,9,9,3,3,3,9,9,9,5,5,5,7,7,7,1,1,1,0,0,0,0,0,0,9,9,9,3,3,3,9,9,9,5,5,5,7,7,7,1,1,1,0,0,0,0,0,0,27,27,27,6,6,6,27,27,27,16,16,16,19,19,19,2,2,2,0,0,0,0,0,0,2,1,0,1,0,0,2,2,1,1,1,0,0,0,0,0,0,0,0,0,0,0,0,0,1,1,0,1,1,0,1,0,0,1,0,0,1,1,0,1,1,0,0
THR0873,0,0,0,0,0,0,9,9,7,3,3,2,10,10,10,4,4,4,9,9,9,2,2,2,0,0,0,0,0,0,9,9,7,3,3,2,10,10,10,5,5,5,9,9,9,2,2,2,0,0,0,0,0,0,27,27,23,8,8,7,27,27,27,19,19,19,21,21,21,3,3,3,1,1,1,1,1,1,2,1,0,1,0,0,1,1,0,1,1,0,1,1,1,1,1,1,1,1,1,1,1,1,1,1,0,1,1,0,2,1,0,1,0,0,1,1,1,1,1,1,0
FSC0601,0,0,0,0,0,0,5,5,3,1,1,0,8,8,8,1,1,1,0,0,0,0,0,0,0,0,0,0,0,0,4,4,2,1,1,0,8,8,8,1,1,1,0,0,0,0,0,0,0,0,0,0,0,0,6,6,2,1,1,0,8,8,8,2,2,2,0,0,0,0,0,0,0,0,0,0,0,0,2,1,0,1,0,0,1,1,0,1,1,0,0,0,0,0,0,0,0,0,0,0,0,0,1,1,0,1,1,0,2,1,0,1,0,0,0,0,0,0,0,0,1
AKR0057,0,0,0,0,0,0,4,4,4,1,1,1,6,6,6,1,1,1,2,2,2,1,1,1,0,0,0,0,0,0,4,4,4,1,1,1,6,6,6,1,1,1,2,2,2,1,1,1,0,0,0,0,0,0,5,5,5,1,1,1,7,7,7,1,1,1,5,5,5,1,1,1,0,0,0,0,0,0,2,1,0,1,0,0,1,1,0,1,1,0,1,1,1,1,1,1,0,0,0,0,0,0,1,1,0,1,1,0,1,0,0,1,0,0,2,2,1,1,1,0,1
GZC0735,0,0,0,0,0,0,3,3,1,1,1,0,3,3,3,1,1,1,0,0,0,0,0,0,0,0,0,0,0,0,3,3,1,1,1,0,3,3,3,1,1,1,0,0,0,0,0,0,0,0,0,0,0,0,6,6,2,1,1,0,7,7,7,1,1,1,0,0,0,0,0,0,0,0,0,0,0,0,3,2,1,1,0,0,2,2,1,1,1,0,0,0,0,0,0,0,0,0,0,0,0,0,1,1,0,1,1,0,2,1,0,1,0,0,0,0,0,0,0,0,0
KMB0922,0,0,0,0,0,0,4,4,4,1,1,1,3,3,3,1,1,1,2,2,2,1,1,1,0,0,0,0,0,0,4,4,4,1,1,1,3,3,3,1,1,1,2,2,2,1,1,1,0,0,0,0,0,0,9,9,9,1,1,1,14,14,14,1,1,1,11,11,11,1,1,1,1,1,1,1,1,1,2,0,0,1,0,0,2,1,1,1,0,0,2,2,2,1,1,1,1,1,1,1,1,1,1,1,0,1,1,0,1,0,0,1,0,0,3,3,2,1,1,0,0
CFM0767,0,0,0,0,0,0,3,3,3,1,1,1,3,3,3,1,1,1,0,0,0,0,0,0,0,0,0,0,0,0,3,3,3,1,1,1,3,3,3,1,1,1,0,0,0,0,0,0,0,0,0,0,0,0,9,9,9,2,2,2,10,10,10,1,1,1,0,0,0,0,0,0,1,1,1,1,1,1,3,2,1,1,0,0,2,2,1,1,1,0,1,1,1,1,1,1,1,1,1,1,1,1,1,1,0,1,1,0,2,1,1,1,0,0,1,0,0,1,0,0,0
HAD0246,0,0,0,0,0,0,2,2,0,1,1,0,3,3,1,1,1,0,1,1,1,1,1,1,0,0,0,0,0,0,2,2,0.5,1,1,0,3,3,1,1,1,0,1,1,1,1,1,1,0,0,0,0,0,0,8,8,1.5,2,2,1,7,7,0.5,1,1,0,0,0,0,0,0,0,1,1,1,1,1,1,3,1,1,1,0,0,2,1,0.5,1,0,0,1,1,0,1,1,0,1,1,1,1,1,1,1,1,0,1,1,0,2,1,1,1,0,0,1,0,0,1,0,0,0
LBF0214,0,0,0,0,0,0,3,3,3,1,1,1,3,3,3,1,1,1,2,2,2,1,1,1,0,0,0,0,0,0,3,3,3,1,1,1,3,3,3,1,1,1,2,2,2,1,1,1,0,0,0,0,0,0,10,10,10,1,1,1,12,12,12,2,2,2,9,9,9,1,1,1,1,1,1,1,1,1,3,2,0.5,1,0,0,2,2,0.5,1,1,0,1,1,1,1,1,1,1,1,1,1,1,1,2,2,1,1,1,0,2,1,0.5,1,0,0,1,1,1,1,1,1,0
BWP0202,0,0,0,0,0,0,2,2,1,1,1,0.5,2,2,1,1,1,0.5,1,1,0.5,1,1,0.5,0,0,0,0,0,0,2,2,1,1,1,0.5,2,2,1,1,1,0.5,1,1,0.5,1,1,0.5,0,0,0,0,0,0,12,12,6,2,2,1,12,12,6,3,3,1.5,9,9,4.5,9,9,4.5,1,1,0.5,1,1,0.5,3,2,1,2,1,0.5,2,2,1,1,1,0.5,1,1,0.5,1,1,0.5,1,1,0.5,1,1,0.5,2,2,1,1,1,0.5,2,1,0.5,1,0,0,1,1,0.5,1,1,0.5,0
FFC0891,0,0,0,0,0,0,3,3,3,1,1,1,4,4,4,1,1,1,2,2,2,1,1,1,0,0,0,0,0,0,3,3,3,1,1,1,4,4,4,1,1,1,2,2,2,1,1,1,0,0,0,0,0,0,13,13,13,1,1,1,15,15,15,4,4,4,8,8,8,1,1,1,1,1,1,1,1,1,3,2,1,1,0,0,2,2,1,1,1,0,2,2,2,1,1,1,1,1,1,1,1,1,2,2,1,1,1,0,1,0,0,1,0,0,2,1,1,1,0,0,0
AJR0932,9,9,9,9,9,9,1,1,0.25,1,1,0,0,0,0.5,0,0,0.25,1,1,1,1,1,1,9,9,9,9,9,9,1,1,0.25,1,1,0,0,0,0.5,0,0,0.25,1,1,0.75,1,1,0.75,16,16,16,16,16,16,8,8,2.25,8,8,7,0,0,1.25,0,0,0.25,0,0,0,0,0,0,1,1,1,1,1,1,1,0,1,1,0,0,0,0,1,0,0,1,1,1,0,1,1,0,1,1,1,1,1,1,1,1,0,1,1,0,1,0,0,1,0,0,1,0,0.25,1,0,0,1
BDV0168,4,4,4,1,1,1,1,1,1,1,1,0,0,0,0,0,0,0,8,8,8,1,1,1,4,4,4,1,1,1,1,1,1,1,1,0,0,0,0,0,0,0,8,8,8,1,1,1,11,11,11,11,11,11,4,4,0,4,4,3,0,0,0,0,0,0,0,0,0,0,0,0,1,1,1,1,1,1,1,0,1,1,0,0,0,0,1,0,0,1,1,1,1,1,1,1,1,1,1,1,1,1,1,1,0,1,1,0,1,0,1,1,0,0,1,1,1,1,1,1,1
ZKS0899,0,0,0,0,0,0,10,10,10,3,3,3,9,9,9,6,6,6,3,3,3,1,1,1,0,0,0,0,0,0,10,10,10,3,3,3,9,9,9,6,6,6,4,4,4,1,1,1,0,0,0,0,0,0,27,27,27,5,5,5,27,27,27,19,19,19,12,12,12,1,1,1,0,0,0,0,0,0,2,1,0,1,0,0,1,1,0,1,1,0,0,0,0,0,0,0,0,0,0,0,0,0,1,1,0,1,1,0,1,0,0,1,0,0,1,0,0,1,0,0,0
AJF0370,4,4,3,1,1,0.75,10,10,9,4,4,3.75,10,10,9.25,4,4,3.75,4,4,1.5,1,1,0,4,4,3,1,1,0.75,10,10,9.25,4,4,3.75,10,10,9.25,5,5,4.75,4,4,1.5,1,1,0,23,23,19,9,9,8.75,29,29,25.5,8,8,7.75,35,35,32,11,11,10.75,22,22,15.5,8,8,5.75,4,0,1,1,0,0,4,0,1,1,0,0,4,1,1,1,0,0,4,1,1,1,0,0,4,0,1,1,0,0,3,0,0.25,1,0,0,4,1,0,1,0,0,4,1,1,1,0,0,0
OCS0865,0,0,0,0,0,0,3,3,1,1,1,0,4,4,4,1,1,1,0,0,0,0,0,0,0,0,0,0,0,0,3,3,1,1,1,0,4,4,4,1,1,1,0,0,0,0,0,0,0,0,0,0,0,0,10,10,6,1,1,0,11,11,11,2,2,2,0,0,0,0,0,0,0,0,0,0,0,0,3,2,1,1,0,0,2,2,1,1,1,0,0,0,0,0,0,0,0,0,0,0,0,0,1,1,0,1,1,0,2,1,0,1,0,0,0,0,0,0,0,0,0
AAM0658,3,3,3,1,1,1,1,1,1,1,1,1,0,0,0,0,0,0,0,0,0,0,0,0,3,3,3,1,1,1,1,1,1,1,1,1,0,0,0,0,0,0,0,0,0,0,0,0,11,11,11,9,9,9,0,0,0,0,0,0,0,0,0,0,0,0,0,0,0,0,0,0,1,1,1,1,1,1,1,0,1,1,0,0,0,0,1,0,0,1,0,0,0,0,0,0,1,1,1,1,1,1,1,1,0,1,1,0,0,1,1,0,1,1,1,0,0,1,0,0,1
HCS0003,0,0,0,0,0,0,4,4,4,1,1,1,5,5,5,2,2,2,0,0,0,0,0,0,0,0,0,0,0,0,4,4,4,1,1,1,5,5,5,2,2,2,0,0,0,0,0,0,0,0,0,0,0,0,14,14,14,2,2,2,15,15,15,6,6,6,0,0,0,0,0,0,0,0,0,0,0,0,1,1,1.75,1,0,0,0,1,1.75,0,1,1,0,0,0,0,0,0,0,0,0,0,0,0,0,1,1,0,1,1,1,1,1,1,0,0,0,0,0,0,0,0,0
CPG0322,0,0,0,0,0,0,2,2,0,1,1,0,2,2,2,1,1,1,0,0,0,0,0,0,0,0,0,0,0,0,2,2,0,1,1,0,2,2,2,1,1,1,0,0,0,0,0,0,0,0,0,0,0,0,11,11,7,2,2,1,9,9,9,4,4,4,0,0,0,0,0,0,0,0,0,0,0,0,3,2,1,1,0,0,1,1,0,1,1,0,0,0,0,0,0,0,0,0,0,0,0,0,2,2,1,1,1,0,2,1,0,1,0,0,0,0,0,0,0,0,0
OBH0499,0,0,0,0,0,0,9,9,7,3,3,2,10,10,10,5,5,5,3,3,3,1,1,1,0,0,0,0,0,0,9,9,7,3,3,2,10,10,10,5,5,5,3,3,3,1,1,1,0,0,0,0,0,0,6,6,2,1,1,0,6,6,6,1,1,1,3,3,3,3,3,3,1,1,1,1,1,1,3,2,1,1,0,0,2,2,1,1,1,0,1,1,1,1,1,1,1,1,1,1,1,1,2,2,1,1,1,0,2,1,0,1,0,0,1,1,1,1,1,1,0
ATP0662,0,0,0,0,0,0,2,2,0,1,1,0,3,3,1,1,1,0,2,2,2,1,1,1,0,0,0,0,0,0,2,2,0,1,1,0,3,3,1,1,1,0,2,2,2,1,1,1,0,0,0,0,0,0,13,13,6.25,1,1,0,14,14,7,3,3,2,8,8,8,1,1,1,1,1,1,1,1,1,3,2,0.75,1,0,0,2,1.5,0.75,1,0.5,0,1,1,1,1,1,1,1,1,1,1,1,1,2,2,1,1,1,0,1,0,0.25,1,0,0,2,2,1,1,1,0,0
DPM0423,0,0,0,0,0,0,5,3,0.5,1,0,0,4,2,0.5,2,1,0.5,0,0,0,0,0,0,0,0,0,0,0,0,5,3,0.5,1,0,0,5,3,0,2,1,0.5,1,1,1,1,1,1,0,0,0,0,0,0,11,6,2,1,0,1.5,11,4,1,1,0,0,1,1,1,1,1,1,0,0,0,0,0,0,2,1,0,1,0,0,1,1,0,1,1,0,1,1,1,1,1,1,0,0,0,0,0,0,1,1,1,1,1,1,2,1,1,1,0,0,2,2,1.5,1,1,0.5,0
IRM0931,0,0,0,0,0,0,3,3,1.75,1,1,0,4,4,3.5,1,1,0.75,1,1,1,1,1,1,0,0,0,0,0,0,3,3,1.75,1,1,0,4,4,3.5,1,1,0.75,1,1,0.75,1,1,0.75,0,0,0,0,0,0,14,14,8.25,5,5,4,19,19,17.75,2,2,1.75,4,4,4,4,4,4,1,1,1,1,1,1,3,2,1,2,1,1,2,2,1,1,1,0,1,1,0,1,1,0,1,1,1,1,1,1,1,1,0,1,1,0,2,1,1,1,0,0,1,0,0.25,1,0,0,0
HJB0742,1,1,1,1,1,1,1,1,1,1,1,0,0,0,0,0,0,0,3,3,3,3,3,3,1,1,1,1,1,1,1,1,1,1,1,0,0,0,0,0,0,0,3,3,3,3,3,3,0,0,0,0,0,0,0,0,4,0,0,1,0,0,0,0,0,0,3,3,3,3,3,3,1,1,1,1,1,1,3,2,1,1,0,0,1,1,0,1,1,0,1,1,1,1,1,1,1,1,1,1,1,1,1,1,0,1,1,0,2,1,0,1,0,0,0,0,0,0,0,0,1
DBB0384,0,0,0,0,0,0,9,9,9,4,4,4,9,9,9,4,4,4,0,0,0,0,0,0,0,0,0,0,0,0,9,9,9,4,4,4,9,9,9,4,4,4,0,0,0,0,0,0,0,0,0,0,0,0,27,27,27,10,10,10,27,27,27,13,13,13,0,0,0,0,0,0,0,0,0,0,0,0,1,1,1,1,0,0,0,1,1,0,1,1,0,0,0,0,0,0,0,0,0,0,0,0,0,0,1,0,0,1,1,0,0,1,0,0,0,0,1,0,0,1,0
RHL0992,0,0,0,0,0,0,4,4,0.5,1,1,0,3,3,0.5,1,1,0,3,3,0.5,1,1,0,0,0,0,0,0,0,4,4,0.5,1,1,0,3,3,0.5,1,1,0,3,3,0.5,1,1,0,0,0,0,0,0,0,5,5,0,1,1,0,5,5,1.5,1,1,0,4,4,0.5,1,1,0,0,0,0,0,0,0,2,0,0,1,0,0,2,1,0,1,0,0,1,1,0,1,1,0,0,0,0,0,0,0,1,1,0,1,1,0,1,1,0,1,1,0,2,1,0,1,0,0,1
HBO0413,0,0,0,0,0,0,4,4,2.5,1,1,0,6,6,4.5,1,1,0.5,1,1,1,1,1,1,0,0,0,0,0,0,3,3,1.5,1,1,0,6,6,4.5,1,1,0.5,2,2,2,1,1,1,0,0,0,0,0,0,7,7,3.5,1,1,0.5,8,8,4,1,1,0.5,0,0,0,0,0,0,0,0,0,0,0,0,1,0,0.5,1,0,0,0,0,0,0,0,0,0,0,0,0,0,0,0,0,0,0,0,0,0,0,1,0,0,1,1,0,0,1,0,0,1,0,0,1,0,0,1
UAD0771,0,0,0,0,0,0,4,4,4,1,1,1,4,4,4,1,1,1,0,0,0,0,0,0,0,0,0,0,0,0,4,4,4,1,1,1,4,4,4,1,1,1,0,0,0,0,0,0,0,0,0,0,0,0,14,14,14,1,1,1,15,15,15,3,3,3,0,0,0,0,0,0,0,0,0,0,0,0,3,2,1,1,0,0,2,2,1,1,1,0,0,0,0,0,0,0,0,0,0,0,0,0,1,1,0,1,1,0,2,1,1,1,0,0,0,1,1,0,1,1,0
LCB0664,0,0,0,0,0,0,9,9,7,4,4,3,9,9,7,5,5,4,0,0,0,0,0,0,0,0,0,0,0,0,9,9,7,4,4,3,9,9,7,5,5,4,0,0,0,0,0,0,0,0,0,0,0,0,6,6,0.75,1,1,0,6,6,1,1,1,0,0,0,0,0,0,0,0,0,0,0,0,0,3,2,0.75,1,0,0,2,1.5,0.75,1,0.5,0,0,0,0,0,0,0,0,0,0,0,0,0,1,1,0,1,1,0,2,1,0.75,1,0,0,0,0,1,0,0,1,0
JCG0316,0,0,0,0,0,0,3,3,1,1,1,0,3,3,3,1,1,1,0,0,0,0,0,0,0,0,0,0,0,0,3,3,1,1,1,0,3,3,3,1,1,1,0,0,0,0,0,0,0,0,0,0,0,0,13,13,9,1,1,0,15,15,15,3,3,3,0,0,0,0,0,0,0,0,0,0,0,0,3,2,1,1,0,0,2,2,1,1,1,0,0,0,0,0,0,0,0,0,0,0,0,0,1,1,0,1,1,0,2,1,0,1,0,0,0,0,0,0,0,0,0
HCM0267,0,0,0,0,0,0,10,10,10,5,5,5,9,9,9,4,4,4,0,0,0,0,0,0,0,0,0,0,0,0,10,10,10,5,5,5,9,9,9,4,4,4,0,0,0,0,0,0,0,0,0,0,0,0,27,27,27,9,9,9,27,27,27,9,9,9,0,0,0,0,0,0,0,0,0,0,0,0,1,0,0,1,0,0,0,0,0,0,0,0,0,0,0,0,0,0,0,0,0,0,0,0,0,0,0,0,0,0,1,0,0,1,0,0,0,0,0,0,0,0,0
MTB0620,0,0,0,0,0,0,4,4,2,1,1,0,4,4,4,2,2,2,0,0,0,0,0,0,0,0,0,0,0,0,4,4,2,1,1,0,5,5,5,2,2,2,0,0,0,0,0,0,0,0,0,0,0,0,13,13,9,1,1,0,13,13,13,2,2,2,0,0,0,0,0,0,0,0,0,0,0,0,2,1,0,1,0,0,1,1,0,1,1,0,0,0,0,0,0,0,0,0,0,0,0,0,0,0,1,0,0,1,1,0,1,1,0,0,0,0,0,0,0,0,0
CAM0681,0,0,0,0,0,0,3,3,0,1,1,0,3,3,0,1,1,0,2,2,1,1,1,0,0,0,0,0,0,0,3,3,0,1,1,0,3,3,0,1,1,0,2,2,1,1,1,0,0,0,0,0,0,0,9,9,1,2,2,1,10,10,0,1,1,0,7,7,7,1,1,1,0,0,0,0,0,0,2,0,0,1,0,0,1,1,1,1,1,0,0,0,1,0,0,1,0,0,0,0,0,0,0,0,1,0,0,1,0,1,1,0,1,1,1,0,0,1,0,0,0
LBH0942,0,0,0,0,0,0,9,9,9,4,4,4,9,9,9,4,4,4,0,0,0,0,0,0,0,0,0,0,0,0,9,9,9,4,4,4,9,9,9,4,4,4,0,0,0,0,0,0,0,0,0,0,0,0,27,27,27,7,7,7,27,27,27,11,11,11,0,0,0,0,0,0,0,0,0,0,0,0,2,1,0,1,0,0,1,1,0,1,1,0,0,0,0,0,0,0,0,0,0,0,0,0,0,0,0,0,0,0,1,0,0,1,0,0,0,1,1,0,1,1,0
MTT0901,0,0,0,0,0,0,2,2,2,1,1,1,5,5,5,2,2,2,1,1,1,1,1,1,0,0,0,0,0,0,2,2,2,1,1,1,5,5,5,2,2,2,1,1,1,1,1,1,0,0,0,0,0,0,8,8,8,1,1,1,15,15,15,4,4,4,2,2,2,2,2,2,0,0,0,0,0,0,2,1,0,1,0,0,1,1,0,1,1,0,0,0,0,0,0,0,0,0,0,0,0,0,0,0,1,0,0,1,0,1,1,0,1,1,1,0,0,1,0,0,0
NDM0417,0,0,0,0,0,0,4,4,1,1,1,0,5,5,2,1,1,0,1,1,0,1,1,0,0,0,0,0,0,0,4,4,1,1,1,0,5,5,2,1,1,0,1,1,0,1,1,0,0,0,0,0,0,0,10,10,2,1,1,0,12,12,2,1,1,0,0,0,0,0,0,0,0,0,0,0,0,0,3,1,1,1,0,0,2,2,0,1,1,0,0,0,1,0,0,1,0,0,0,0,0,0,1,1,0,1,1,0,2,1,1,1,0,0,2,1,1,1,0,0,0
JJM0203,0,0,0,0,0,0,4,4,2,1,1,0.5,5,5,2.5,1,1,0.5,0,0,0,0,0,0,0,0,0,0,0,0,4,4,2,1,1,0.5,5,5,2.5,1,1,0.5,0,0,0,0,0,0,0,0,0,0,0,0,6,6,3,1,1,0.5,7,7,3.5,1,1,0.5,0,0,0,0,0,0,0,0,0,0,0,0,3,0,0,1,0,0,2,0,0,1,0,0,0,0,0,0,0,0,0,0,0,0,0,0,1,0,0,1,0,0,2,0,0,1,0,0,0,0,0,0,0,0,1
EAH0466,0,0,0,0,0,0,1,1,1,1,1,1,2,2,2,1,1,1,0,0,0,0,0,0,0,0,0,0,0,0,1,1,1,1,1,1,2,2,2,1,1,1,0,0,0,0,0,0,0,0,0,0,0,0,27,27,27,27,27,27,27,27,27,27,27,27,0,0,0,0,0,0,0,0,0,0,0,0,2,1,0,1,0,0,2,2,1,1,1,0,0,0,0,0,0,0,0,0,0,0,0,0,1,1,0,1,1,0,1,0,0,1,0,0,1,0,0,1,0,0,0
CTA0020,0,0,0,0,0,0,9,9,9,3,3,3,9,9,9,5,5,5,4,4,4,1,1,1,0,0,0,0,0,0,9,9,9,3,3,3,9,9,9,5,5,5,4,4,4,1,1,1,0,0,0,0,0,0,5,5,5,1,1,1,9,9,9,2,2,2,4,4,4,1,1,1,0,0,0,0,0,0,3,2,1,1,0,0,2,2,1,1,1,0,0,0,0,0,0,0,0,0,0,0,0,0,1,1,0,1,1,0,2,1,1,1,0,0,1,0,0,1,0,0,0
BAJ0654,0,0,0,0,0,0,2,2,2,1,1,1,2,2,2,1,1,1,1,1,1,1,1,1,0,0,0,0,0,0,2,2,2,1,1,1,2,2,2,1,1,1,1,1,1,1,1,1,0,0,0,0,0,0,27,27,27,27,27,27,27,27,27,27,27,27,27,27,27,27,27,27,0,0,0,0,0,0,2,1,0,1,0,0,1,1,0,1,1,0,1,1,1,1,1,1,0,0,0,0,0,0,1,1,0,1,1,0,1,0,0,1,0,0,2,1,1,1,0,0,0
JJH0613,0,0,0,0,0,0,5,5,3,1,1,0,4,4,4,1,1,1,0,0,0,0,0,0,0,0,0,0,0,0,5,5,3,1,1,0,4,4,4,2,2,2,0,0,0,0,0,0,0,0,0,0,0,0,14,14,10,1,1,0,10,10,10,2,2,2,0,0,0,0,0,0,0,0,0,0,0,0,3,2,1,1,0,0,2,2,1,1,1,0,0,0,0,0,0,0,0,0,0,0,0,0,1,1,0,1,1,0,2,1,0,1,0,0,0,0,0,0,0,0,0
DMK0257,0,0,0,0,0,0,4,4,4,1,1,1,5,5,5,1,1,1,2,2,2,1,1,1,0,0,0,0,0,0,4,4,4,1,1,1,5,5,5,1,1,1,2,2,2,1,1,1,0,0,0,0,0,0,11,11,11,1,1,1,12,12,12,2,2,2,9,9,9,1,1,1,1,1,1,1,1,1,3,2,1,1,0,0,2,2,1,1,1,0,1,1,1,1,1,1,1,1,1,1,1,1,1,1,0,1,1,0,2,1,1,1,0,0,1,1,0,1,1,0,0
WIQ0567,0,0,0,0,0,0,3,3,1.75,1,1,0,3,3,2.5,1,1,0.75,0,0,0,0,0,0,0,0,0,0,0,0,3,3,1.75,1,1,0,4,4,3.5,1,1,0.75,1,1,0.75,1,1,0.75,0,0,0,0,0,0,13,13,7.25,1,1,0,14,14,12.75,6,6,5.75,1,1,1,1,1,1,0,0,0,0,0,0,2,1,0,1,0,0,1,1,0,1,1,0,0,0,1,0,0,1,0,0,0,0,0,0,0,0,1,0,0,1,1,0,0,1,0,0,1,0,0.25,1,0,0,0
RAW0915,0,0,0,0,0,0,2,2,2,1,1,1,3,3,3,1,1,1,2,2,2,1,1,1,0,0,0,0,0,0,2,2,2,1,1,1,3,3,3,1,1,1,2,2,2,1,1,1,0,0,0,0,0,0,9,9,9,1,1,1,7,7,7,1,1,1,9,9,9,1,1,1,0,0,0,0,0,0,4,2,2,1,0,0,2,1,1,1,0,0,1,1,1,1,1,1,0,0,0,0,0,0,2,2,1,1,1,0,1,0,0,1,0,0,2,2,1,1,1,0,0
SAB0781,0,0,0,0,0,0,3,3,3,1,1,1,3,3,3,1,1,1,0,0,0,0,0,0,0,0,0,0,0,0,3,3,3,1,1,1,3,3,3,1,1,1,0,0,0,0,0,0,0,0,0,0,0,0,14,14,14,4,4,4,13,13,13,4,4,4,0,0,0,0,0,0,0,0,0,0,0,0,2,1,0,1,0,0,1,1,0,1,1,0,0,0,0,0,0,0,0,0,0,0,0,0,0,0,1,0,0,1,1,0,0,1,0,0,0,1,1,0,1,1,0
IBM0671,0,0,0,0,0,0,2,2,0,1,1,0,2,2,0,1,1,0,0,0,0,0,0,0,0,0,0,0,0,0,2,2,0,1,1,0,2,2,0,1,1,0,0,0,0,0,0,0,0,0,0,0,0,0,17,17,9.25,6,6,5,12,12,4,4,4,2.25,0,0,0,0,0,0,0,0,0.75,0,0,0.75,3,1,0,1,0,0,2,1,0,1,0,0,0,0,0.75,0,0,0.75,0,0,0.75,0,0,0.75,1,1,0,1,1,0,2,1,1,1,0,0,0,1,1.75,0,1,1,0
GTD0219,4,4,3,1,1,0.75,4,4,3,1,1,0.75,3,3,2.25,1,1,0.75,5,5,2.5,1,1,0,4,4,3,1,1,0.75,3,3,2.25,1,1,0.75,3,3,2.25,1,1,0.75,5,5,2.5,1,1,0,18,18,14,8,8,7.75,17,17,13.5,3,3,2.75,15,15,12,1,1,0.75,22,22,15.5,7,7,4.75,4,0,1,1,0,0,3,1,2,1,0,0,2,1,1,1,0,0,4,1,1,1,0,0,4,0,1,1,0,0,2,1,1.25,1,0,0,3,0,1,1,0,0,5,0,0,1,0,0,1
CAH0936,3,3,3,1,1,1,0,0,3,0,0,1,0,0,3,0,0,1,4,4,3,1,1,0,2,2,2,1,1,1,0,0,3,0,0,1,0,0,3,0,0,1,4,4,3,1,1,0,9,9,9,9,9,9,0,0,8,0,0,1,0,0,10,0,0,1,10,10,10,9,9,9,1,1,1,1,1,1,4,2,2,1,0,0,1,1,1,1,1,0,1,1,0,1,1,0,1,1,1,1,1,1,2,2,1,1,1,0,2,1,1,1,0,0,1,0,0,1,0,0,1
AIP0982,0,0,0,0,0,0,3,1.5,0.75,1,0.5,0.25,3,1.5,0.75,1,0.5,0.25,0,0,0,0,0,0,0,0,0,0,0,0,3,1.5,0.75,1,0.5,0.25,3,1.5,0.75,1,0.5,0.25,0,0,0,0,0,0,0,0,0,0,0,0,27,13.5,6.75,27,13.5,6.75,27,13.5,6.75,27,13.5,6.75,0,0,0,0,0,0,0,0,0,0,0,0,3,1,0.5,1,0,0,2,1,0.5,1,0.5,0.25,0,0,0,0,0,0,0,0,0,0,0,0,1,0.5,0.25,1,0.5,0.25,2,0.5,0.25,1,0,0,0,0,0,0,0,0,0
JBD0616,0,0,0,0,0,0,9,9,7,4,4,3,9,9,9,5,5,5,0,0,0,0,0,0,0,0,0,0,0,0,9,9,7,4,4,3,9,9,9,5,5,5,0,0,0,0,0,0,0,0,0,0,0,0,5,5,1,1,1,0,6,6,6,1,1,1,0,0,0,0,0,0,0,0,0,0,0,0,2,1,0,1,0,0,2,2,1,1,1,0,0,0,0,0,0,0,0,0,0,0,0,0,1,1,0,1,1,0,2,1,0,1,0,0,0,0,0,0,0,0,0
RUM0880,0,0,0,0,0,0,3,3,1,1,1,0,5,5,5,1,1,1,2,2,2,1,1,1,0,0,0,0,0,0,3,3,1,1,1,0,5,5,5,1,1,1,2,2,2,1,1,1,0,0,0,0,0,0,15,15,11,1,1,0,18,18,18,1,1,1,10,10,10,1,1,1,1,1,1,1,1,1,2,1,0,1,0,0,2,2,1,1,1,0,1,1,1,1,1,1,1,1,1,1,1,1,1,1,0,1,1,0,2,1,0,1,0,0,1,1,1,1,1,1,0
SMY0792,0,0,0,0,0,0,2,2,2,1,1,1,3,3,3,1,1,1,0,0,0,0,0,0,0,0,0,0,0,0,2,2,2,1,1,1,3,3,3,1,1,1,0,0,0,0,0,0,0,0,0,0,0,0,11,11,11,1,1,1,12,12,12,3,3,3,0,0,0,0,0,0,0,0,0,0,0,0,3,2,1,1,0,0,2,2,1,1,1,0,0,0,0,0,0,0,0,0,0,0,0,0,1,1,1,1,1,1,3,2,2,1,0,0,0,0,1,0,0,1,0
KJJ0293,0,0,0,0,0,0,3,3,3,1,1,1,3,3,3,1,1,1,0,0,0,0,0,0,0,0,0,0,0,0,3,3,3,1,1,1,3,3,3,1,1,1,1,1,1,1,1,1,0,0,0,0,0,0,10,10,10,1,1,1,10,10,10,1,1,1,0,0,0,0,0,0,0,0,0,0,0,0,3,2,1,1,0,0,2,2,1,1,1,0,0,0,0,0,0,0,0,0,0,0,0,0,1,1,0,1,1,0,2,1,1,1,0,0,2,1,1,1,0,0,0
KKW0879,0,0,0,0,0,0,9,9,7,4,4,3,9,9,9,5,5,5,3,3,3,1,1,1,0,0,0,0,0,0,9,9,7,4,4,3,9,9,9,5,5,5,3,3,3,1,1,1,0,0,0,0,0,0,9,9,5,2,2,1,10,10,10,2,2,2,4,4,4,1,1,1,1,1,1,1,1,1,2,1,0,1,0,0,1,1,0,1,1,0,1,1,1,1,1,1,1,1,1,1,1,1,1,1,0,1,1,0,2,1,0,1,0,0,0,0,0,0,0,0,0
RVF0201,0,0,0,0,0,0,3,3,3,1,1,1,3,3,3,1,1,1,0,0,0,0,0,0,0,0,0,0,0,0,3,3,3,1,1,1,3,3,3,1,1,1,0,0,0,0,0,0,0,0,0,0,0,0,7,7,7,1,1,1,8,8,8,1,1,1,0,0,0,0,0,0,0,0,0,0,0,0,3,2,1,1,0,0,2,2,1,1,1,0,0,0,0,0,0,0,0,0,0,0,0,0,1,1,0,1,1,0,2,1,1,1,0,0,0,0,1,0,0,1,0
VFM0814,0,0,0,0,0,0,2,2,0.75,1,1,0,2,2,1.5,1,1,0.75,2,2,2,1,1,1,0,0,0,0,0,0,2,2,0.75,1,1,0,2,2,1.5,1,1,0.75,2,2,1.75,1,1,0.75,0,0,0,0,0,0,8,8,2.25,3,3,2,5,5,3.75,1,1,0.75,5,5,5,1,1,1,0,0,0,0,0,0,3,2,1,1,0,0,2,2,1,1,1,0,1,1,0,1,1,0,0,0,0,0,0,0,1,1,0,1,1,0,1,0,0,1,0,0,2,1,0.75,1,0,0,0
SBN0866,0,0,0,0,0,0,3,3,1,1,1,0,3,3,3,1,1,1,1,1,1,1,1,1,0,0,0,0,0,0,3,3,1,1,1,0,3,3,3,1,1,1,1,1,1,1,1,1,0,0,0,0,0,0,27,27,23,27,27,26,27,27,27,27,27,27,2,2,2,2,2,2,1,1,1,1,1,1,2,1,0,1,0,0,0,0,1,0,0,1,1,1,1,1,1,1,1,1,1,1,1,1,1,1,0,1,1,0,1,0,1,1,0,0,1,1,1,1,1,1,0
DRR0162,0,0,0,0,0,0,7,7,7,1,1,1,7,7,7,1,1,1,0,0,0,0,0,0,0,0,0,0,0,0,7,7,7,1,1,1,7,7,7,1,1,1,0,0,0,0,0,0,0,0,0,0,0,0,8,8,8,1,1,1,5,5,5,1,1,1,0,0,0,0,0,0,0,0,0,0,0,0,1,0,1,1,0,0,0,0,1,0,0,1,0,0,0,0,0,0,0,0,0,0,0,0,0,0,1,0,0,1,1,0,0,1,0,0,0,0,1,0,0,1,1
ESR0693,0,0,0,0,0,0,2,2,1,1,1,0,3,3,0,1,1,0,2,2,1,1,1,0,0,0,0,0,0,0,2,2,1,1,1,0,3,3,0,1,1,0,2,2,1,1,1,0,0,0,0,0,0,0,8,8,0,1,1,0,11,11,1,1,1,0,5,5,5,2,2,2,0,0,0,0,0,0,2,0,0,1,0,0,1,1,1,1,1,0,1,1,0,1,1,0,0,0,0,0,0,0,1,1,0,1,1,0,1,0,0,1,0,0,2,1,1,1,0,0,0
CWR0502,0,0,0,0,0,0,3,3,1,1,1,0,3,3,3,1,1,1,0,0,0,0,0,0,0,0,0,0,0,0,3,3,1,1,1,0,3,3,3,1,1,1,0,0,0,0,0,0,0,0,0,0,0,0,9,9,5,2,2,1,13,13,13,2,2,2,0,0,0,0,0,0,0,0,0,0,0,0,3,2,1,1,0,0,2,2,1,1,1,0,0,0,0,0,0,0,0,0,0,0,0,0,1,1,0,1,1,0,2,1,0,1,0,0,0,0,0,0,0,0,0
IKP0472,0,0,0,0,0,0,3,3,3,1,1,1,3,3,3,1,1,1,0,0,0,0,0,0,0,0,0,0,0,0,3,3,3,1,1,1,3,3,3,1,1,1,1,1,1,1,1,1,0,0,0,0,0,0,11,11,11,1,1,1,10,10,10,2,2,2,1,1,1,1,1,1,0,0,0,0,0,0,3,2,1,1,0,0,2,2,1,1,1,0,0,0,0,0,0,0,0,0,0,0,0,0,1,1,0,1,1,0,2,1,1,1,0,0,1,0,0,1,0,0,0
GKO0078,0,0,0,0,0,0,4,4,1,1,1,0,3,3,0.5,1,1,0,0,0,0,0,0,0,0,0,0,0,0,0,4,4,1,1,1,0,3,3,0.5,1,1,0,0,0,0,0,0,0,0,0,0,0,0,0,12,12,7,1,1,3,11,11,8,1,1,8,0,0,0,0,0,0,0,0,0,0,0,0,3,1,0.5,2,1,1,2,1,0.5,1,0,0,0,0,0,0,0,0,0,0,0,0,0,0,1,1,0,1,1,0,2,1,0.5,1,0,0,0,0,1,0,0,0.5,0
GNS0178,0,0,0,0,0,0,2,1,2,1,0,0,3,1,1,1,0,0,1,0,0,1,0,0,0,0,0,0,0,0,2,1,2,1,0,0,3,1,1,1,0,0,1,0,1,1,0,0,0,0,0,0,0,0,27,18,17,27,26,26,27,18,14,27,26,26,24,19,13,24,23,23,1,1,0,1,1,0,3,0,0,1,0,0,2,0,0,1,0,0,1,0,0,1,0,0,1,1,0,1,1,0,1,0,0,1,0,0,1,0,1,1,0,0,2,0,0,1,0,0,0
LOM0086,0,0,0,0,0,0,4,4,4,1,1,1,4,4,4,1,1,1,0,0,0,0,0,0,0,0,0,0,0,0,4,4,4,1,1,1,4,4,4,1,1,1,0,0,0,0,0,0,0,0,0,0,0,0,8,8,8,2,2,2,11,11,11,2,2,2,0,0,0,0,0,0,0,0,0,0,0,0,2,1,0,1,0,0,2,2,1,1,1,0,0,0,0,0,0,0,0,0,0,0,0,0,1,1,0,1,1,0,2,1,1,1,0,0,0,0,1,0,0,1,0
BBG0325,0,0,0,0,0,0,3,3,1,1,1,0,3,3,3,1,1,1,0,0,0,0,0,0,0,0,0,0,0,0,3,3,1,1,1,0,3,3,3,1,1,1,0,0,0,0,0,0,0,0,0,0,0,0,8,8,4,1,1,0,8,8,8,1,1,1,0,0,0,0,0,0,0,0,0,0,0,0,2,1,0,1,0,0,2,2,1,1,1,0,0,0,0,0,0,0,0,0,0,0,0,0,1,1,0,1,1,0,2,1,0,1,0,0,0,0,0,0,0,0,0
RKD0604,0,0,0,0,0,0,0,0,2,0,0,1,0,0,0,0,0,0,9,9,9,9,9,9,0,0,0,0,0,0,0,0,2,0,0,1,0,0,0,0,0,0,9,9,9,9,9,9,0,0,0,0,0,0,0,0,4,0,0,1,0,0,0,0,0,0,27,27,27,27,27,27,1,1,1,1,1,1,1,0,1,1,0,0,0,0,1,0,0,1,1,1,1,1,1,1,1,1,1,1,1,1,1,1,0,1,1,0,1,0,1,1,0,0,0,0,0,0,0,0,1
JMK0099,0,0,0,0,0,0,2,2,0.5,1,1,0,3,3,1.5,1,1,0.5,0,0,0,0,0,0,0,0,0,0,0,0,2,2,0.5,1,1,0,3,3,1.5,1,1,0.5,0,0,0,0,0,0,0,0,0,0,0,0,13,13,9.5,1,1,0.5,11,11,7,7,7,6.5,0,0,0,0,0,0,0,0,0,0,0,0,3,2,1.5,1,0,0,2,2,2,1,1,1,0,0,0,0,0,0,0,0,0,0,0,0,1,1,0,1,1,0,2,1,1,1,0,0,0,1,1,0,1,1,0
DCH0843,6,6,6,6,6,6,5,5,5,1,1,1,0,0,0,0,0,0,6,6,6,6,6,6,5,5,5,5,5,5,5,5,5,1,1,1,0,0,0,0,0,0,6,6,6,6,6,6,5,5,5,5,5,5,11,11,11,11,11,11,0,0,0,0,0,0,9,9,9,9,9,9,1,1,1,1,1,1,2,1,0,1,0,0,0,0,1,0,0,1,1,1,1,1,1,1,1,1,1,1,1,1,1,1,0,1,1,0,0,1,1,0,1,1,2,1,1,1,0,0,1
WIF0691,0,0,0,0,0,0,8,8,5,2,2,1,10,10,7,5,5,4,9,9,8,1,1,0,0,0,0,0,0,0,8,8,5,2,2,1,10,10,7,4,4,3,9,9,8,1,1,0,0,0,0,0,0,0,27,27,19,6,6,5,27,27,17,18,18,17,25,25,25,2,2,2,0,0,0,0,0,0,2,0,0,1,0,0,2,2,0,1,1,0,1,1,0,1,1,0,0,0,0,0,0,0,1,1,0,1,1,0,1,0,0,1,0,0,2,1,1,1,0,0,0
DIW0118,0,0,0,0,0,0,5,5,3,1,1,0,3,3,1,1,1,0,0,0,0,0,0,0,0,0,0,0,0,0,5,5,3,1,1,0,3,3,1,1,1,0,0,0,0,0,0,0,0,0,0,0,0,0,11,11,4.25,1,1,0,10,10,3,1,1,0,0,0,0,0,0,0,0,0,0,0,0,0,3,2,0.75,1,0,0,2,1.5,0.75,1,0.5,0,0,0,0,0,0,0,0,0,0,0,0,0,1,1,0,1,1,0,2,1,0.75,1,0,0,0,0,1,0,0,1,0
USH0199,0,0,0,0,0,0,3,3,3,1,1,1,2,2,2,1,1,1,0,0,0,0,0,0,0,0,0,0,0,0,2,2,2,1,1,1,2,2,2,1,1,1,0,0,0,0,0,0,0,0,0,0,0,0,9,9,9,2,2,2,6,6,6,1,1,1,0,0,0,0,0,0,0,0,0,0,0,0,2,1,1,1,0,0,0,0,0,0,0,0,0,0,0,0,0,0,0,0,0,0,0,0,1,1,1,1,1,1,1,0,0,1,0,0,0,0,0,0,0,0,0
FKK0055,0,0,0,0,0,0,2,2,2,1,1,1,3,3,3,1,1,1,0,0,0,0,0,0,0,0,0,0,0,0,2,2,2,1,1,1,3,3,3,1,1,1,0,0,0,0,0,0,0,0,0,0,0,0,9,9,9,4,4,4,11,11,11,2,2,2,0,0,0,0,0,0,0,0,0,0,0,0,3,1,1,1,0,0,2,1,1,1,0,0,0,0,0,0,0,0,0,0,0,0,0,0,1,1,0,1,1,0,2,1,1,1,0,0,0,0,1,0,0,1,0
TAP0551,1,1,1,1,1,1,0,0,2,0,0,1,0,0,2,0,0,1,0,0,0,0,0,0,1,1,1,1,1,1,0,0,2,0,0,1,0,0,2,0,0,1,0,0,0,0,0,0,10,10,10,10,10,10,0,0,7.75,0,0,1,0,0,8,0,0,1.75,0,0,0,0,0,0,1,1,0.25,1,1,0.25,2,0,1,1,0,0,2,1,0,1,0,0,1,1,0.25,1,1,0.25,1,1,0.25,1,1,0.25,1,1,0,1,1,0,2,1,1,1,0,0,2,1,0.25,1,0,0,1
HMM0108,0,0,0,0,0,0,2,2,0,1,1,0,3,3,1,1,1,0,1,1,1,1,1,1,0,0,0,0,0,0,2,2,0.5,1,1,0,3,3,1,1,1,0,1,1,1,1,1,1,0,0,0,0,0,0,10,10,3.5,2,2,1,12,12,4.5,8,8,7,2,2,2,1,1,1,0,0,0,0,0,0,2,0,0,1,0,0,2,1,0.5,1,0,0,1,1,0,1,1,0,0,0,0,0,0,0,1,1,0,1,1,0,1,0,0,1,0,0,2,1,1,1,0,0,0
XAA0104,0,0,0,0,0,0,2,0,3.5,1,0,0,2,0,2.5,1,0,0.5,0,0,0,0,0,0,0,0,0,0,0,0,2,0,3.5,1,0,0,2,0,3,1,0,0.5,0,0,0,0,0,0,0,0,0,0,0,0,15,10,2,4,3,1.5,13,6,1,1,0,0,0,0,0,0,0,0,0,0,0,0,0,0,2,1,0,1,0,0,1,1,0,1,1,0,0,0,0,0,0,0,0,0,0,0,0,0,0,0,0,0,0,0,1,0,0,1,0,0,0,0,0.5,0,0,0.5,0
JTS0389,0,0,0,0,0,0,2,2,2,1,1,1,2,2,2,1,1,1,0,0,0,0,0,0,0,0,0,0,0,0,2,2,2,1,1,1,2,2,2,1,1,1,0,0,0,0,0,0,0,0,0,0,0,0,10,10,10,1,1,1,9,9,9,2,2,2,0,0,0,0,0,0,0,0,0,0,0,0,2,0,0,1,0,0,1,0,0,1,0,0,0,0,0,0,0,0,0,0,0,0,0,0,1,1,0,1,1,0,2,1,1,1,0,0,0,0,1,0,0,1,0
KMW0545,0,0,0,0,0,0,2,2,0,1,1,0,2,2,0,1,1,0,0,0,0,0,0,0,0,0,0,0,0,0,2,2,0,1,1,0,2,2,0,1,1,0,1,1,1,1,1,1,0,0,0,0,0,0,10,10,2.25,3,3,2,10,10,2,5,5,3.25,0,0,0,0,0,0,0,0,0.75,0,0,0.75,2,0,1,1,0,0,1,0,1,1,0,0,0,0,0.75,0,0,0.75,0,0,0.75,0,0,0.75,0,0,1,0,0,1,1,0,0,1,0,0,1,0,0.75,1,0,0,0
PSF0133,0,0,0,0,0,0,4,4,4,1,1,1,5,5,5,1,1,1,1,1,1,1,1,1,0,0,0,0,0,0,4,4,4,1,1,1,5,5,5,1,1,1,1,1,1,1,1,1,0,0,0,0,0,0,5,5,5,1,1,1,5,5,5,2,2,2,2,2,2,2,2,2,0,0,0,0,0,0,1,0,1,1,0,0,0,0,1,0,0,1,0,0,0,0,0,0,0,0,0,0,0,0,0,0,1,0,0,1,1,0,0,1,0,0,1,0,0,1,0,0,1
CCL0068,0,0,0,0,0,0,6,6,3,1,1,0,5,5,2,1,1,0,0,0,1,0,0,1,0,0,0,0,0,0,6,6,3,1,1,0,5,5,2,1,1,0,1,1,0,1,1,0,0,0,0,0,0,0,9,9,1,1,1,0,7,7,3,1,1,0,0,0,0,0,0,0,0,0,0,0,0,0,1,1,1,1,0,0,0,0,2,0,0,1,0,0,1,0,0,1,0,0,0,0,0,0,0,0,1,0,0,1,1,0,0,1,0,0,1,0,0,1,0,0,1
RNP0211,0,0,0,0,0,0,4,4,4,1,1,1,6,6,6,2,2,2,0,0,0,0,0,0,0,0,0,0,0,0,4,4,4,1,1,1,6,6,6,2,2,2,0,0,0,0,0,0,0,0,0,0,0,0,15,15,15,3,3,3,14,14,14,3,3,3,0,0,0,0,0,0,0,0,0,0,0,0,2,1,0.5,1,0,0,1,1,0.5,1,1,0,0,0,0,0,0,0,0,0,0,0,0,0,0,0,1,0,0,1,1,0,0.5,1,0,0,0,0,0,0,0,0,0
LDG0459,0,0,0,0,0,0,2,2,2,1,1,1,3,3,3,1,1,1,2,2,2,2,2,2,0,0,0,0,0,0,2,2,2,1,1,1,3,3,3,1,1,1,2,2,2,1,1,1,0,0,0,0,0,0,9,9,9,2,2,2,14,14,14,2,2,2,6,6,6,1,1,1,0,0,0,0,0,0,3,2,1,1,0,0,2,2,1,1,1,0,0,0,0,0,0,0,0,0,0,0,0,0,1,1,0,1,1,0,2,1,1,1,0,0,2,1,1,1,0,0,0
BMG0917,0,0,0,0,0,0,9,9,7,3,3,2,9,9,7,5,5,4,6,6,6,1,1,1,0,0,0,0,0,0,9,9,7,3,3,2,9,9,7,5,5,4,6,6,6,2,2,2,0,0,0,0,0,0,24,24,16.25,4,4,3,27,27,19,10,10,8.25,15,15,15,3,3,3,1,1,0.25,1,1,0.25,2,0,1,1,0,0,1,0,1,1,0,0,1,1,0.25,1,1,0.25,1,1,0.25,1,1,0.25,1,1,0,1,1,0,0,1,1,0,1,1,2,1,0.25,1,0,0,0
PNH0761,0,0,0,0,0,0,2,2,2,1,1,1,2,2,2,1,1,1,1,1,1,1,1,1,0,0,0,0,0,0,2,2,2,1,1,1,2,2,2,1,1,1,1,1,1,1,1,1,0,0,0,0,0,0,27,27,27,21,21,21,27,27,27,23,23,23,2,2,2,2,2,2,1,1,1,1,1,1,2,1,0,1,0,0,1,1,0,1,1,0,1,1,1,1,1,1,1,1,1,1,1,1,1,1,0,1,1,0,2,1,1,1,0,0,1,0,0,1,0,0,0
MLL0598,0,0,0,0,0,0,8,8,8,3,3,3,9,9,9,5,5,5,4,4,4,1,1,1,0,0,0,0,0,0,8,8,8,3,3,3,9,9,9,5,5,5,4,4,4,1,1,1,0,0,0,0,0,0,4,4,4,1,1,1,6,6,6,1,1,1,3,3,3,1,1,1,0,0,0,0,0,0,1,0,1,1,0,0,0,0,1,0,0,1,0,0,0,0,0,0,0,0,0,0,0,0,0,0,1,0,0,1,0,1,1,0,1,1,1,0,0,1,0,0,0
BTL0226,2,2,2,2,2,2,1,1,1,1,1,0,0,0,2,0,0,1,1,1,1,1,1,1,2,2,2,2,2,2,1,1,1,1,1,0,0,0,2,0,0,1,1,1,1,1,1,1,1,1,1,1,1,1,0,0,7.75,0,0,1,0,0,8,0,0,1.75,0,0,0,0,0,0,1,1,0.25,1,1,0.25,3,1,0,1,0,0,2,1,0,1,0,0,1,1,0.25,1,1,0.25,1,1,0.25,1,1,0.25,1,1,0,1,1,0,1,0,0,1,0,0,2,1,0.25,1,0,0,1
SBN0971,0,0,0,0,0,0,2,2,2,1,1,1,2,2,2,1,1,1,0,0,0,0,0,0,0,0,0,0,0,0,2,2,2,1,1,1,2,2,2,1,1,1,0,0,0,0,0,0,0,0,0,0,0,0,11,11,11,2,2,2,10,10,10,1,1,1,0,0,0,0,0,0,0,0,0,0,0,0,1,0,1,1,0,0,0,0,1,0,0,1,0,0,0,0,0,0,0,0,0,0,0,0,0,0,1,0,0,1,1,0,0,1,0,0,0,1,1,0,1,1,0
BVC0790,0,0,0,0,0,0,4,1,0,1,0,0,4,0,0,1,0,0,1,0,0,1,0,0,0,0,0,0,0,0,4,1,0,1,0,0,4,0,0,1,0,0,2,1,0,1,0,0,0,0,0,0,0,0,9,0,1,1,0,0,13,4,0,1,0,0,5,0,6,1,0,0,1,1,0,1,1,0,3,0,0,1,0,0,2,0,0,1,0,0,1,0,0,1,0,0,1,1,0,1,1,0,2,1,1,1,0,0,1,0,1,1,0,0,2,0,0,1,0,0,0
ICH0294,0,0,0,0,0,0,3,3,3,1,1,1,4,4,4,1,1,1,0,0,0,0,0,0,0,0,0,0,0,0,3,3,3,1,1,1,4,4,4,1,1,1,1,1,1,1,1,1,0,0,0,0,0,0,14,14,14,1,1,1,14,14,14,7,7,7,1,1,1,1,1,1,0,0,0,0,0,0,2,1,0,1,0,0,1,1,0,1,1,0,1,1,1,1,1,1,0,0,0,0,0,0,1,1,0,1,1,0,2,1,1,1,0,0,2,1,1,1,0,0,0
DIB0285,0,0,0,0,0,0,3,3,3,1,1,1,5,5,5,1,1,1,1,1,1,1,1,1,0,0,0,0,0,0,3,3,3,1,1,1,4,4,4,1,1,1,1,1,1,1,1,1,0,0,0,0,0,0,5,5,5,1,1,1,6,6,6,1,1,1,0,0,0,0,0,0,0,0,0,0,0,0,1,0,1,1,0,0,0,0,1,0,0,1,0,0,0,0,0,0,0,0,0,0,0,0,0,0,1,0,0,1,0,1,1,0,1,1,1,1,0,1,1,0,1
LCC0819,0,0,0,0,0,0,4,4,2.75,1,1,0,5,5,4.5,1,1,0.75,3,3,3,1,1,1,0,0,0,0,0,0,4,4,2.75,1,1,0,6,6,5.5,1,1,0.75,3,3,2.75,1,1,0.75,0,0,0,0,0,0,5,5,0.75,1,1,0,7,7,5.75,1,1,0.75,5,5,5,1,1,1,0,0,0,0,0,0,1,0,1,1,0,0,0,0,1,0,0,1,0,0,1,0,0,1,0,0,0,0,0,0,0,0,1,0,0,1,0,1,1,0,1,1,1,0,0.25,1,0,0,1
MPM0220,4,4,3,1,1,0.75,11,11,10,5,5,4.75,10,10,9.25,4,4,3.75,7,7,4.5,1,1,0,4,4,3,1,1,0.75,11,11,10.25,5,5,4.75,10,10,9.25,4,4,3.75,7,7,4.5,1,1,0,18,18,14,4,4,3.75,33,33,29.5,13,13,12.75,34,34,31,14,14,13.75,20,20,13.5,9,9,6.75,4,0,1,1,0,0,4,0,1,1,0,0,3,0,0,1,0,0,5,0,0,1,0,0,4,0,1,1,0,0,2,1,1.25,1,0,0,4,1,0,1,0,0,5,0,0,1,0,0,1
JDB0169,0,0,0,0,0,0,9,9,7,4,4,3,9,9,9,3,3,3,0,0,0,0,0,0,0,0,0,0,0,0,9,9,7,4,4,3,9,9,9,4,4,4,0,0,0,0,0,0,0,0,0,0,0,0,27,27,23,10,10,9,27,27,27,7,7,7,0,0,0,0,0,0,0,0,0,0,0,0,2,1,0,1,0,0,1,1,0,1,1,0,0,0,0,0,0,0,0,0,0,0,0,0,0,0,1,0,0,1,1,0,1,1,0,0,0,0,0,0,0,0,0
MDH0580,0,0,0,0,0,0,5,5,5,1,1,1,4,4,4,1,1,1,2,2,2,1,1,1,0,0,0,0,0,0,5,5,5,1,1,1,4,4,4,1,1,1,2,2,2,1,1,1,0,0,0,0,0,0,5,5,5,1,1,1,6,6,6,1,1,1,3,3,3,1,1,1,0,0,0,0,0,0,1,0,1,1,0,0,0,0,1,0,0,1,0,0,0,0,0,0,0,0,0,0,0,0,0,0,1,0,0,1,0,1,1,0,1,1,1,0,0,1,0,0,1
WXH0872,0,0,0,0,0,0,4,4,2,1,1,0,4,4,4,1,1,1,2,2,2,1,1,1,0,0,0,0,0,0,4,4,2,1,1,0,4,4,4,1,1,1,2,2,2,1,1,1,0,0,0,0,0,0,7,7,3,1,1,0,9,9,9,1,1,1,4,4,4,1,1,1,1,1,1,1,1,1,2,1,0,1,0,0,1,1,0,1,1,0,1,1,1,1,1,1,1,1,1,1,1,1,2,2,1,1,1,0,2,1,0,1,0,0,1,1,1,1,1,1,0
GCL0016,0,0,0,0,0,0,3,3,3,1,1,1,2,2,2,1,1,1,0,0,0,0,0,0,0,0,0,0,0,0,3,3,3,1,1,1,2,2,2,1,1,1,1,1,1,1,1,1,0,0,0,0,0,0,10,10,10,1,1,1,6,6,6,2,2,2,3,3,3,1,1,1,0,0,0,0,0,0,3,2,1,1,0,0,2,2,1,1,1,0,0,0,0,0,0,0,0,0,0,0,0,0,1,1,0,1,1,0,2,1,1,1,0,0,2,2,1,1,1,0,0
DAL0673,0,0,0,0,0,0,3,3,1,1,1,0,3,3,1,1,1,0,0,0,0,0,0,0,0,0,0,0,0,0,3,3,1,1,1,0,3,3,1,1,1,0,0,0,0,0,0,0,0,0,0,0,0,0,8,8,0.25,1,1,0,8,8,0,1,1,0.75,0,0,0,0,0,0,0,0,0.75,0,0,0.75,3,1,0,1,0,0,2,1,0,1,0,0,0,0,0.75,0,0,0.75,0,0,0.75,0,0,0.75,1,1,0,1,1,0,2,1,1,1,0,0,0,1,1.75,0,1,1,0
CEJ0109,0,0,0,0,0,0,4,4,4,1,1,1,5,5,5,1,1,1,1,1,1,1,1,1,0,0,0,0,0,0,4,4,4,1,1,1,5,5,5,1,1,1,1,1,1,1,1,1,0,0,0,0,0,0,5,5,5,1,1,1,7,7,7,1,1,1,2,2,2,1,1,1,0,0,0,0,0,0,1,0,1,1,0,0,0,0,1,0,0,1,0,0,0.5,0,0,0.5,0,0,0,0,0,0,0,0,1,0,0,1,0,1,1.5,0,1,1,1,1,0,1,1,0,1
BAL0044,5,5,4,1,1,0.75,4,4,3,1,1,0.75,3,3,2.25,1,1,0.75,5,5,2.5,1,1,0,5,5,4,1,1,0.75,4,4,3.25,1,1,0.75,3,3,2.25,1,1,0.75,5,5,2.5,1,1,0,26,26,22,2,2,1.75,15,15,11.5,1,1,0.75,14,14,11,3,3,2.75,22,22,15.5,4,4,1.75,5,1,0,1,0,0,5,1,0,2,1,1,3,0,0,1,0,0,5,0,0,1,0,0,5,1,0,1,0,0,4,1,0.75,1,0,0,3,0,1,1,0,0,5,0,0,1,0,0,0
IUB0565,0,0,0,0,0,0,4,4,4,1,1,1,6,6,6,1,1,1,0,0,0,0,0,0,0,0,0,0,0,0,4,4,4,1,1,1,6,6,6,1,1,1,0,0,0,0,0,0,0,0,0,0,0,0,5,5,5,1,1,1,6,6,6,2,2,2,0,0,0,0,0,0,0,0,0,0,0,0,1,0,1,1,0,0,0,0,1,0,0,1,0,0,0,0,0,0,0,0,0,0,0,0,0,0,0,0,0,0,1,0,0,1,0,0,1,0,0,1,0,0,1
AMR0318,0,0,0,0,0,0,3,3,1,1,1,0,2,2,2,1,1,1,1,1,1,1,1,1,0,0,0,0,0,0,2,2,0,1,1,0,2,2,2,1,1,1,1,1,1,1,1,1,0,0,0,0,0,0,9,9,5,1,1,0,7,7,7,1,1,1,0,0,0,0,0,0,1,1,1,1,1,1,2,1,0,1,0,0,2,2,1,1,1,0,1,1,1,1,1,1,1,1,1,1,1,1,1,1,0,1,1,0,2,1,0,1,0,0,1,1,1,1,1,1,0
CAB0614,0,0,0,0,0,0,3,3,1,1,1,0,4,4,4,1,1,1,0,0,0,0,0,0,0,0,0,0,0,0,3,3,1,1,1,0,4,4,4,1,1,1,0,0,0,0,0,0,0,0,0,0,0,0,11,11,7,3,3,2,10,10,10,1,1,1,0,0,0,0,0,0,0,0,0,0,0,0,3,2,1,1,0,0,2,2,1,1,1,0,0,0,0,0,0,0,0,0,0,0,0,0,2,2,1,1,1,0,2,1,0,1,0,0,0,0,0,0,0,0,0
EHD0584,1,1,1,1,1,1,0,0,0,0,0,0,0,0,0,0,0,0,1,1,1,1,1,1,1,1,1,1,1,1,0,0,0,0,0,0,0,0,0,0,0,0,1,1,1,1,1,1,7,7,7,1,1,1,0,0,0,0,0,0,0,0,0,0,0,0,0,0,0,0,0,0,1,1,1,1,1,1,2,1,0,1,0,0,2,2,1,1,1,0,1,1,1,1,1,1,1,1,1,1,1,1,1,1,0,1,1,0,1,0,0,1,0,0,2,1,1,1,0,0,1
SNC0187,0,0,0,0,0,0,3,3,3,1,1,1,2,2,2,1,1,1,1,1,1,1,1,1,0,0,0,0,0,0,2,2,2,1,1,1,2,2,2,1,1,1,1,1,1,1,1,1,0,0,0,0,0,0,27,27,27,22,22,22,27,27,27,27,27,27,19,19,19,2,2,2,0,0,0,0,0,0,1,0,1,1,0,0,0,0,1,0,0,1,0,0,0,0,0,0,0,0,0,0,0,0,0,0,1,0,0,1,0,1,1,0,1,1,1,0,0,1,0,0,0
IBB0359,4,4,3,1,1,0.75,11,11,10,5,5,4.75,12,12,11.25,5,5,4.75,7,7,4.5,1,1,0,4,4,3,1,1,0.75,11,11,10.25,5,5,4.75,12,12,11.25,5,5,4.75,7,7,4.5,1,1,0,22,22,18,8,8,7.75,19,19,15.5,1,1,0.75,13,13,10,1,1,0.75,21,21,14.5,3,3,0.75,5,1,0,1,0,0,5,1,0,1,0,0,4,1,1,1,0,0,5,0,0,1,0,0,5,1,0,1,0,0,4,1,0.75,1,0,0,4,1,0,1,0,0,5,0,0,1,0,0,0
AJD0074,0,0,0,0,0,0,2,2,2,1,1,1,3,3,3,1,1,1,0,0,0,0,0,0,0,0,0,0,0,0,2,2,2,1,1,1,3,3,3,1,1,1,0,0,0,0,0,0,0,0,0,0,0,0,11,11,11,1,1,1,11,11,11,6,6,6,0,0,0,0,0,0,0,0,0,0,0,0,3,2,1,1,0,0,2,2,1,1,1,0,0,0,0,0,0,0,0,0,0,0,0,0,1,1,0,1,1,0,2,1,1,1,0,0,0,0,1,0,0,1,0
QJR0688,0,0,0,0,0,0,3,3,1.75,1,1,0,3,3,2.5,1,1,0.75,3,3,3,1,1,1,0,0,0,0,0,0,3,3,1.75,1,1,0,3,3,2.5,1,1,0.75,3,3,2.75,1,1,0.75,0,0,0,0,0,0,11,11,5.25,1,1,0,11,11,9.75,1,1,0.75,7,7,7,1,1,1,0,0,0,0,0,0,2,1,0,1,0,0,2,2,1,1,1,0,1,1,0,1,1,0,0,0,0,0,0,0,1,1,0,1,1,0,2,1,1,1,0,0,2,1,0.75,1,0,0,0
RDT0424,0,0,0,0,0,0,3,3,1.5,1,1,0,3,3,1.5,1,1,0.5,0,0,0,0,0,0,0,0,0,0,0,0,3,3,1.5,1,1,0,3,3,1.5,1,1,0.5,1,1,1,1,1,1,0,0,0,0,0,0,10,10,6.5,1,1,0.5,10,10,6,1,1,0.5,0,0,0,0,0,0,0,0,0,0,0,0,3,2,1.5,1,0,0,2,2,2,1,1,1,1,1,1,1,1,1,0,0,0,0,0,0,1,1,0,1,1,0,2,1,1,1,0,0,2,1,1,1,0,0,0
RLG0856,0,0,0,0,0,0,2,2,0,1,1,0,4,4,4,1,1,1,2,2,2,1,1,1,0,0,0,0,0,0,2,2,0,1,1,0,4,4,4,1,1,1,2,2,2,1,1,1,0,0,0,0,0,0,9,9,5,1,1,0,7,7,7,1,1,1,6,6,6,2,2,2,1,1,1,1,1,1,2,1,0,1,0,0,1,1,0,1,1,0,1,1,1,1,1,1,1,1,1,1,1,1,1,1,0,1,1,0,1,0,1,1,0,0,1,1,1,1,1,1,0
MOS0047,4,4,3,1,1,0.75,6,6,5,1,1,0.75,8,8,7.25,1,1,0.75,5,5,2.5,1,1,0,4,4,3,1,1,0.75,6,6,5.25,1,1,0.75,8,8,7.25,1,1,0.75,5,5,2.5,1,1,0,18,18,14,8,8,7.75,17,17,13.5,1,1,0.75,13,13,10,1,1,0.75,26,26,19.5,3,3,0.75,4,0,1,1,0,0,5,1,0,2,1,1,3,0,0,1,0,0,5,0,0,1,0,0,4,0,1,1,0,0,3,0,0.25,1,0,0,3,0,1,1,0,0,5,0,0,1,0,0,1
RSM0277,0,0,0,0,0,0,3,3,1.5,1,1,0,3,3,1.5,1,1,0.5,0,0,0,0,0,0,0,0,0,0,0,0,3,3,1.5,1,1,0,3,3,1.5,1,1,0.5,0,0,0,0,0,0,0,0,0,0,0,0,7,7,3.5,1,1,0.5,10,10,6,1,1,0.5,0,0,0,0,0,0,0,0,0,0,0,0,3,2,1.5,2,1,1,2,2,2,1,1,1,0,0,0,0,0,0,0,0,0,0,0,0,1,1,0,1,1,0,2,1,1,1,0,0,0,1,1,0,1,1,0
IIW0249,0,0,0,0,0,0,9,9,7,4,4,3,9,9,7,5,5,4,5,5,5,1,1,1,0,0,0,0,0,0,9,9,7.5,4,4,3,10,10,8,5,5,4,5,5,5,1,1,1,0,0,0,0,0,0,5,5,1.5,1,1,0,8,8,0.5,1,1,0,3,3,3,1,1,1,1,1,1,1,1,1,2,0,0,1,0,0,1,0,0.5,1,0,0,1,1,0,1,1,0,1,1,1,1,1,1,1,1,0,1,1,0,2,1,1,1,0,0,1,0,0,1,0,0,0
HVF0067,0,0,0,0,0,0,4,4,4,1,1,1,4,4,4,1,1,1,0,0,0,0,0,0,0,0,0,0,0,0,4,4,4,1,1,1,4,4,4,1,1,1,1,1,1,1,1,1,0,0,0,0,0,0,13,13,13,1,1,1,13,13,13,3,3,3,1,1,1,1,1,1,0,0,0,0,0,0,2,1,0,1,0,0,2,2,1,1,1,0,1,1,1,1,1,1,0,0,0,0,0,0,1,1,1,1,1,1,2,1,1,1,0,0,2,1,1,1,0,0,0
HWW0436,0,0,0,0,0,0,3,3,3,1,1,1,4,4,4,1,1,1,2,2,2,1,1,1,0,0,0,0,0,0,3,3,3,1,1,1,4,4,4,1,1,1,2,2,2,1,1,1,0,0,0,0,0,0,10,10,10,1,1,1,11,11,11,2,2,2,7,7,7,1,1,1,1,1,1,1,1,1,3,2,1,1,0,0,2,2,1,1,1,0,1,1,0.5,1,1,0.5,1,1,1,1,1,1,2,2,1,1,1,0,2,1,0.5,1,0,0,1,1,0,1,1,0,0
MVB0515,0,0,0,0,0,0,3,3,3,1,1,1,3,3,3,1,1,1,0,0,0,0,0,0,0,0,0,0,0,0,3,3,3,1,1,1,3,3,3,1,1,1,0,0,0,0,0,0,0,0,0,0,0,0,14,14,14,2,2,2,15,15,15,8,8,8,0,0,0,0,0,0,0,0,0,0,0,0,2,1,0,1,0,0,3,3,2,1,1,0,0,0,0,0,0,0,0,0,0,0,0,0,1,1,0,1,1,0,3,2,2,1,0,0,0,1,1,0,1,1,0
IJM0444,0,0,0,0,0,0,3,3,3,1,1,1,3,3,3,1,1,1,0,0,0,0,0,0,0,0,0,0,0,0,3,3,3,1,1,1,3,3,3,1,1,1,0,0,0,0,0,0,0,0,0,0,0,0,16,16,16,8,8,8,15,15,15,6,6,6,0,0,0,0,0,0,1,1,1,1,1,1,3,2,1,1,0,0,2,2,1,1,1,0,1,1,0.5,1,1,0.5,1,1,1,1,1,1,2,2,1,1,1,0,2,1,0.5,1,0,0,0,0,1,0,0,1,0
CIM0271,0,0,0,0,0,0,3,3,0,1,1,0,4,4,1,1,1,0,0,0,1,0,0,1,0,0,0,0,0,0,3,3,0,1,1,0,4,4,1,1,1,0,0,0,1,0,0,1,0,0,0,0,0,0,12,12,4,1,1,0,11,11,1,1,1,0,0,0,0,0,0,0,0,0,0,0,0,0,3,1,1,1,0,0,2,2,0,1,1,0,0,0,1,0,0,1,0,0,0,0,0,0,1,1,0,1,1,0,2,1,1,1,0,0,0,1,1,0,1,1,0
KCO0122,0,0,0,0,0,0,3,3,0.5,1,1,0,4,4,0.5,1,1,0,4,4,0.5,1,1,0,0,0,0,0,0,0,3,3,0.5,1,1,0,4,4,0.5,1,1,0,4,4,0.5,1,1,0,0,0,0,0,0,0,9,9,4,1,1,0,13,13,6.5,1,1,0,11,11,6.5,1,1,0,1,1,1,1,1,1,3,1,1,1,0,0,2,1,0,1,0,0,2,2,1,1,1,0,1,1,1,1,1,1,1,1,0,1,1,0,1,1,0,1,1,0,2,1,0,1,0,0,0
NAF0326,0,0,0,0,0,0,4,4,2,1,1,0,5,5,5,1,1,1,0,0,0,0,0,0,0,0,0,0,0,0,4,4,2,1,1,0,5,5,5,1,1,1,0,0,0,0,0,0,0,0,0,0,0,0,14,14,10,2,2,1,14,14,14,2,2,2,0,0,0,0,0,0,0,0,0,0,0,0,4,3,2,1,0,0,2,2,1,1,1,0,0,0,0,0,0,0,0,0,0,0,0,0,2,2,1,1,1,0,3,2,1,1,0,0,0,0,0,0,0,0,0
KLH0596,0,0,0,0,0,0,0,0,0,0,0,0,0,0,0,0,0,0,9,9,9,9,9,9,0,0,0,0,0,0,0,0,0,0,0,0,0,0,0,0,0,0,9,9,9,9,9,9,0,0,0,0,0,0,0,0,0,0,0,0,0,0,0,0,0,0,27,27,27,27,27,27,0,0,0,0,0,0,1,0,1,1,0,0,0,0,1,0,0,1,1,1,1,1,1,1,1,1,1,1,1,1,1,1,0,1,1,0,0,1,1,0,1,1,1,0,0,1,0,0,1
RMW0542,0,0,0,0,0,0,6,6,6,1,1,1,6,6,6,1,1,1,0,0,0,0,0,0,0,0,0,0,0,0,5,5,5,1,1,1,6,6,6,1,1,1,1,1,1,1,1,1,0,0,0,0,0,0,6,6,6,1,1,1,5,5,5,1,1,1,0,0,0,0,0,0,0,0,0,0,0,0,1,0,1,1,0,0,0,0,1,0,0,1,0,0,0,0,0,0,0,0,0,0,0,0,0,0,0,0,0,0,1,0,0,1,0,0,1,1,0,1,1,0,1
JHP0583,0,0,0,0,0,0,4,4,4,1,1,1,4,4,4,1,1,1,2,2,2,1,1,1,0,0,0,0,0,0,4,4,4,1,1,1,4,4,4,1,1,1,2,2,2,1,1,1,0,0,0,0,0,0,10,10,10,1,1,1,12,12,12,1,1,1,7,7,7,1,1,1,1,1,1,1,1,1,3,2,1,1,0,0,2,2,1,1,1,0,2,2,2,1,1,1,1,1,1,1,1,1,1,1,0,1,1,0,1,0,0,1,0,0,3,2,2,1,0,0,0
QRM0739,0,0,0,0,0,0,9,9,7,4,4,3,9,9,9,5,5,5,0,0,0,0,0,0,0,0,0,0,0,0,9,9,7,4,4,3,9,9,9,5,5,5,0,0,0,0,0,0,0,0,0,0,0,0,27,27,23,9,9,8,27,27,27,10,10,10,0,0,0,0,0,0,0,0,0,0,0,0,2,1,0,1,0,0,1,1,0,1,1,0,0,0,0,0,0,0,0,0,0,0,0,0,1,1,0,1,1,0,2,1,0,1,0,0,0,0,0,0,0,0,0
ESH0283,0,0,0,0,0,0,2,2,0,1,1,0,3,3,1,1,1,0,2,2,2,2,2,2,0,0,0,0,0,0,1,1,0.5,1,1,0,3,3,1,1,1,0,2,2,2,1,1,1,0,0,0,0,0,0,27,27,20.5,27,27,26,27,27,19.5,27,27,26,27,27,27,27,27,27,0,0,0,0,0,0,2,0,0,1,0,0,1,0,0.5,1,0,0,1,1,0,1,1,0,0,0,0,0,0,0,1,1,0,1,1,0,1,0,0,1,0,0,2,1,1,1,0,0,0
WBC0192,0,0,0,0,0,0,3,3,1,1,1,0,2,2,0,1,1,0,0,0,0,0,0,0,0,0,0,0,0,0,3,3,1,1,1,0,2,2,0,1,1,0,0,0,0,0,0,0,0,0,0,0,0,0,11,11,4.25,3,3,2,11,11,4,3,3,2,0,0,0,0,0,0,0,0,0,0,0,0,3,2,0.75,1,0,0,2,1.5,0.75,1,0.5,0,0,0,0,0,0,0,0,0,0,0,0,0,1,1,0,1,1,0,2,1,0.75,1,0,0,0,0,1,0,0,1,0
VSA0230,0,0,0,0,0,0,2,2,2,1,1,1,2,2,2,1,1,1,1,1,1,1,1,1,0,0,0,0,0,0,2,2,2,1,1,1,2,2,2,1,1,1,1,1,1,1,1,1,0,0,0,0,0,0,9,9,9,5,5,5,10,10,10,3,3,3,6,6,6,1,1,1,0,0,0,0,0,0,3,2,1,1,0,0,2,2,1,1,1,0,1,1,1,1,1,1,0,0,0,0,0,0,1,1,1,1,1,1,1,0,0,1,0,0,2,2,1,1,1,0,0
BRS0734,0,0,0,0,0,0,3,3,1,1,1,0,4,4,4,1,1,1,0,0,0,0,0,0,0,0,0,0,0,0,2,2,0,1,1,0,4,4,4,1,1,1,0,0,0,0,0,0,0,0,0,0,0,0,27,27,23,27,27,26,27,27,27,27,27,27,0,0,0,0,0,0,0,0,0,0,0,0,1,0,1,1,0,0,0,0,1,0,0,1,0,0,0,0,0,0,0,0,0,0,0,0,0,0,1,0,0,1,1,0,1,1,0,0,0,0,0,0,0,0,0
NKP0236,0,0,0,0,0,0,2,2,0.75,1,1,0,2,2,1.5,1,1,0.75,0,0,0,0,0,0,0,0,0,0,0,0,2,2,0.75,1,1,0,2,2,1.5,1,1,0.75,0,0,0.25,0,0,0.25,0,0,0,0,0,0,11,11,5.25,1,1,0,8,8,6.75,3,3,2.75,0,0,0,0,0,0,1,1,1,1,1,1,1,0,1,1,0,0,0,0,1,0,0,1,1,1,0,1,1,0,1,1,1,1,1,1,1,1,0,1,1,0,1,0,0,1,0,0,2,1,0.75,1,0,0,0
IBB0696,0,0,0,0,0,0,3,3,3,1,1,1,4,4,4,1,1,1,0,0,0,0,0,0,0,0,0,0,0,0,3,3,3,1,1,1,4,4,4,1,1,1,0,0,0,0,0,0,0,0,0,0,0,0,8,8,8,1,1,1,10,10,10,1,1,1,0,0,0,0,0,0,0,0,0,0,0,0,3,2,1,1,0,0,2,2,1,1,1,0,0,0,0,0,0,0,0,0,0,0,0,0,1,1,0,1,1,0,2,1,1,1,0,0,0,1,1,0,1,1,0
ABC0174,0,0,0,0,0,0,7,7,5,1,1,0,5,5,5,1,1,1,0,0,0,0,0,0,0,0,0,0,0,0,7,7,5,1,1,0,5,5,5,1,1,1,0,0,0,0,0,0,0,0,0,0,0,0,7,7,3,1,1,0,7,7,7,1,1,1,0,0,0,0,0,0,0,0,0,0,0,0,2,1,0,1,0,0,1,1,0,1,1,0,0,0,0,0,0,0,0,0,0,0,0,0,0,0,1,0,0,1,1,0,1,1,0,0,0,0,0,0,0,0,1
XWD0923,0,0,0,0,0,0,4,4,4,1,1,1,4,4,4,1,1,1,2,2,2,1,1,1,0,0,0,0,0,0,4,4,4,1,1,1,4,4,4,1,1,1,2,2,2,1,1,1,0,0,0,0,0,0,27,27,27,5,5,5,27,27,27,27,27,27,27,27,27,3,3,3,0,0,0,0,0,0,2,1,0,1,0,0,1,1,0,1,1,0,0,0,0,0,0,0,0,0,0,0,0,0,0,0,0,0,0,0,0,1,1,0,1,1,1,1,0,1,1,0,0
RHO0732,0,0,0,0,0,0,4,4,2,1,1,0,4,4,4,1,1,1,2,2,2,1,1,1,0,0,0,0,0,0,4,4,2,1,1,0,4,4,4,1,1,1,2,2,2,1,1,1,0,0,0,0,0,0,8,8,4,1,1,0,12,12,12,1,1,1,5,5,5,1,1,1,1,1,1,1,1,1,3,2,1,1,0,0,2,2,1,1,1,0,1,1,1,1,1,1,1,1,1,1,1,1,2,2,1,1,1,0,2,1,0,1,0,0,1,1,1,1,1,1,0
JNJ0556,0,0,0,0,0,0,9,9,6,3,3,2,10,10,7,6,6,5,1,1,0,1,1,0,0,0,0,0,0,0,9,9,6,3,3,2,10,10,7,6,6,5,1,1,0,1,1,0,0,0,0,0,0,0,27,27,19,7,7,6,27,27,17,19,19,18,7,7,7,1,1,1,0,0,0,0,0,0,1,1,1,1,0,0,0,0,2,0,0,1,0,0,1,0,0,1,0,0,0,0,0,0,0,0,1,0,0,1,1,0,0,1,0,0,1,0,0,1,0,0,0
AIB0948,0,0,0,0,0,0,9,9,9,4,4,4,9,9,9,5,5,5,0,0,0,0,0,0,0,0,0,0,0,0,9,9,9,4,4,4,9,9,9,5,5,5,0,0,0,0,0,0,0,0,0,0,0,0,11,11,11,2,2,2,9,9,9,2,2,2,0,0,0,0,0,0,0,0,0,0,0,0,4,3,2,2,1,1,2,2,1,1,1,0,0,0,0,0,0,0,0,0,0,0,0,0,2,2,1,1,1,0,3,2,2,1,0,0,0,1,1,0,1,1,0
MCD0125,0,0,0,0,0,0,2,2,0,1,1,0,2,2,0,1,1,0,1,1,1,1,1,1,0,0,0,0,0,0,2,2,0.5,1,1,0,2,2,0,1,1,0,1,1,1,1,1,1,0,0,0,0,0,0,13,13,6.5,5,5,4,16,16,8.5,7,7,6,8,8,8,8,8,8,0,0,0,0,0,0,3,1,1,1,0,0,2,1,0.5,1,0,0,1,1,0,1,1,0,0,0,0,0,0,0,1,1,0,1,1,0,1,0,0,1,0,0,2,1,1,1,0,0,0
EMW0772,0,0,0,0,0,0,1,1,1,1,1,1,2,2,2,1,1,1,0,0,0,0,0,0,0,0,0,0,0,0,1,1,1,1,1,1,2,2,2,1,1,1,0,0,0,0,0,0,0,0,0,0,0,0,5,5,5,2,2,2,8,8,8,1,1,1,0,0,0,0,0,0,0,0,0,0,0,0,2,1,0,1,0,0,1,1,0,1,1,0,0,0,0,0,0,0,0,0,0,0,0,0,1,1,0,1,1,0,2,1,1,1,0,0,0,1,1,0,1,1,0
PDH0716,0,0,0,0,0,0,4,4,4,1,1,1,3,3,3,1,1,1,0,0,0,0,0,0,0,0,0,0,0,0,4,4,4,1,1,1,3,3,3,1,1,1,0,0,0,0,0,0,0,0,0,0,0,0,12,12,12,2,2,2,12,12,12,2,2,2,0,0,0,0,0,0,0,0,0,0,0,0,3,2,1,1,0,0,2,2,1,1,1,0,0,0,0,0,0,0,0,0,0,0,0,0,1,1,0,1,1,0,2,1,1,1,0,0,0,1,1,0,1,1,0
MBJ0312,0,0,0,0,0,0,5,5,3,2,2,1,5,5,5,1,1,1,0,0,0,0,0,0,0,0,0,0,0,0,5,5,3,1,1,0,5,5,5,1,1,1,0,0,0,0,0,0,0,0,0,0,0,0,10,10,6,1,1,0,9,9,9,1,1,1,0,0,0,0,0,0,0,0,0,0,0,0,3,2,1,1,0,0,2,2,1,1,1,0,0,0,0,0,0,0,0,0,0,0,0,0,1,1,0,1,1,0,2,1,0,1,0,0,0,0,0,0,0,0,0
AJH0175,0,0,0,0,0,0,3,3,1,1,1,0,3,3,3,1,1,1,0,0,0,0,0,0,0,0,0,0,0,0,3,3,1,1,1,0,3,3,3,1,1,1,0,0,0,0,0,0,0,0,0,0,0,0,8,8,4,1,1,0,9,9,9,1,1,1,0,0,0,0,0,0,1,1,1,1,1,1,2,1,0,1,0,0,1,1,0,1,1,0,1,1,1,1,1,1,1,1,1,1,1,1,1,1,0,1,1,0,1,0,1,1,0,0,1,1,1,1,1,1,0
KBG0549,0,0,0,0,0,0,2,2,2,1,1,1,2,2,2,1,1,1,0,0,0,0,0,0,0,0,0,0,0,0,2,2,2,1,1,1,2,2,2,1,1,1,1,1,1,1,1,1,0,0,0,0,0,0,9,9,9,1,1,1,12,12,12,4,4,4,1,1,1,1,1,1,0,0,0,0,0,0,3,1,1,1,0,0,2,1,1,1,0,0,0,0,0,0,0,0,0,0,0,0,0,0,1,1,0,1,1,0,2,1,1,1,0,0,2,2,1,1,1,0,0
MPT0376,0,0,0,0,0,0,3,3,3,1,1,1,3,3,3,1,1,1,0,0,0,0,0,0,0,0,0,0,0,0,3,3,3,1,1,1,3,3,3,1,1,1,0,0,0,0,0,0,0,0,0,0,0,0,11,11,11,1,1,1,12,12,12,2,2,2,0,0,0,0,0,0,0,0,0,0,0,0,3,2,1,1,0,0,2,2,1,1,1,0,0,0,0,0,0,0,0,0,0,0,0,0,1,1,1,1,1,1,2,1,1,1,0,0,0,0,1,0,0,1,0
CQH0701,0,0,0,0,0,0,3,3,3,1,1,1,2,2,2,1,1,1,0,0,0,0,0,0,0,0,0,0,0,0,3,3,3,1,1,1,2,2,2,1,1,1,0,0,0,0,0,0,0,0,0,0,0,0,8,8,8,2,2,2,8,8,8,1,1,1,0,0,0,0,0,0,0,0,0,0,0,0,2,1,0,1,0,0,1,1,0,1,1,0,0,0,0,0,0,0,0,0,0,0,0,0,0,0,1,0,0,1,1,0,0,1,0,0,0,1,1,0,1,1,0
HDS0367,4,4,3,1,1,0.75,5,5,4,1,1,0.75,4,4,3.25,1,1,0.75,4,4,1.5,1,1,0,4,4,3,1,1,0.75,5,5,4.25,1,1,0.75,4,4,3.25,1,1,0.75,4,4,1.5,1,1,0,23,23,19,8,8,7.75,14,14,10.5,1,1,0.75,17,17,14,1,1,0.75,24,24,17.5,9,9,6.75,4,0,1,1,0,0,4,0,1,1,0,0,5,2,2,1,0,0,4,1,1,1,0,0,4,0,1,1,0,0,4,1,0.75,1,0,0,4,1,0,1,0,0,4,1,1,1,0,0,0
EGD0132,0,0,0,0,0,0,3,3,3,1,1,1,8,8,8,1,1,1,0,0,0,0,0,0,0,0,0,0,0,0,3,3,3,1,1,1,8,8,8,1,1,1,1,1,1,1,1,1,0,0,0,0,0,0,5,5,5,1,1,1,7,7,7,1,1,1,0,0,0,0,0,0,0,0,0,0,0,0,1,0,1,1,0,0,0,0,1,0,0,1,0,0,0,0,0,0,0,0,0,0,0,0,0,0,1,0,0,1,1,0,0,1,0,0,1,0,0,1,0,0,1
VTT0385,0,0,0,0,0,0,9,9,9,4,4,4,9,9,9,4,4,4,0,0,0,0,0,0,0,0,0,0,0,0,9,9,9,4,4,4,9,9,9,4,4,4,0,0,0,0,0,0,0,0,0,0,0,0,5,5,5,1,1,1,4,4,4,1,1,1,0,0,0,0,0,0,0,0,0,0,0,0,2,0,0,1,0,0,1,0,0,1,0,0,0,0,0,0,0,0,0,0,0,0,0,0,1,1,0,1,1,0,2,1,1,1,0,0,0,0,1,0,0,1,0
TSR0676,0,0,0,0,0,0,4,4,4,1,1,1,3,3,3,1,1,1,0,0,0,0,0,0,0,0,0,0,0,0,4,4,4,1,1,1,3,3,3,1,1,1,0,0,0,0,0,0,0,0,0,0,0,0,7,7,7,1,1,1,9,9,9,1,1,1,0,0,0,0,0,0,0,0,0,0,0,0,2,0,0,1,0,0,1,0,0,1,0,0,0,0,0,0,0,0,0,0,0,0,0,0,0,0,1,0,0,1,1,0,0,1,0,0,0,0,1,0,0,1,0
KCS0173,0,0,0,0,0,0,3,3,1,1,1,0,3,3,3,1,1,1,0,0,0,0,0,0,0,0,0,0,0,0,3,3,1,1,1,0,3,3,3,1,1,1,0,0,0,0,0,0,0,0,0,0,0,0,6,6,2,1,1,0,7,7,7,1,1,1,0,0,0,0,0,0,0,0,0,0,0,0,3,2,1,1,0,0,2,2,1,1,1,0,0,0,0,0,0,0,0,0,0,0,0,0,1,1,0,1,1,0,2,1,0,1,0,0,0,0,0,0,0,0,0
CCA0046,4,4,3,1,1,0.75,4,4,3,1,1,0.75,5,5,4.25,1,1,0.75,5,5,2.5,1,1,0,4,4,3,1,1,0.75,4,4,3.25,1,1,0.75,5,5,4.25,1,1,0.75,5,5,2.5,1,1,0,16,16,12,9,9,8.75,15,15,11.5,1,1,0.75,20,20,17,2,2,1.75,22,22,15.5,7,7,4.75,4,0,1,1,0,0,4,0,1,1,0,0,3,0,0,1,0,0,5,0,0,1,0,0,4,0,1,1,0,0,3,0,0.25,1,0,0,4,1,0,1,0,0,5,0,0,1,0,0,1
PMV0850,0,0,0,0,0,0,3,3,3,1,1,1,3,3,3,1,1,1,2,2,2,1,1,1,0,0,0,0,0,0,3,3,3,1,1,1,3,3,3,1,1,1,2,2,2,1,1,1,0,0,0,0,0,0,8,8,8,1,1,1,9,9,9,1,1,1,8,8,8,1,1,1,0,0,0,0,0,0,2,1,0,1,0,0,2,2,1,1,1,0,1,1,1,1,1,1,0,0,0,0,0,0,1,1,0,1,1,0,1,0,0,1,0,0,2,1,1,1,0,0,0
SGM0021,0,0,0,0,0,0,5,5,5,2,2,2,5,5,5,1,1,1,0,0,0,0,0,0,0,0,0,0,0,0,5,5,5,2,2,2,5,5,5,1,1,1,0,0,0,0,0,0,0,0,0,0,0,0,14,14,14,2,2,2,12,12,12,2,2,2,0,0,0,0,0,0,0,0,0,0,0,0,2,1,0,1,0,0,1,1,0,1,1,0,0,0,0,0,0,0,0,0,0,0,0,0,0,0,1,0,0,1,1,0,0,1,0,0,0,0,1,0,0,1,0
IKR0401,0,0,0,0,0,0,3,3,3,1,1,1,7,7,7,1,1,1,2,2,2,1,1,1,0,0,0,0,0,0,3,3,3,1,1,1,7,7,7,1,1,1,2,2,2,1,1,1,0,0,0,0,0,0,5,5,5,1,1,1,5,5,5,1,1,1,5,5,5,1,1,1,0,0,0,0,0,0,1,0,1,1,0,0,0,0,1,0,0,1,0,0,0,0,0,0,0,0,0,0,0,0,0,0,0,0,0,0,0,1,1,0,1,1,1,0,0,1,0,0,1
FTM0406,8,8,8,8,8,8,1,1,0.5,1,1,0,0,0,1.5,0,0,0.5,8,8,8,8,8,8,8,8,8,8,8,8,1,1,0.5,1,1,0,0,0,1.5,0,0,0.5,8,8,8,8,8,8,0,0,0,0,0,0,0,0,3.5,0,0,0.5,0,0,4,0,0,0.5,20,20,20,20,20,20,1,1,1,1,1,1,1,0,0.5,1,0,0,0,0,0,0,0,0,1,1,1,1,1,1,1,1,1,1,1,1,1,1,0,1,1,0,1,0,0,1,0,0,1,0,0,1,0,0,1
RAR0725,0,0,0,0,0,0,4,4,4,1,1,1,5,5,5,1,1,1,0,0,0,0,0,0,0,0,0,0,0,0,4,4,4,1,1,1,5,5,5,1,1,1,0,0,0,0,0,0,0,0,0,0,0,0,5,5,5,1,1,1,6,6,6,1,1,1,0,0,0,0,0,0,0,0,0,0,0,0,1,0,1,1,0,0,0,0,1,0,0,1,0,0,0,0,0,0,0,0,0,0,0,0,0,0,1,0,0,1,1,0,0,1,0,0,0,1,1,0,1,1,1
MLM0950,0,0,0,0,0,0,4,4,4,1,1,1,4,4,4,1,1,1,1,1,1,1,1,1,0,0,0,0,0,0,4,4,4,1,1,1,4,4,4,1,1,1,1,1,1,1,1,1,0,0,0,0,0,0,13,13,13,1,1,1,15,15,15,2,2,2,2,2,2,2,2,2,1,1,1,1,1,1,3,2,1,1,0,0,2,2,1,1,1,0,1,1,1,1,1,1,1,1,1,1,1,1,1,1,0,1,1,0,2,1,1,1,0,0,1,0,0,1,0,0,0
HPH0075,0,0,0,0,0,0,8,8,5,3,3,2,9,9,6.5,4,4,3,0,0,0,0,0,0,0,0,0,0,0,0,8,8,5,3,3,2,9,9,6.5,4,4,3,0,0,0,0,0,0,0,0,0,0,0,0,26,26,7,7,7,3,27,27,8,17,17,8,0,0,0,0,0,0,0,0,0,0,0,0,2,0,0.5,1,0,0,1,0,0.5,1,0,0,0,0,0,0,0,0,0,0,0,0,0,0,0,0,1,0,0,1,1,0,0.5,1,0,0,0,0,1,0,0,0.5,0
VMJ0546,0,0,0,0,0,0,3,3,1,1,1,0,5,5,3,1,1,0,0,0,0,0,0,0,0,0,0,0,0,0,3,3,1,1,1,0,5,5,3,1,1,0,1,1,1,1,1,1,0,0,0,0,0,0,19,19,11.25,2,2,1,17,17,9,8,8,6.25,5,5,5,3,3,3,0,0,0.75,0,0,0.75,2,0,1,1,0,0,1,0,1,1,0,0,0,0,0.75,0,0,0.75,0,0,0.75,0,0,0.75,0,0,1,0,0,1,1,0,0,1,0,0,1,0,0.75,1,0,0,0
OLW0689,0,0,0,0,0,0,4,4,4,1,1,1,4,4,4,1,1,1,3,3,3,1,1,1,0,0,0,0,0,0,4,4,4,1,1,1,4,4,4,1,1,1,3,3,3,1,1,1,0,0,0,0,0,0,10,10,10,1,1,1,11,11,11,1,1,1,9,9,9,1,1,1,0,0,0,0,0,0,2,1,0,1,0,0,1,1,0,1,1,0,0,0,0,0,0,0,0,0,0,0,0,0,0,0,0,0,0,0,0,1,1,0,1,1,1,0,0,1,0,0,0
HRL0540,0,0,0,0,0,0,9,6,5,2,1,1,10,6,6,4,3,3,9,8,8,2,1,1,0,0,0,0,0,0,9,6,5,2,1,1,10,6,6,4,3,3,9,8,7,2,1,1,0,0,0,0,0,0,10,1,0,1,0,0,9,0,4,1,0,0,11,6,0,1,0,0,0,0,1,0,0,1,2,1,1,1,0,0,2,0,0,1,0,0,1,0,0,1,0,0,0,0,1,0,0,1,0,1,1,0,1,1,1,0,1,1,0,0,2,0,0,1,0,0,0
BIS0247,0,0,0,0,0,0,2,2,0,1,1,0,2,2,0,1,1,0,0,0,0,0,0,0,0,0,0,0,0,0,2,2,0.5,1,1,0,2,2,0,1,1,0,0,0,0,0,0,0,0,0,0,0,0,0,9,9,2.5,1,1,0,12,12,4.5,2,2,1,0,0,0,0,0,0,1,1,1,1,1,1,2,0,0,1,0,0,1,0,0.5,1,0,0,1,1,0,1,1,0,1,1,1,1,1,1,1,1,0,1,1,0,1,0,0,1,0,0,1,0,0,1,0,0,0
PNL0301,0,0,0,0,0,0,3,3,3,1,1,1,7,7,7,1,1,1,0,0,0,0,0,0,0,0,0,0,0,0,3,3,3,1,1,1,7,7,7,2,2,2,1,1,1,1,1,1,0,0,0,0,0,0,5,5,5,1,1,1,8,8,8,2,2,2,0,0,0,0,0,0,0,0,0,0,0,0,1,0,1,1,0,0,0,0,1,0,0,1,0,0,0,0,0,0,0,0,0,0,0,0,0,0,1,0,0,1,1,0,0,1,0,0,1,0,0,1,0,0,1
ANM0123,0,0,0,0,0,0,1,1,1,1,1,1,2,2,2,1,1,1,1,1,1,1,1,1,0,0,0,0,0,0,1,1,1,1,1,1,2,2,2,1,1,1,1,1,1,1,1,1,0,0,0,0,0,0,8,8,8,8,8,8,5,5,5,2,2,2,7,7,7,7,7,7,0,0,0,0,0,0,2,1,0,1,0,0,2,2,1,1,1,0,1,1,1,1,1,1,0,0,0,0,0,0,1,1,0,1,1,0,1,0,0,1,0,0,2,2,1,1,1,0,0
CAS0507,0,0,0,0,0,0,3,3,3,1,1,1,4,4,4,1,1,1,1,1,1,1,1,1,0,0,0,0,0,0,3,3,3,1,1,1,4,4,4,1,1,1,1,1,1,1,1,1,0,0,0,0,0,0,27,27,27,27,27,27,27,27,27,27,27,27,24,24,24,24,24,24,1,1,1,1,1,1,3,2,1,1,0,0,2,2,1,1,1,0,1,1,1,1,1,1,1,1,1,1,1,1,1,1,0,1,1,0,2,1,1,1,0,0,0,1,1,0,1,1,0
JDC0030,0,0,0,0,0,0,2,2,2,1,1,1,2,2,2,1,1,1,1,1,1,1,1,1,0,0,0,0,0,0,2,2,2,1,1,1,2,2,2,1,1,1,1,1,1,1,1,1,0,0,0,0,0,0,12,12,12,1,1,1,11,11,11,1,1,1,7,7,7,1,1,1,0,0,0,0,0,0,2,1,0,1,0,0,2,2,1,1,1,0,1,1,1,1,1,1,0,0,0,0,0,0,1,1,0,1,1,0,1,0,0,1,0,0,2,2,1,1,1,0,0
NWT0098,0,0,0,0,0,0,6,4,0.5,1,0,0,5,3,0.5,1,0,0.5,0,0,0,0,0,0,0,0,0,0,0,0,6,4,0.5,1,0,0,5,3,0,1,0,0.5,0,0,0,0,0,0,0,0,0,0,0,0,5,0,8,1,0,1.5,7,0,5,1,0,0,0,0,0,0,0,0,0,0,0,0,0,0,1,0,1,1,0,0,0,0,1,0,0,1,0,0,0,0,0,0,0,0,0,0,0,0,0,0,0,0,0,0,1,0,0,1,0,0,0,0,0.5,0,0,0.5,1
PAD0773,0,0,0,0,0,0,2,2,2,1,1,1,2,2,2,1,1,1,0,0,0,0,0,0,0,0,0,0,0,0,2,2,2,1,1,1,2,2,2,1,1,1,0,0,0,0,0,0,0,0,0,0,0,0,27,27,27,27,27,27,27,27,27,27,27,27,0,0,0,0,0,0,0,0,0,0,0,0,3,2,1,1,0,0,2,2,1,1,1,0,0,0,0,0,0,0,0,0,0,0,0,0,1,1,0,1,1,0,2,1,1,1,0,0,0,1,1,0,1,1,0
BQS0525,0,0,0,0,0,0,6,6,6,2,2,2,7,7,7,5,5,5,0,0,0,0,0,0,0,0,0,0,0,0,6,6,6,2,2,2,7,7,7,5,5,5,0,0,0,0,0,0,0,0,0,0,0,0,2,2,2,1,1,1,5,5,5,1,1,1,0,0,0,0,0,0,0,0,0,0,0,0,2,1,0,1,0,0,1,1,0,1,1,0,0,0,0,0,0,0,0,0,0,0,0,0,1,1,0,1,1,0,2,1,1,1,0,0,0,1,1,0,1,1,0
BTR0403,0,0,0,0,0,0,3,3,0,1,1,0,3,3,0,1,1,0,1,1,0,1,1,0,0,0,0,0,0,0,3,3,0,1,1,0,3,3,0,1,1,0,2,2,1,1,1,0,0,0,0,0,0,0,8,8,0,1,1,0,12,12,2,1,1,0,7,7,7,1,1,1,0,0,0,0,0,0,3,1,1,1,0,0,2,2,0,1,1,0,2,2,1,1,1,0,0,0,0,0,0,0,1,1,0,1,1,0,1,0,0,1,0,0,3,2,2,1,0,0,0
DLM0051,0,0,0,0,0,0,9,9,9,4,4,4,10,10,10,4,4,4,0,0,0,0,0,0,0,0,0,0,0,0,9,9,9,4,4,4,9,9,9,4,4,4,0,0,0,0,0,0,0,0,0,0,0,0,27,27,27,10,10,10,27,27,27,8,8,8,0,0,0,0,0,0,0,0,0,0,0,0,3,2,0,2,1,1,2,2,0,1,1,0,0,0,0.25,0,0,0.25,0,0,0,0,0,0,1,1,0,1,1,0,2,1,0.75,1,0,0,0,1,1,0,1,1,0
AHM0410,0,0,0,0,0,0,3,3,1.5,1,1,0,3,3,1.5,1,1,0.5,0,0,0,0,0,0,0,0,0,0,0,0,3,3,1.5,1,1,0,3,3,1.5,1,1,0.5,1,1,1,1,1,1,0,0,0,0,0,0,16,16,12.5,2,2,1.5,17,17,13,6,6,5.5,1,1,1,1,1,1,0,0,0,0,0,0,3,2,1.5,1,0,0,2,2,2,1,1,1,1,1,1,1,1,1,0,0,0,0,0,0,1,1,0,1,1,0,2,1,1,1,0,0,2,1,1,1,0,0,0
CHM0821,0,0,0,0,0,0,2,2,2,1,1,1,3,3,3,1,1,1,2,2,2,1,1,1,0,0,0,0,0,0,2,2,2,1,1,1,3,3,3,1,1,1,2,2,2,1,1,1,0,0,0,0,0,0,11,11,11,1,1,1,12,12,12,3,3,3,8,8,8,1,1,1,1,1,1,1,1,1,2,1,0,1,0,0,2,2,1,1,1,0,2,2,2,1,1,1,1,1,1,1,1,1,1,1,0,1,1,0,1,0,0,1,0,0,3,2,2,1,0,0,0
JRG0207,7,7,7,7,7,7,0,0,0,0,0,0,0,0,0,0,0,0,7,7,7,1,1,1,7,7,7,7,7,7,0,0,0,0,0,0,0,0,0,0,0,0,7,7,7,1,1,1,9,9,9,9,9,9,0,0,0,0,0,0,0,0,0,0,0,0,10,10,10,10,10,10,1,1,1,1,1,1,1,0,1.5,1,0,0,1,1,0.5,1,1,0,1,1,1,1,1,1,1,1,1,1,1,1,1,1,0,1,1,0,1,0,0.5,1,0,0,1,1,1,1,1,1,1
AVM0947,0,0,0,0,0,0,10,10,10,4,4,4,10,10,10,4,4,4,0,0,0,0,0,0,0,0,0,0,0,0,10,10,10,4,4,4,9,9,9,5,5,5,0,0,0,0,0,0,0,0,0,0,0,0,24,24,24,12,12,12,26,26,26,9,9,9,0,0,0,0,0,0,0,0,0,0,0,0,2,1,0,1,0,0,1,1,0,1,1,0,0,0,0,0,0,0,0,0,0,0,0,0,1,1,0,1,1,0,2,1,1,1,0,0,0,1,1,0,1,1,0
HSB0196,0,0,0,0,0,0,9,9,9,3,3,3,9,9,9,5,5,5,3,3,3,1,1,1,0,0,0,0,0,0,9,9,9,3,3,3,9,9,9,5,5,5,4,4,4,1,1,1,0,0,0,0,0,0,27,27,27,7,7,7,27,27,27,18,18,18,13,13,13,1,1,1,1,1,1,1,1,1,2,0,1,1,0,0,0,0,2,0,0,1,1,0,0,1,0,0,1,1,1,1,1,1,1,0,0,1,0,0,0,1,1,0,1,1,2,0,0,1,0,0,0
BRM0995,0,0,0,0,0,0,9,9,5.5,2,2,1,10,10,6.5,4,4,3,9,9,5.5,2,2,1,0,0,0,0,0,0,9,9,5.5,2,2,1,10,10,6.5,4,4,3,9,9,5.5,2,2,1,0,0,0,0,0,0,5,5,0,1,1,0,8,8,1.5,1,1,0,5,5,0.5,1,1,0,0,0,0,0,0,0,2,0,0,1,0,0,2,1,0,1,0,0,1,1,0,1,1,0,0,0,0,0,0,0,1,1,0,1,1,0,1,1,0,1,1,0,2,1,0,1,0,0,0
HRB0351,0,0,0,0,0,0,2,2,1,1,1,0,2,2,0.5,1,1,0,0,0,0,0,0,0,0,0,0,0,0,0,2,2,1,1,1,0,2,2,0.5,1,1,0,1,1,1,1,1,1,0,0,0,0,0,0,27,27,8,23,23,19,27,27,8,24,24,15,4,4,4,4,4,4,0,0,0,0,0,0,3,1,0.5,1,0,0,2,1,0.5,1,0,0,0,0,0,0,0,0,0,0,0,0,0,0,1,1,0,1,1,0,2,1,0.5,1,0,0,2,2,1,1,1,0.5,0
PMC0328,0,0,0,0,0,0,4,4,4,1,1,1,4,4,4,1,1,1,1,1,1,1,1,1,0,0,0,0,0,0,4,4,4,1,1,1,4,4,4,1,1,1,1,1,1,1,1,1,0,0,0,0,0,0,7,7,7,1,1,1,9,9,9,1,1,1,2,2,2,1,1,1,0,0,0,0,0,0,2,1,0,1,0,0,1,1,0,1,1,0,0,0,0,0,0,0,0,0,0,0,0,0,0,0,1,0,0,1,0,1,1,0,1,1,1,0,0,1,0,0,0
ILJ0526,0,0,0,0,0,0,3,3,3,1,1,1,3,3,3,1,1,1,0,0,0,0,0,0,0,0,0,0,0,0,2,2,2,1,1,1,3,3,3,1,1,1,0,0,0,0,0,0,0,0,0,0,0,0,11,11,11,2,2,2,13,13,13,2,2,2,0,0,0,0,0,0,0,0,0,0,0,0,3,2,1,1,0,0,3,3,2,1,1,0,0,0,0,0,0,0,0,0,0,0,0,0,2,2,1,1,1,0,3,2,2,1,0,0,0,1,1,0,1,1,0
DFH0188,0,0,0,0,0,0,3,3,3,1,1,1,3,3,3,1,1,1,1,1,1,1,1,1,0,0,0,0,0,0,3,3,3,1,1,1,3,3,3,1,1,1,1,1,1,1,1,1,0,0,0,0,0,0,27,27,27,27,27,27,27,27,27,27,27,27,27,27,27,1,1,1,0,0,0,0,0,0,3,2,1,1,0,0,2,2,1,1,1,0,1,1,1,1,1,1,0,0,0,0,0,0,1,1,0,1,1,0,1,0,0,1,0,0,2,1,1,1,0,0,0
SJO0209,0,0,0,0,0,0,2,2,2,1,1,1,2,2,2,1,1,1,0,0,0,0,0,0,0,0,0,0,0,0,2,2,2,1,1,1,2,2,2,1,1,1,0,0,0,0,0,0,0,0,0,0,0,0,12,12,12,2,2,2,10,10,10,1,1,1,0,0,0,0,0,0,0,0,0,0,0,0,3,2,0.5,1,0,0,2,2,0.5,1,1,0,0,0,0,0,0,0,0,0,0,0,0,0,1,1,0,1,1,0,2,1,0.5,1,0,0,0,0,0,0,0,0,0
NGC0058,0,0,0,0,0,0,2,2,2,1,1,1,2,2,2,1,1,1,2,2,2,1,1,1,0,0,0,0,0,0,2,2,2,1,1,1,2,2,2,1,1,1,2,2,2,1,1,1,0,0,0,0,0,0,9,9,9,1,1,1,9,9,9,1,1,1,6,6,6,1,1,1,0,0,0,0,0,0,2,1,0,1,0,0,2,2,1,1,1,0,1,1,1,1,1,1,0,0,0,0,0,0,1,1,1,1,1,1,2,1,1,1,0,0,3,3,2,1,1,0,0
EDB0714,0,0,0,0,0,0,4,4,4,1,1,1,6,6,6,1,1,1,0,0,0,0,0,0,0,0,0,0,0,0,4,4,4,1,1,1,6,6,6,1,1,1,0,0,0,0,0,0,0,0,0,0,0,0,8,8,8,1,1,1,8,8,8,1,1,1,0,0,0,0,0,0,0,0,0,0,0,0,1,0,1,1,0,0,0,0,1,0,0,1,0,0,0,0,0,0,0,0,0,0,0,0,0,0,1,0,0,1,1,0,0,1,0,0,0,1,1,0,1,1,1
HFB0347,0,0,0,0,0,0,2,2,2,1,1,1,2,2,2,1,1,1,0,0,0,0,0,0,0,0,0,0,0,0,2,2,2,1,1,1,2,2,2,1,1,1,1,1,1,1,1,1,0,0,0,0,0,0,27,27,27,23,23,23,27,27,27,22,22,22,12,12,12,9,9,9,0,0,0,0,0,0,1,0,1,1,0,0,0,0,1,0,0,1,0,0,0,0,0,0,0,0,0,0,0,0,0,0,1,0,0,1,0,1,1,0,1,1,1,0,0,1,0,0,0
TNM0961,0,0,0,0,0,0,5,5,5,1,1,1,4,4,4,1,1,1,0,0,0,0,0,0,0,0,0,0,0,0,5,5,5,1,1,1,4,4,4,1,1,1,0,0,0,0,0,0,0,0,0,0,0,0,6,6,6,1,1,1,5,5,5,1,1,1,0,0,0,0,0,0,0,0,0,0,0,0,3,2,1,2,1,1,2,2,1,1,1,0,0,0,0,0,0,0,0,0,0,0,0,0,1,1,0,1,1,0,2,1,1,1,0,0,0,1,1,0,1,1,1
CQW0652,0,0,0,0,0,0,3,3,3,1,1,1,4,4,4,1,1,1,4,4,4,1,1,1,0,0,0,0,0,0,3,3,3,1,1,1,4,4,4,1,1,1,4,4,4,1,1,1,0,0,0,0,0,0,5,5,5,1,1,1,8,8,8,1,1,1,5,5,5,1,1,1,0,0,0,0,0,0,1,0,1,1,0,0,0,0,1,0,0,1,0,0,0,0,0,0,0,0,0,0,0,0,0,0,1,0,0,1,0,1,1,0,1,1,1,0,0,1,0,0,1
HJS0072,0,0,0,0,0,0,2,2,2,1,1,1,3,3,3,1,1,1,0,0,0,0,0,0,0,0,0,0,0,0,2,2,2,1,1,1,3,3,3,1,1,1,1,1,1,1,1,1,0,0,0,0,0,0,7,7,7,1,1,1,7,7,7,2,2,2,4,4,4,4,4,4,0,0,0,0,0,0,2,1,0,1,0,0,1,1,0,1,1,0,0,0,0,0,0,0,0,0,0,0,0,0,1,1,1,1,1,1,1,0,0,1,0,0,1,0,0,1,0,0,0
XHW0498,0,0,0,0,0,0,4,4,2,1,1,0,5,5,5,1,1,1,0,0,0,0,0,0,0,0,0,0,0,0,4,4,2,1,1,0,5,5,5,1,1,1,0,0,0,0,0,0,0,0,0,0,0,0,6,6,2,1,1,0,5,5,5,1,1,1,0,0,0,0,0,0,0,0,0,0,0,0,1,0,1,1,0,0,0,0,1,0,0,1,0,0,0,0,0,0,0,0,0,0,0,0,0,0,1,0,0,1,1,0,1,1,0,0,0,0,0,0,0,0,1
DIB0081,0,0,0,0,0,0,5,5,3,1,1,0,4,4,2,2,2,1,0,0,0,0,0,0,0,0,0,0,0,0,5,5,3.5,1,1,0,4,4,2,2,2,1,0,0,0,0,0,0,0,0,0,0,0,0,15,15,8.5,2,2,1,16,16,8.5,2,2,1,0,0,0,0,0,0,0,0,0,0,0,0,3,1,1,1,0,0,2,1,0.5,1,0,0,0,0,1,0,0,1,0,0,0,0,0,0,1,1,0,1,1,0,2,1,1,1,0,0,0,1,1,0,1,1,0
BSS0369,4,4,3,1,1,0.75,10,10,9,4,4,3.75,11,11,10.25,4,4,3.75,6,6,3.5,1,1,0,4,4,3,1,1,0.75,10,10,9.25,4,4,3.75,11,11,10.25,5,5,4.75,6,6,3.5,1,1,0,17,17,13,1,1,0.75,17,17,13.5,2,2,1.75,12,12,9,2,2,1.75,20,20,13.5,3,3,0.75,4,0,1,1,0,0,4,0,1,1,0,0,3,0,0,1,0,0,5,0,0,1,0,0,4,0,1,1,0,0,3,0,0.25,1,0,0,4,1,0,1,0,0,5,0,0,1,0,0,1
AAF0535,0,0,0,0,0,0,3,3,3,1,1,1,5,5,5,1,1,1,0,0,0,0,0,0,0,0,0,0,0,0,3,3,3,1,1,1,6,6,6,1,1,1,0,0,0,0,0,0,0,0,0,0,0,0,5,5,5,1,1,1,7,7,7,2,2,2,0,0,0,0,0,0,0,0,0,0,0,0,1,0,1,1,0,0,0,0,1,0,0,1,0,0,0,0,0,0,0,0,0,0,0,0,0,0,1,0,0,1,1,0,0,1,0,0,0,1,1,0,1,1,1
HDH0928,0,0,0,0,0,0,3,3,3,1,1,1,4,4,4,1,1,1,2,2,2,1,1,1,0,0,0,0,0,0,3,3,3,1,1,1,4,4,4,1,1,1,2,2,2,1,1,1,0,0,0,0,0,0,12,12,12,1,1,1,13,13,13,1,1,1,13,13,13,1,1,1,0,0,0,0,0,0,1,0,1,1,0,0,0,0,1,0,0,1,0,0,0,0,0,0,0,0,0,0,0,0,0,0,0,0,0,0,0,1,1,0,1,1,1,1,0,1,1,0,0
HXL0968,0,0,0,0,0,0,5,5,5,1,1,1,4,4,4,1,1,1,0,0,0,0,0,0,0,0,0,0,0,0,4,4,4,1,1,1,4,4,4,1,1,1,0,0,0,0,0,0,0,0,0,0,0,0,7,7,7,1,1,1,8,8,8,1,1,1,0,0,0,0,0,0,0,0,0,0,0,0,1,0,1,1,0,0,0,0,1,0,0,1,0,0,0,0,0,0,0,0,0,0,0,0,0,0,1,0,0,1,1,0,0,1,0,0,0,1,1,0,1,1,1
MOH0273,0,0,0,0,0,0,10,8,4.5,4,3,3,9,7,4.5,4,3,2.5,0,0,0,0,0,0,0,0,0,0,0,0,10,8,4.5,3,2,2,9,7,4,4,3,2.5,0,0,0,0,0,0,0,0,0,0,0,0,27,22,14,9,8,6.5,27,20,15,8,7,7,0,0,0,0,0,0,0,0,0,0,0,0,1,0,1,1,0,0,0,0,1,0,0,1,0,0,0,0,0,0,0,0,0,0,0,0,0,0,0,0,0,0,1,0,0,1,0,0,0,0,0.5,0,0,0.5,0
NMS0280,0,0,0,0,0,0,2,2,2,1,1,1,2,2,2,1,1,1,0,0,0,0,0,0,0,0,0,0,0,0,2,2,2,1,1,1,2,2,2,1,1,1,1,1,1,1,1,1,0,0,0,0,0,0,8,8,8,3,3,3,10,10,10,1,1,1,4,4,4,4,4,4,0,0,0,0,0,0,2,1,0,1,0,0,1,1,0,1,1,0,1,1,1,1,1,1,0,0,0,0,0,0,1,1,0,1,1,0,1,0,0,1,0,0,2,1,1,1,0,0,0
BBS0422,0,0,0,0,0,0,2,2,2,1,1,1,2,2,2,1,1,1,1,1,1,1,1,1,0,0,0,0,0,0,1,1,1,1,1,1,2,2,2,1,1,1,1,1,1,1,1,1,0,0,0,0,0,0,12,12,12,2,2,2,14,14,14,1,1,1,1,1,1,1,1,1,1,1,1,1,1,1,2,1,0,1,0,0,1,1,0,1,1,0,1,1,1,1,1,1,1,1,1,1,1,1,1,1,0,1,1,0,2,1,1,1,0,0,2,2,1,1,1,0,0
AOK0844,0,0,0,0,0,0,3,3,3,1,1,1,4,4,4,1,1,1,2,2,2,1,1,1,0,0,0,0,0,0,3,3,3,1,1,1,4,4,4,1,1,1,2,2,2,1,1,1,0,0,0,0,0,0,14,14,14,1,1,1,11,11,11,1,1,1,8,8,8,1,1,1,1,1,1,1,1,1,2,1,0,1,0,0,2,2,1,1,1,0,2,2,2,1,1,1,1,1,1,1,1,1,1,1,0,1,1,0,1,0,0,1,0,0,2,1,1,1,0,0,0
ESJ0670,0,0,0,0,0,0,3,3,3,1,1,1,2,2,2,1,1,1,0,0,0,0,0,0,0,0,0,0,0,0,3,3,3,1,1,1,2,2,2,1,1,1,0,0,0,0,0,0,0,0,0,0,0,0,27,27,27,22,22,22,27,27,27,23,23,23,0,0,0,0,0,0,0,0,0,0,0,0,2,0,0,1,0,0,1,0,0,1,0,0,0,0,0,0,0,0,0,0,0,0,0,0,1,1,0,1,1,0,2,1,1,1,0,0,0,0,1,0,0,1,0
KRL0501,0,0,0,0,0,0,5,5,3,1,1,0,4,4,4,1,1,1,0,0,0,0,0,0,0,0,0,0,0,0,5,5,3,1,1,0,4,4,4,1,1,1,0,0,0,0,0,0,0,0,0,0,0,0,7,7,3,1,1,0,5,5,5,1,1,1,0,0,0,0,0,0,0,0,0,0,0,0,1,0,1,1,0,0,0,0,1,0,0,1,0,0,0,0,0,0,0,0,0,0,0,0,0,0,1,0,0,1,1,0,1,1,0,0,0,0,0,0,0,0,1
MKW0441,0,0,0,0,0,0,4,4,4,1,1,1,3,3,3,1,1,1,0,0,0,0,0,0,0,0,0,0,0,0,4,4,4,1,1,1,3,3,3,1,1,1,0,0,0,0,0,0,0,0,0,0,0,0,8,8,8,1,1,1,7,7,7,1,1,1,0,0,0,0,0,0,1,1,1,1,1,1,2,1,0,1,0,0,2,2,1,1,1,0,1,1,1,1,1,1,1,1,1,1,1,1,1,1,0,1,1,0,2,1,1,1,0,0,0,1,1,0,1,1,0
BEH0615,0,0,0,0,0,0,4,4,2,1,1,0,3,3,3,1,1,1,0,0,0,0,0,0,0,0,0,0,0,0,3,3,1,1,1,0,3,3,3,1,1,1,0,0,0,0,0,0,0,0,0,0,0,0,9,9,5,1,1,0,7,7,7,1,1,1,0,0,0,0,0,0,0,0,0,0,0,0,3,2,1,1,0,0,2,2,1,1,1,0,0,0,0,0,0,0,0,0,0,0,0,0,2,2,1,1,1,0,3,2,1,1,0,0,0,0,0,0,0,0,0
JMD0520,0,0,0,0,0,0,4,4,4,1,1,1,4,4,4,1,1,1,2,2,2,1,1,1,0,0,0,0,0,0,4,4,4,1,1,1,4,4,4,1,1,1,2,2,2,1,1,1,0,0,0,0,0,0,12,12,12,1,1,1,14,14,14,3,3,3,12,12,12,2,2,2,1,1,1,1,1,1,3,2,1,1,0,0,2,2,1,1,1,0,1,1,1,1,1,1,1,1,1,1,1,1,2,2,1,1,1,0,3,2,2,1,0,0,1,0,0,1,0,0,0
GHH0288,0,0,0,0,0,0,3,3,3,1,1,1,6,6,6,1,1,1,1,1,1,1,1,1,0,0,0,0,0,0,3,3,3,1,1,1,6,6,6,1,1,1,1,1,1,1,1,1,0,0,0,0,0,0,10,10,10,1,1,1,11,11,11,2,2,2,1,1,1,1,1,1,1,1,1,1,1,1,2,1,0,1,0,0,1,1,0,1,1,0,1,1,1,1,1,1,1,1,1,1,1,1,1,1,0,1,1,0,2,1,1,1,0,0,2,1,1,1,0,0,0
NOB0181,0,0,0,0,0,0,2,2,2,1,1,1,4,4,4,1,1,1,1,1,1,1,1,1,0,0,0,0,0,0,2,2,2,1,1,1,4,4,4,1,1,1,1,1,1,1,1,1,0,0,0,0,0,0,12,12,12,2,2,2,12,12,12,4,4,4,9,9,9,1,1,1,0,0,0,0,0,0,3,2,1,1,0,0,2,2,1,1,1,0,1,1,1,1,1,1,0,0,0,0,0,0,1,1,0,1,1,0,1,0,0,1,0,0,2,1,1,1,0,0,0
CAA0612,0,0,0,0,0,0,2,2,0,1,1,0,2,2,2,1,1,1,0,0,0,0,0,0,0,0,0,0,0,0,2,2,0,1,1,0,2,2,2,1,1,1,0,0,0,0,0,0,0,0,0,0,0,0,11,11,7,3,3,2,12,12,12,8,8,8,0,0,0,0,0,0,0,0,0,0,0,0,2,1,0,1,0,0,1,1,0,1,1,0,0,0,0,0,0,0,0,0,0,0,0,0,0,0,1,0,0,1,1,0,1,1,0,0,0,0,0,0,0,0,0
BRB0355,0,0,0,0,0,0,3,0,1,1,0,0,4,0,0,1,0,0,0,1,1,0,1,1,0,0,0,0,0,0,3,0,1,1,0,0,4,0,0,1,0,0,0,1,2,0,1,1,0,0,0,0,0,0,8,1,2,1,0,0,8,1,5,1,0,0,0,5,11,0,1,1,0,0,1,0,0,1,3,0,0,1,0,0,2,0,0,1,0,0,0,1,1,0,1,1,0,0,1,0,0,1,1,0,0,1,0,0,2,1,0,1,0,0,0,2,2,0,1,1,0
RRC0553,0,0,0,0,0,0,3,3,1,1,1,0,2,2,0,1,1,0,0,0,0,0,0,0,0,0,0,0,0,0,3,3,1,1,1,0,2,2,0,1,1,0,0,0,0,0,0,0,0,0,0,0,0,0,27,27,19.25,25,25,24,27,27,19,27,27,25.25,0,0,0,0,0,0,0,0,0.75,0,0,0.75,2,0,1,1,0,0,1,0,1,1,0,0,0,0,0.75,0,0,0.75,0,0,0.75,0,0,0.75,0,0,1,0,0,1,1,0,0,1,0,0,1,0,0.75,1,0,0,0
TDS0984,0,0,0,0,0,0,2,1,0.5,1,0.5,0.25,2,1,0.5,1,0.5,0.25,0,0,0,0,0,0,0,0,0,0,0,0,2,1,0.5,1,0.5,0.25,2,1,0.5,1,0.5,0.25,0,0,0,0,0,0,0,0,0,0,0,0,27,13.5,6.75,27,13.5,6.75,27,13.5,6.75,24,12,6,0,0,0,0,0,0,0,0,0,0,0,0,3,1,0.5,1,0,0,2,1,0.5,1,0.5,0.25,0,0,0,0,0,0,0,0,0,0,0,0,2,1,0.5,1,0.5,0.25,3,1,0.5,1,0,0,0,0,0,0,0,0,0
LRR0148,0,0,0,0,0,0,3,3,1,1,1,0,4,4,2,1,1,0,0,0,0,0,0,0,0,0,0,0,0,0,3,3,1,1,1,0,4,4,2,1,1,0,0,0,0,0,0,0,0,0,0,0,0,0,9,9,2.25,1,1,0,10,10,3,1,1,0,0,0,0,0,0,0,0,0,0,0,0,0,3,2,0.75,2,1,1,2,1.5,0.75,1,0.5,0,0,0,0,0,0,0,0,0,0,0,0,0,1,1,0,1,1,0,2,1,0.75,1,0,0,0,0,1,0,0,1,0
CLB0774,0,0,0,0,0,0,9,9,9,4,4,4,9,9,9,5,5,5,4,4,4,3,3,3,0,0,0,0,0,0,9,9,9,4,4,4,9,9,9,5,5,5,4,4,4,3,3,3,0,0,0,0,0,0,25,25,25,6,6,6,26,26,26,11,11,11,18,18,18,4,4,4,1,1,1,1,1,1,2,1,0,1,0,0,1,1,0,1,1,0,1,1,1,1,1,1,1,1,1,1,1,1,1,1,0,1,1,0,1,0,0,1,0,0,1,0,0,1,0,0,0
JDF0593,0,0,0,0,0,0,9,9,9,3,3,3,9,9,9,5,5,5,8,8,8,1,1,1,0,0,0,0,0,0,9,9,9,3,3,3,9,9,9,5,5,5,8,8,8,1,1,1,0,0,0,0,0,0,7,7,7,1,1,1,9,9,9,1,1,1,3,3,3,1,1,1,1,1,1,1,1,1,3,2,1,1,0,0,2,2,1,1,1,0,2,2,2,1,1,1,1,1,1,1,1,1,2,2,1,1,1,0,1,0,0,1,0,0,2,1,1,1,0,0,0
CGB0637,0,0,0,0,0,0,4,4,4,1,1,1,5,5,5,1,1,1,4,4,4,1,1,1,0,0,0,0,0,0,4,4,4,1,1,1,5,5,5,1,1,1,4,4,4,1,1,1,0,0,0,0,0,0,12,12,12,1,1,1,11,11,11,2,2,2,13,13,13,1,1,1,0,0,0,0,0,0,2,1,0,1,0,0,1,1,0,1,1,0,0,0,0,0,0,0,0,0,0,0,0,0,0,0,1,0,0,1,0,1,1,0,1,1,1,0,0,1,0,0,0
BJM0111,0,0,0,0,0,0,9,9,9,3,3,3,9,9,9,5,5,5,7,7,7,1,1,1,0,0,0,0,0,0,9,9,9,2,2,2,9,9,9,5,5,5,7,7,7,1,1,1,0,0,0,0,0,0,26,26,26,4,4,4,24,24,24,17,17,17,23,23,23,1,1,1,1,1,1,1,1,1,2,1,0,1,0,0,0,0,1,0,0,1,1,1,1,1,1,1,1,1,1,1,1,1,1,1,0,1,1,0,0,1,1,0,1,1,2,1,1,1,0,0,0
KWE0082,0,0,0,0,0,0,4,4,2,1,1,0,4,4,2,1,1,0,0,0,0,0,0,0,0,0,0,0,0,0,4,4,2.5,1,1,0,4,4,2,1,1,0,0,0,0,0,0,0,0,0,0,0,0,0,13,13,6.5,1,1,0,13,13,5.5,4,4,3,0,0,0,0,0,0,0,0,0,0,0,0,2,0,0,1,0,0,1,0,0.5,1,0,0,0,0,1,0,0,1,0,0,0,0,0,0,0,0,1,0,0,1,1,0,0,1,0,0,0,1,1,0,1,1,0
JCR0172,0,0,0,0,0,0,2,2,0,1,1,0,2,2,2,1,1,1,0,0,0,0,0,0,0,0,0,0,0,0,2,2,0,1,1,0,2,2,2,1,1,1,0,0,0,0,0,0,0,0,0,0,0,0,11,11,7,1,1,0,11,11,11,2,2,2,0,0,0,0,0,0,0,0,0,0,0,0,2,1,0,1,0,0,1,1,0,1,1,0,0,0,0,0,0,0,0,0,0,0,0,0,0,0,1,0,0,1,1,0,1,1,0,0,0,0,0,0,0,0,0
ATE0869,0,0,0,0,0,0,2,2,0,1,1,0,3,3,3,1,1,1,0,0,0,0,0,0,0,0,0,0,0,0,2,2,0,1,1,0,3,3,3,1,1,1,0,0,0,0,0,0,0,0,0,0,0,0,10,10,6,1,1,0,9,9,9,1,1,1,0,0,0,0,0,0,1,1,1,1,1,1,3,2,1,1,0,0,2,2,1,1,1,0,1,1,1,1,1,1,1,1,1,1,1,1,1,1,0,1,1,0,2,1,0,1,0,0,1,1,1,1,1,1,0
IBS0836,0,0,0,0,0,0,4,4,4,1,1,1,4,4,4,1,1,1,2,2,2,1,1,1,0,0,0,0,0,0,4,4,4,1,1,1,4,4,4,1,1,1,2,2,2,1,1,1,0,0,0,0,0,0,8,8,8,1,1,1,9,9,9,1,1,1,7,7,7,1,1,1,1,1,1,1,1,1,3,2,1,1,0,0,2,2,1,1,1,0,2,2,2,1,1,1,1,1,1,1,1,1,1,1,0,1,1,0,1,0,0,1,0,0,2,1,1,1,0,0,0